score,param_M1_W,param_M1_L,param_M3_W,param_M3_L,param_M5_W,param_M5_L,param_M6_W,param_M6_L,param_M7_W,param_M7_L,param_M8_W,param_M8_L,param_Cc,param_Rc,param_VBIAS,gain_db,gbw_mhz,phase_margin,dc_gain_db,gbw_hz
0.13595894999999997,2e-05,1e-06,4e-06,1e-06,8e-06,1e-06,4e-05,5e-07,4e-05,1e-06,4e-06,1e-06,3e-12,700.0,0.57,61.87214,15.628473037002655,72.89134910894667,61.87214,15628473.037002655
0.39441862499999997,1.8898613508022225e-05,5.176401798288176e-07,3.4809477020238233e-06,6.813280348997441e-07,1.3086734121169008e-05,1.2775670193203076e-06,6.88930827424685e-05,3.858795825176501e-07,3.589651131859387e-05,5.210863753886443e-07,2.8434878825698823e-06,1.0074516319536857e-06,1.0436331049488575e-12,458.488945892643,0.6599537751118093,27.41085,21.191940619610566,79.01677055123581,27.41085,21191940.619610567
0.3465550194848615,1.5527487881313073e-05,6.787166188579476e-07,6.556522704635449e-06,1.5356622131868923e-06,4.042056961672511e-06,1.5279936031840997e-06,5.264435314396672e-05,4.723861131598757e-07,2.4810640843358998e-05,1.88481920499496e-06,3.4379494467203216e-06,5.686022396632358e-07,1.1684277055433038e-12,1301.7426762516977,0.6414904125467564,34.54482,9.774353220605537,74.49186960902678,34.54482,9774353.220605537
0.2644137,2.6784248530909438e-05,1.3750304556868025e-06,5.891995776210849e-06,1.9268329870744803e-06,7.356041430701776e-06,1.0748097118549875e-06,6.315116411138527e-05,5.899258281374616e-07,6.604337283748619e-05,1.1131934233678318e-06,6.215907958704844e-06,5.327936404623768e-07,1.4430921315938342e-12,576.2043526827393,0.431916790769451,44.74484,21.128202101151718,67.91591999047233,44.74484,21128202.10115172
0.4581345408118394,8.113367029426896e-06,5.7514708637566e-07,3.5016596194597526e-06,1.206952490832094e-06,7.195595492129946e-06,8.35297447300683e-07,2.674027053673191e-05,4.455403775681783e-07,7.327439623260362e-05,1.2277959111900776e-06,5.330823423565726e-06,6.338780852506319e-07,3.2332386457504473e-12,412.4232418905069,0.5517821767030592,31.00256,6.3738503675264235,85.22748535930154,31.00256,6373850.367526423
0.13049422500000002,3.913800047623295e-05,1.2141944801739546e-06,6.1432068960378255e-06,1.2916619146239706e-06,1.5530598830961643e-05,1.4661165774096697e-06,2.747455556397029e-05,3.693469045952398e-07,3.097074518715555e-05,7.247130366827785e-07,2.808669736575327e-06,1.8478138534028513e-06,4.0978370399522825e-12,609.0812450380213,0.662175466117952,62.60077,15.736161591625013,69.14644210020448,62.60077,15736161.591625012
1008330.8284306759,1.138311734078429e-05,1.7765707942146697e-06,5.041426936432265e-06,7.218446717092394e-07,5.949017157214117e-06,1.0887979595773262e-06,2.8788312358269756e-05,5.741556023089002e-07,6.9434167564409e-05,8.698273698733436e-07,2.8466143061284335e-06,1.9931844349709195e-06,2.2706154870811922e-12,318.182235825932,0.41884655016989386,22.86964,1.6691715693240512,92.06391952026061,22.86964,1669171.5693240513
1007374.6298269384,6.2804828790610165e-06,1.1932464823712165e-06,9.866155701631242e-06,8.97709105529053e-07,4.43061437654225e-06,8.486482278452008e-07,7.957100167980289e-05,5.492786699100173e-07,7.68559394019703e-05,1.6489634309228724e-06,2.037299532933726e-06,1.3579624985583513e-06,2.995677790204824e-12,898.0614295314338,0.5067300759810172,31.9983,2.625370173061589,89.75364305053415,31.9983,2625370.173061589
0.4577910080049029,1.8959033182277028e-05,5.836212615189988e-07,4.802597884108723e-06,9.378619037427067e-07,1.8567298279960146e-05,1.6837826029591544e-06,2.8814162777997355e-05,5.369075370078734e-07,2.5620591102947556e-05,1.7718490227148025e-06,8.118884519841886e-06,7.562261184316218e-07,2.7964466038268597e-12,991.661274869624,0.46113570741985394,24.76832,8.257863679803883,77.56198182680055,24.76832,8257863.679803883
1007924.4647562178,2.4411016982916007e-05,1.0561085012494266e-06,9.602313165868741e-06,1.0429770006275534e-06,4.003683420148716e-06,7.836667078081243e-07,2.0547366290782897e-05,7.559660192465291e-07,6.76197065631877e-05,1.5837351135770507e-06,3.2807500583899527e-06,5.418067727856108e-07,4.10868052344822e-12,1431.0342788873922,0.43426138082715154,23.47375,2.0755352437822605,90.85559094238972,23.47375,2075535.2437822607
0.49130855220038616,1.3736089931530901e-05,5.503514215693242e-07,9.259840100715831e-06,1.4456004481995607e-06,4.918150040262593e-06,9.663145275743858e-07,4.285926731002185e-05,4.448574036563663e-07,6.703274818547491e-05,8.98927008143174e-07,2.8123579010525173e-06,1.0559870757003283e-06,3.2374265388223083e-12,461.49638240660465,0.524686516520358,29.05964,5.629765911984554,87.45879079937117,29.05964,5629765.911984554
1001738.6077474079,3.9598562807056096e-05,1.2309363084261047e-06,4.834976956608534e-06,1.0246645485509664e-06,4.860022665156031e-06,6.827336069281675e-07,3.1957867093916734e-05,5.758648921200481e-07,2.7515212396025203e-05,6.785066068804818e-07,2.2420847941636427e-06,1.1993110781461416e-06,1.4455177857317912e-12,1377.0460169079663,0.7438541601014986,48.11924,22.877171893296527,58.26139225259219,48.11924,22877171.89329653
1006501.3520923324,5.793760886431026e-06,6.954454537992299e-07,7.698862007662481e-06,6.729044722629528e-07,4.94927977860181e-06,1.8289662854313155e-06,4.413998644719916e-05,5.250720460455249e-07,5.934962229885356e-05,1.5315516227951612e-06,2.717195047370249e-06,5.719106309678155e-07,2.0012062328120613e-12,750.652209925897,0.58680986721467,28.42557,3.4986479076675034,87.58507456710062,28.42557,3498647.907667503
0.2982351,2.2771471917695357e-05,1.2716741927460776e-06,1.4528970732298215e-05,5.730908400301537e-07,7.646808084318851e-06,8.002957821272151e-07,6.604022670116785e-05,4.39069637386285e-07,2.6034375796108284e-05,9.312413956729426e-07,3.943779337515188e-06,7.356494112208009e-07,1.494883037493762e-12,1400.2452790588165,0.5772522980213828,40.23532,20.03784313481119,75.01986511197187,40.23532,20037843.13481119
1060000.0,2.9980975267964953e-05,1.0722569186682335e-06,2.2146131951619214e-06,1.998011569133258e-06,1.5360954264553623e-05,1.9158604959677577e-06,7.22367990671837e-05,7.089564549791558e-07,2.518600362154882e-05,9.802911821379928e-07,2.8211939660792354e-06,8.7180693498829e-07,1.0989663274904827e-12,692.6650546699909,0.7941235375118905,-25.6403,0.0,0.0,-25.6403,0.0
1005436.2434403102,8.679050806283054e-06,1.4826121134856427e-06,5.002535651983256e-06,8.987644537477537e-07,1.8672235100953642e-05,1.9873491808433074e-06,4.321513436323478e-05,6.389067855964792e-07,2.4787171461334346e-05,7.544073573114672e-07,9.508867256370237e-06,1.116018220758542e-06,2.393195525911658e-12,1172.3682284927834,0.4228661091629933,34.36166,4.563756559689798,87.69878901623042,34.36166,4563756.559689798
0.4594364460069353,1.6847479652148417e-05,1.0039592871183028e-06,1.1148389708615903e-05,6.219478217884117e-07,1.8776542539756062e-05,5.587298993406443e-07,2.5876633217665698e-05,5.789662255396302e-07,5.099744988262518e-05,6.927505181995904e-07,2.4256444514044312e-06,1.7178149456882016e-06,1.48626805259454e-12,972.8748995934735,0.6477526041328413,21.39106,9.205224159722588,86.9750352493175,21.39106,9205224.159722589
0.4062952751905973,1.1955502309207502e-05,1.122989609007808e-06,5.734517721640241e-06,1.826918803434239e-06,5.556880338727443e-06,1.3494612980809096e-06,2.7844104705817157e-05,4.938056783652427e-07,5.074903698428593e-05,7.578552152551658e-07,3.326812862347169e-06,1.4178736582702592e-06,1.1238425243349644e-12,795.771179404162,0.799381776341777,34.71871,7.332575992376107,79.68357476070022,34.71871,7332575.992376107
1008886.4788733233,3.967662588351918e-05,5.534486767815304e-07,3.0729329019006697e-06,7.221652118240064e-07,1.7963059267416394e-05,1.6955206407196826e-06,6.767113025859334e-05,4.835594455674972e-07,2.4888748098231725e-05,1.5883071264169555e-06,6.20559316585147e-06,1.167445766596964e-06,4.898310359293968e-12,1050.1692130239524,0.4031292428608632,6.659747,1.1135211266767155,114.60098213257025,6.659747,1113521.1266767154
1008315.3508242682,2.7345669908007183e-05,7.572058721852187e-07,7.612648240437888e-06,1.8376474418906677e-06,4.965070873053096e-06,5.867660646161772e-07,2.319915013500667e-05,5.599555280763211e-07,2.9174267319175742e-05,1.1564153419786038e-06,6.347743789109906e-06,6.630523222155503e-07,2.775321556036475e-12,543.1790721195323,0.5954127408597507,46.16626,17.203235205770003,51.68464917573185,46.16626,17203235.205770005
1008449.1998656391,3.285264375127218e-05,1.6157538470123369e-06,2.4087781854287533e-06,8.994727905758525e-07,6.24383141770007e-06,5.024637345157181e-07,5.8249208488734067e-05,5.987498909457687e-07,2.875694711202048e-05,1.397125690524908e-06,4.860020061907408e-06,9.046137549873054e-07,1.0156845118999376e-12,297.81701809589714,0.7532425573200572,10.48459,1.5508001343609485,103.59406527732183,10.48459,1550800.1343609486
0.34267605,3.27566021734666e-05,1.0652415285793253e-06,1.0748596705804794e-05,1.1211809469989588e-06,5.076601868350123e-06,5.966228090937808e-07,3.0663379297989644e-05,7.38002837149002e-07,6.030362002914688e-05,1.6487871474482006e-06,8.498677566721635e-06,6.690347613388999e-07,1.4942174464193139e-12,333.63170817332133,0.7120464967485771,34.30986,14.034387286061769,61.63866449960103,34.30986,14034387.28606177
0.4621370974498751,3.143570469374381e-05,8.782811707760715e-07,6.984685258716557e-06,6.194701524502788e-07,1.7865654413271395e-05,1.6577326922438687e-06,7.740421158029184e-05,6.878092108730153e-07,6.787274724063813e-05,5.174791798489926e-07,6.5443492433211595e-06,7.92438531115695e-07,4.4731388979824615e-12,1242.9056806182807,0.7456256113501118,31.93096,5.935228102004998,95.39656091373303,31.93096,5935228.102004997
0.419997825,2.6986688373033026e-05,7.237741159402337e-07,9.773068176278168e-06,5.808313595487166e-07,1.6280900095943044e-05,1.6439728834813706e-06,2.7223780703719337e-05,6.910102938207398e-07,3.7858217078796686e-05,7.633315540044965e-07,7.193705304595541e-06,6.854821362601191e-07,1.0388210230091501e-12,451.06872482602125,0.5313047804790827,24.00029,16.744580070129288,72.940570192056,24.00029,16744580.070129288
1005518.587465497,3.016883164695693e-05,1.9102721755810724e-06,3.5097926845550425e-06,1.216691556887993e-06,7.610675294298416e-06,1.9484128112929203e-06,4.205949316148268e-05,7.621109254684203e-07,2.346781466651291e-05,1.9195940176248977e-06,2.6658980863451373e-06,1.8987745677753995e-06,1.5330383690645194e-12,340.9233113791244,0.5738255034258578,31.40869,4.481412534503029,78.4482381529473,31.40869,4481412.534503029
1004160.1381995183,2.274635190105521e-05,7.723649645356462e-07,6.784219341638215e-06,1.0159617727542207e-06,7.435326517642554e-06,1.1120148753236604e-06,2.8470049713625398e-05,6.340162186377867e-07,2.004694720407428e-05,1.8039387201054235e-06,4.757642339482345e-06,1.3555327770890536e-06,3.300660448669253e-12,1071.8170557628994,0.5456885887125057,54.54596,14.053290847449672,55.839861800481685,54.54596,14053290.847449671
0.45861852276832876,5.783125972135592e-06,1.2556856731262472e-06,3.890229800504513e-06,7.726201935569123e-07,1.566019750075134e-05,1.3561422601742576e-06,3.0327877544274097e-05,4.608488958536683e-07,3.522954439241603e-05,8.734522700659063e-07,3.2187267835093155e-06,5.964923737719652e-07,1.96733978986713e-12,1422.472771949238,0.6709271781090932,35.23184,5.085707089266851,87.14796467904667,35.23184,5085707.089266851
0.2545878,3.2680196024952325e-05,1.1736724471110977e-06,3.6675798086717326e-06,1.0687129652361673e-06,4.002614192834414e-06,7.442336016363842e-07,3.62951379597478e-05,5.72049967265662e-07,4.956807552446868e-05,9.526224017785744e-07,4.07461361957574e-06,6.724052071142331e-07,2.1416226454378677e-12,1371.5350735767304,0.7184099040507121,46.05496,13.842641056232289,78.2491908912788,46.05496,13842641.056232288
0.3949714916949378,7.11568321091783e-06,5.623698181156179e-07,5.650437593197509e-06,1.2023706609008973e-06,6.860354022461814e-06,1.5549270841897023e-06,5.665786643117837e-05,6.160551891966658e-07,2.7307198864618313e-05,6.589586601104725e-07,2.080188106816065e-06,7.020691733031988e-07,2.1483550278242704e-12,1304.6590030121515,0.4291312916738277,33.54818,8.13668633220249,88.12535066448842,33.54818,8136686.33220249
1007154.6436991886,1.1837160372393876e-05,1.1970892863741404e-06,2.959189242826053e-06,1.3128558338402704e-06,8.863694994672607e-06,7.012344986010128e-07,4.9661093269274795e-05,3.6159746262173887e-07,5.664422796597667e-05,1.4540656195566807e-06,2.3742766356546027e-06,9.014331356043285e-07,1.3272096009154134e-12,1445.3558549634017,0.6071831001774963,17.54926,2.8453563008114364,95.53849296465309,17.54926,2845356.3008114365
0.41719522351442406,5.55036731611224e-06,7.063213248613904e-07,1.1050356051220917e-05,9.414286417502237e-07,1.4528679951399237e-05,1.2615133424952869e-06,7.866843623623422e-05,5.791591385380656e-07,7.464673798527158e-05,1.7205285734268098e-06,5.361120790631502e-06,1.3552395875173498e-06,2.253329985897701e-12,1279.7399206378395,0.6191487802443314,33.67632,7.209295059423039,87.77906671754795,33.67632,7209295.059423039
0.311115,3.230201828335047e-05,1.401829494796167e-06,5.204742020682836e-06,7.161745201663524e-07,5.954881885657516e-06,1.2102649148604564e-06,5.7822355008880043e-05,5.458618621611267e-07,4.768372275300198e-05,7.316344402552322e-07,2.2656276480447834e-06,7.430114259858653e-07,1.5485338727054986e-12,615.622438944391,0.6160608890073827,38.518,12.529585241386735,79.64061487499096,38.518,12529585.241386736
0.4182798471400628,6.6670580071914344e-06,6.889747229139495e-07,8.096150918302508e-06,1.3313023746454313e-06,4.435616919335511e-06,8.797702608628786e-07,4.24340471112916e-05,5.017504864940901e-07,2.664137934172267e-05,8.952031609342679e-07,8.579953828827088e-06,1.1236235975889554e-06,3.0630190996673776e-12,1313.7516419951146,0.7062378304472279,39.25903,5.4910971143974905,85.73020911464845,39.25903,5491097.11439749
1010139.5607400122,1.1027785314408745e-05,5.041036016857715e-07,4.062940833237678e-06,1.4210430391026195e-06,1.5797723526562296e-05,1.8749611165770933e-06,3.575246131896157e-05,6.539304800390462e-07,4.2641690074404426e-05,1.1538895833322215e-06,2.852199686380335e-06,6.777585294200494e-07,2.016676669514507e-12,237.73226593072982,0.534451817479353,55.10654,21.70270970227254,49.860439259987736,55.10654,21702709.702272538
0.5183012832039797,2.052561792506474e-05,8.757757079107515e-07,2.789036813205364e-06,9.557997520673001e-07,4.912108978348725e-06,1.1846935524387544e-06,2.076181980735157e-05,4.931099830944963e-07,4.37348688044113e-05,5.191430713089402e-07,5.627204780489978e-06,6.034888304283203e-07,2.102390393441919e-12,265.3700235352158,0.5516415456752559,27.48178,5.0234146718408095,86.90465141778314,27.48178,5023414.671840809
0.37820174623069724,7.764585698192017e-06,7.865942851256592e-07,9.271555995734777e-06,8.457202517326638e-07,1.3418139447707509e-05,1.5843033197942485e-06,2.8373479133195454e-05,3.843320101057626e-07,2.054470441619867e-05,1.0561670920298499e-06,9.998516667107469e-06,8.122077437830822e-07,2.8472868324040798e-12,1215.6029644941634,0.6607018620975558,38.46353,7.332871150772111,80.6204667110299,38.46353,7332871.1507721115
0.42153682194633924,2.399443117550287e-05,1.8650618381993153e-06,2.988703321586375e-06,5.143277980140968e-07,5.111762647868126e-06,5.956108539175241e-07,5.0592295145752964e-05,5.647810212738534e-07,2.7055634621483014e-05,1.3185295849249338e-06,6.87177233678991e-06,6.309415589746655e-07,2.657344029696099e-12,1172.3033475418715,0.44581314855155907,35.05224,6.6228551221464285,84.90362115051276,35.05224,6622855.122146429
0.17299844999999997,2.747088755181057e-05,1.9045386240628544e-06,2.4866978800355574e-06,5.181195229307172e-07,6.608589070567665e-06,1.2787148418108122e-06,7.549314641218694e-05,4.941482906975628e-07,5.389044164849184e-05,5.5555165170315e-07,6.0778329177204874e-06,1.1929096603954364e-06,1.1782188209596387e-12,1204.2251504365913,0.7401172956355185,56.93354,21.813325288941623,72.04470925061466,56.93354,21813325.28894162
0.31828387212703424,1.7425920234100394e-05,5.913606407369836e-07,1.451958076680578e-05,1.4796651126174716e-06,6.994312119151963e-06,9.054808445980332e-07,3.342996286658946e-05,5.392167458674756e-07,3.2097531507544196e-05,1.6235493680309505e-06,7.513021662367831e-06,5.787762956837162e-07,4.694201090768687e-12,1026.2606379318797,0.7314829244009833,42.73639,8.447728114918629,74.2972217296426,42.73639,8447728.114918629
0.2476517278475287,2.176373144090629e-05,9.144487931425612e-07,8.77295378334372e-06,1.9065276607499003e-06,6.177880239706802e-06,1.533043291371824e-06,4.2173764739276364e-05,5.296309850379569e-07,3.6582381219321244e-05,1.3775001048513563e-06,3.0805653490401703e-06,1.628367485768325e-06,3.807641607557516e-12,312.6617674723767,0.7526524736011089,54.23765,7.82263588609885,69.5819949771719,54.23765,7822635.8860988505
1007908.2784528284,8.302342288170402e-06,9.522530661358654e-07,6.840811568398559e-06,8.455597496402657e-07,4.1890971174479736e-06,1.6266520377971124e-06,2.573407121626069e-05,4.2644498394298433e-07,6.0446747507728456e-05,8.014462576371737e-07,8.247973477290471e-06,1.3216750357716895e-06,1.5599240276265783e-12,213.19644877028026,0.7792250311108125,24.75891,2.091721547171569,89.65700063104146,24.75891,2091721.5471715692
1006247.6694578126,5.974288803534035e-06,1.356744751981242e-06,5.352609290943811e-06,1.4303114294077616e-06,1.2155566520534522e-05,1.2241715961315077e-06,3.949425122433101e-05,6.780811894604388e-07,2.275378735561912e-05,6.79804963632008e-07,6.089315363568739e-06,7.644065577899861e-07,2.54970484961347e-12,815.2386353873821,0.6123687724583071,36.77914,3.752330542187412,85.04653518457931,36.77914,3752330.542187412
0.3915686608348986,1.211262402657384e-05,1.4062673281232237e-06,3.894867124833882e-06,1.3247405944232447e-06,6.186178502906782e-06,7.084840858330519e-07,2.3641339331031877e-05,4.1984436032393994e-07,2.3605278144140033e-05,1.050974693364045e-06,6.8198947182331715e-06,6.463106567262069e-07,1.4165971792003864e-12,829.4581633765213,0.6898340004372207,34.46644,7.997321566604054,73.85260235671475,34.46644,7997321.566604054
0.280004625,3.810079414870272e-05,1.0347438961045395e-06,3.537294334415816e-06,5.747682265141354e-07,5.466915430847631e-06,6.853754053881644e-07,2.5648653464183178e-05,3.6409018997164136e-07,4.193835222689233e-05,7.313442973937824e-07,9.594733753088725e-06,1.0767758313657684e-06,3.072372280312321e-12,364.16334084593154,0.7473844789051777,42.66605,12.577094593334175,73.85433038274928,42.66605,12577094.593334176
1006268.5178151405,1.3876426452733716e-05,1.6764848780087329e-06,6.358744235893931e-06,9.584624982906646e-07,8.127078769811117e-06,6.456066485028229e-07,2.1476418664056577e-05,7.632232290825873e-07,3.878391318428325e-05,1.5629063029400406e-06,3.811645287500256e-06,5.540792867072319e-07,2.7539983043103097e-12,269.6917965802931,0.45967903378946207,29.56051,3.7314821848595012,81.7029474474394,29.56051,3731482.184859501
0.43069567019973654,1.6116280172406914e-05,7.618986603661866e-07,1.4817305795717953e-05,5.892301363434557e-07,1.3689356374841652e-05,1.1588029821670294e-06,5.985541038942444e-05,4.3109002686726763e-07,4.1271477018511996e-05,9.336986678076283e-07,4.078295571538813e-06,1.6475626564462002e-06,4.9204197656687734e-12,596.9943176151685,0.6484109284288595,34.09839,6.542656192010539,86.67108514583208,34.09839,6542656.192010539
1006145.672836311,1.7763215186389557e-05,1.3949163514517105e-06,1.3496758391078657e-05,6.669154662145763e-07,5.617722377890568e-06,1.249071683179709e-06,2.486496131792455e-05,4.135984135581491e-07,2.219338514486487e-05,5.018581136344696e-07,4.129700649826045e-06,1.1388852473612324e-06,1.5980174099389836e-12,500.9191049228336,0.6827823319516133,25.87056,3.854327163688986,84.7872320728122,25.87056,3854327.163688986
0.24154125,2.1569050587517526e-05,9.382619421003542e-07,7.989763279849743e-06,1.7997818994392266e-06,1.4214387497095554e-05,1.189302748943572e-06,5.001518190951532e-05,7.587296193844885e-07,3.605696413476313e-05,1.0637246547765335e-06,5.671621512030548e-06,1.761522485190575e-06,3.7825997127794585e-12,292.8327879125584,0.46636911568828987,47.7945,13.795716855660181,66.01000785612791,47.7945,13795716.855660181
1006629.5827261804,9.479188338460022e-06,1.4121716350648157e-06,6.296816470566539e-06,7.459863702168627e-07,4.886292583908597e-06,1.2989590790221413e-06,5.276083400883328e-05,7.642066712758776e-07,4.002619163031856e-05,9.914352359356527e-07,2.276441200950692e-06,5.284070309993072e-07,2.0043570005795023e-12,619.01805836579,0.5001471609648016,31.0328,3.370417273819531,87.14194192511624,31.0328,3370417.273819531
1007737.907894076,6.045697332782099e-06,1.89713481577012e-06,1.0778169186358766e-05,1.109875782131935e-06,1.8476983885670626e-05,1.998814839146951e-06,5.0790658148457045e-05,4.4644252110419353e-07,2.114715149158022e-05,1.4265572649396005e-06,4.264773374110052e-06,1.2337233995171621e-06,4.3682491447034365e-12,435.9358913900637,0.6341318501111418,44.14772,2.2620921059240207,84.4634542027852,44.14772,2262092.1059240205
0.21410137499999998,1.871706413004996e-05,9.885950613067055e-07,2.403658088804258e-06,8.099597447992349e-07,6.839629246361063e-06,1.2659908863074054e-06,6.568054912144232e-05,4.684619093972008e-07,5.2319449026506e-05,7.455802713381656e-07,9.155707888252136e-06,1.5444916480144643e-06,2.4238237083420484e-12,791.2736811822483,0.5258068628680672,51.45315,15.020001835287857,83.39704791703336,51.45315,15020001.835287858
0.28177490624267887,9.792990287443287e-06,1.9190196092747733e-06,4.515521679102439e-06,1.0204408117261704e-06,1.9621205357527337e-05,1.244288281180666e-06,4.243301495281013e-05,5.007391952489354e-07,2.593975912345773e-05,8.256250897513357e-07,6.757111266598397e-06,1.1898811546222618e-06,3.3978999595206427e-12,464.62570985535604,0.6196878556341328,56.58739,5.752786750292845,80.4987570435986,56.58739,5752786.750292845
0.3530415,3.441454133950269e-05,9.177875809432267e-07,8.166604963236232e-06,5.916648797409265e-07,1.9154041559789467e-05,1.1629131325231258e-06,2.7867719065257305e-05,4.085319867456509e-07,4.2920831157460466e-05,1.0751238171935536e-06,2.3237019984123692e-06,1.978647037139456e-06,4.3462089432839434e-12,799.8822624324184,0.44698645963582306,32.9278,11.288574372906321,86.0568056470843,32.9278,11288574.372906322
0.36210794298772925,2.8214357979870662e-05,9.977505052499653e-07,8.474260447537337e-06,1.0123751709654676e-06,6.211203988219379e-06,1.5904641920096898e-06,7.783878900368304e-05,4.3734617140737104e-07,4.2946190189821356e-05,8.509651922740246e-07,8.818367227873393e-06,1.0114898080965965e-06,4.117396361201464e-12,1323.2350147571647,0.5104989611288164,41.65712,7.018546280490829,94.57864394758698,41.65712,7018546.28049083
0.4143717,2.584738888174702e-05,8.887717384361924e-07,1.3138765921181466e-05,1.010784433609023e-06,1.4983023481849207e-05,7.400414410521785e-07,3.025370222441139e-05,5.75234808471046e-07,7.987835743420049e-05,9.857411058249244e-07,2.5403510509584444e-06,1.05494015196073e-06,1.7427347176570786e-12,917.4926421920543,0.6173720251834692,24.75044,11.909269276669779,84.46788812039256,24.75044,11909269.276669778
1009363.3545185246,1.288804869935792e-05,7.810867541908255e-07,2.924909143572418e-06,1.314939893921299e-06,1.0039900103573558e-05,6.91175934819912e-07,5.8607648361571845e-05,3.727681839540095e-07,5.615483723220308e-05,1.3291056257790635e-06,7.3821094480161025e-06,8.539109342894636e-07,2.910037489911236e-12,1266.9718172224216,0.792327255463914,6.708938,0.6366454814754448,116.37037836118687,6.708938,636645.4814754447
0.391616175,1.4005426802136187e-05,5.26329886542299e-07,5.502569341489405e-06,1.133167286870434e-06,1.621639906041897e-05,1.6799062789786673e-06,3.682313401318608e-05,5.478930053098312e-07,3.7681493549003005e-05,1.361208113024589e-06,3.86894675808534e-06,1.2393319445400074e-06,1.2820172291727215e-12,810.3377812801515,0.7876814522296869,27.78451,12.845013630500024,68.68783771700161,27.78451,12845013.630500024
0.256245,1.0109304191979686e-05,1.3062302256824472e-06,7.4075889959834264e-06,1.6284851733718223e-06,1.5769612402588605e-05,1.6456806104863258e-06,3.387025374423794e-05,4.635713914283718e-07,5.4167775701386525e-05,1.4327666072373458e-06,8.143283547777997e-06,5.255129420574681e-07,1.1164108535049183e-12,1020.5093219110327,0.7683716395121187,45.834,15.358345369186852,63.096864642131834,45.834,15358345.369186852
0.5130612009528792,3.9786466285215946e-05,1.407888159943736e-06,4.7949228099039405e-06,5.731109049706249e-07,1.1092532605470696e-05,1.6761583679848677e-06,3.699568735480061e-05,6.265755145836782e-07,6.9975414328316e-05,5.329166958368795e-07,7.202949948121946e-06,7.509223057190816e-07,1.828111489446448e-12,389.24073440921796,0.612466527259504,26.23065,5.608356961884833,88.0093516330763,26.23065,5608356.961884833
1010530.771289485,1.6220116545939122e-05,1.5000794856820534e-06,2.816930307199871e-06,5.578451849998088e-07,1.6246160871922327e-05,1.1805185709782716e-06,2.7926980260969148e-05,7.462084808266982e-07,2.438908172687581e-05,9.475669773337414e-07,3.0099032624134316e-06,7.123476567451207e-07,1.0152395377795089e-12,1246.0230000676902,0.7604837694395532,40.46407,16.512822209678838,49.469228710515004,40.46407,16512822.209678836
0.37665307499999995,2.0460375991304552e-05,6.22416082793831e-07,4.870467146532369e-06,8.072745127978277e-07,1.0298049821844057e-05,1.212409788255725e-06,3.6015498594166706e-05,4.395754560239147e-07,6.455853543750372e-05,6.590382009803086e-07,3.7146597287755296e-06,9.76990285418284e-07,1.464871975228368e-12,943.4995000559605,0.629924772071458,29.77959,16.544024092703,85.07724765918873,29.77959,16544024.092703002
1009921.9581038206,3.9396736623030585e-05,7.528641710219113e-07,1.4347998806052435e-05,1.2452709061942275e-06,6.221764145390414e-06,1.095703940155956e-06,5.1751439241569006e-05,6.524456444840738e-07,2.1407087137478406e-05,1.1589457102123586e-06,4.4486421181850764e-06,1.751159606509529e-06,1.5850432874896503e-12,1238.5181553598784,0.6428259992657064,46.89132,24.439379518185515,50.07804189617948,46.89132,24439379.518185515
0.4510201257569414,1.0402734913233159e-05,1.2085153151109858e-06,6.987918019412892e-06,1.2794545657353157e-06,1.2763427091365683e-05,1.2469149637814345e-06,6.393802734619337e-05,5.94526313893994e-07,6.997343949958298e-05,1.2249146411901565e-06,3.2882498948554826e-06,9.212383533475898e-07,2.541585389503021e-12,1152.0676983210096,0.4360533502984876,34.01005,5.756179969722345,89.56420277803598,34.01005,5756179.969722345
1008604.2928715475,9.23594415417222e-06,1.409283370828548e-06,2.8492189070814726e-06,6.005347334952722e-07,9.529932728200197e-06,1.9224940890182953e-06,4.174793236192676e-05,7.466006304950039e-07,6.324472868112783e-05,7.139723796507066e-07,7.541599017812725e-06,9.75149729469467e-07,3.661940352369536e-12,1170.5271559321586,0.5354861015207546,25.79661,1.3957071284524536,92.86482141605167,25.79661,1395707.1284524535
1006893.3605134441,6.3529964687739055e-06,1.8997197241849829e-06,2.6558344929144185e-06,1.9092425826795482e-06,1.596880685505626e-05,1.364557722917852e-06,7.780616572014166e-05,7.793625710580284e-07,6.101547908571985e-05,8.302110842672483e-07,7.1399139002124495e-06,5.097413557574559e-07,2.3716355335681767e-12,791.2218360540371,0.6691313527495015,39.65694,3.106639486555984,86.46460974395865,39.65694,3106639.486555984
1005643.8275025111,2.0237378122212692e-05,1.1243725854191072e-06,1.0488068575871563e-05,1.8411201559940419e-06,4.762013988867565e-06,6.914245834937738e-07,2.0706006023458873e-05,7.293635908971948e-07,4.3554288081364716e-05,1.7783161344910752e-06,2.856005427693421e-06,5.457961345680404e-07,3.7657386737282665e-12,1382.2039299562596,0.5208760698117001,32.03767,4.356172497488958,82.96635959138446,32.03767,4356172.497488959
0.29904967499999996,1.1686861665536992e-05,6.06909801412992e-07,1.3460674055587505e-05,7.624576801048931e-07,8.838729101379315e-06,5.721177449768135e-07,6.842476700584376e-05,4.011890724054261e-07,3.75103185209874e-05,1.2666100552485684e-06,6.613976532449368e-06,1.8556802869172612e-06,1.9631660213983935e-12,1164.9497191949106,0.46180916096393404,40.12671,24.332607753001803,82.42172267725044,40.12671,24332607.7530018
0.28694017499999996,1.1848082424700815e-05,5.735707144322679e-07,5.360911438353097e-06,8.804004400205584e-07,1.8498861294944804e-05,5.23199321024513e-07,3.3428066649960574e-05,5.129348494805307e-07,7.470010856260571e-05,1.6368253418274437e-06,2.346799019289248e-06,1.293572156500351e-06,2.401957426939359e-12,1471.1952882876608,0.5434695364849272,41.74131,24.599773256364603,81.1498966935115,41.74131,24599773.256364603
1009579.5229289534,1.1442631948812815e-05,6.504982695980221e-07,2.5581572307181277e-06,1.620081483846081e-06,8.315603864665434e-06,1.2531312057774868e-06,4.868269158506141e-05,5.799429147732374e-07,2.0601007711290433e-05,1.4882214117296048e-06,2.9599021132627604e-06,5.953655999567335e-07,2.4809788973039518e-12,289.1931986716627,0.7060629503554339,4.60522,0.42047707104656457,123.7786498068684,4.60522,420477.07104656455
1008893.1540586257,7.69222096565461e-06,6.745057765880619e-07,1.1536306196810465e-05,7.884652659477746e-07,5.072194947693759e-06,1.7423833478813286e-06,2.0078772903673805e-05,7.14474944692911e-07,2.444223075259314e-05,5.987328212150457e-07,2.9938480933460514e-06,6.368361958677755e-07,2.8977403172243006e-12,233.51419472205788,0.40594413089228354,15.9131,1.106845941374353,95.38321167275895,15.9131,1106845.941374353
0.31079640000000003,2.5846232367720154e-05,6.953750513757965e-07,3.84016478036601e-06,6.366147120151869e-07,4.351964389846235e-06,1.3980695319927285e-06,4.1472960992587236e-05,6.529649760375315e-07,3.8704248327931366e-05,1.4702220648370146e-06,4.568440080768754e-06,5.816035659917193e-07,2.2499254652057866e-12,1429.0403358611381,0.4173460147596687,38.56048,12.38647780327931,82.83502097632312,38.56048,12386477.80327931
0.3224775,2.5485576493755047e-05,1.663200175475022e-06,5.719153518421874e-06,9.434938664686571e-07,1.887493117584556e-05,5.439895395184273e-07,3.8851325547153665e-05,4.961104086866924e-07,5.177282323018406e-05,9.86600352764225e-07,8.647360967317833e-06,5.536251666635852e-07,1.138859425144343e-12,990.786650723472,0.4262728933280456,37.003,26.553220217270038,70.94969823931135,37.003,26553220.21727004
0.3576682391621229,8.857969892067955e-06,1.202597153294603e-06,6.0377547690326435e-06,7.847858239418766e-07,1.9827819566088062e-05,1.043270793155337e-06,3.751404508637334e-05,5.837903823055421e-07,2.294781708186689e-05,1.3227668880781653e-06,7.890536605738651e-06,1.2327099059536862e-06,3.4473222528409098e-12,1137.091891654879,0.48600922653099876,42.99066,6.796072433515084,83.04600134700179,42.99066,6796072.433515084
0.4334438180584034,1.2786884063520516e-05,6.863361018402991e-07,3.959277357397575e-06,9.375696705126716e-07,7.813116120921751e-06,5.70449736560531e-07,3.613828425080345e-05,6.12284950117225e-07,3.3603279679146856e-05,6.178282950427794e-07,8.834233013125907e-06,5.487673739996346e-07,3.8140255715449756e-12,321.1991322147806,0.4386257730263143,30.72538,7.444633277663867,84.03131498508239,30.72538,7444633.277663867
0.445198164108848,2.3236422954538857e-05,1.5406493788911486e-06,6.136044131667752e-06,1.1273458409712745e-06,9.87624942571424e-06,7.896536752838496e-07,2.3693027704930857e-05,4.774477927582077e-07,5.030427606165784e-05,1.4147709494339176e-06,8.087240691483977e-06,1.358600563324667e-06,4.752056453453856e-12,980.5331185920802,0.5406584742772597,36.81237,5.14836243564608,86.76936960732473,36.81237,5148362.4356460795
1006558.8273986619,1.662962406771959e-05,6.71508520820557e-07,7.511289392737752e-06,6.823054940072707e-07,4.7610352201206625e-06,1.614118880061614e-06,3.3290766804113744e-05,6.618576467751196e-07,4.4327438842658004e-05,1.5309665292893999e-06,7.794138205794542e-06,1.930658774503924e-06,3.7329813961431946e-12,997.6452646961042,0.6570796655319326,31.79422,3.4411726013381756,84.83943321093912,31.79422,3441172.6013381756
1006356.9302819312,5.2805550758100766e-06,1.8127356861870464e-06,1.0637975908690348e-05,7.244185779749125e-07,5.347680028605539e-06,1.3244538235687668e-06,3.06942704030036e-05,4.722255044940453e-07,2.0170006918479558e-05,1.6698579859510027e-06,4.975897822089699e-06,8.714976552967026e-07,1.256510515947599e-12,1023.123616452168,0.4122628393523624,31.56977,3.6430697180688387,80.81723293167565,31.56977,3643069.7180688386
0.16639432499999998,2.3592614192019042e-05,6.737408873778982e-07,4.660249280460328e-06,8.02065500258963e-07,7.256312921406489e-06,1.3596091116465561e-06,5.871264453143837e-05,5.664177355931975e-07,2.249982967117659e-05,5.37828328826659e-07,2.576646215294425e-06,1.177458623636316e-06,2.958584056677362e-12,553.7336966100846,0.6647754771233045,57.81409,16.38338204282375,71.63691529973588,57.81409,16383382.04282375
0.2827206278595251,1.3726702683510032e-05,9.227990176868923e-07,3.467909214026256e-06,1.4239379569366457e-06,4.804132926373961e-06,9.074105049765162e-07,2.9618384243272627e-05,6.188608984578946e-07,3.926558814118579e-05,1.2607350498138759e-06,2.1516685390215273e-06,8.648529699740633e-07,2.6236757893870106e-12,209.99321166984774,0.5205677448073748,43.24504,9.717662885618994,70.86205424905705,43.24504,9717662.885618994
0.4751254668277626,7.757705626889305e-06,6.04774665600448e-07,3.3467649778655302e-06,7.879875342209555e-07,4.050074053686375e-06,1.4083718014790363e-06,2.5515777508922116e-05,4.877010438239965e-07,5.304962403616762e-05,1.0003637556946014e-06,7.64750176946238e-06,1.5288007308696728e-06,1.1229970364255823e-12,1320.2936706293651,0.41692090462511655,25.88958,7.228107326889496,88.34688036219285,25.88958,7228107.326889496
1008805.856298008,5.198706487113633e-06,1.792937090907338e-06,1.1361327354195012e-05,1.1107378201362817e-06,1.00658202043345e-05,1.3369985706992043e-06,3.5686735130236283e-05,3.946782420725901e-07,2.058670756570175e-05,7.843319954182254e-07,7.263235827312371e-06,1.1779273210499246e-06,3.815585204415039e-12,1395.7006772638001,0.4352519525191539,29.97819,1.1941437019919883,90.49720297872275,29.97819,1194143.7019919883
0.2976237,2.8947787364051744e-05,7.005854589688976e-07,6.551314510069258e-06,1.033777054505462e-06,7.56291189648081e-06,7.687301317388519e-07,3.202118198141772e-05,4.6968482745392103e-07,2.5249685460592538e-05,1.014639034539815e-06,2.4028750976833448e-06,1.0138920986101992e-06,4.297469623941681e-12,654.1878451140944,0.6909516422695617,40.31684,10.915119327000772,70.0495576329774,40.31684,10915119.327000773
1008369.2027745086,2.7450754528243762e-05,1.5476443869979061e-06,3.2194353851760193e-06,6.125452960622282e-07,5.4947389485511494e-06,1.1525249403467141e-06,5.737533177918507e-05,6.076098739252532e-07,2.5567166078095382e-05,1.4597245704783442e-06,4.429992334977136e-06,1.4229565901156736e-06,3.3972799385762385e-12,783.576834093582,0.7696617033542638,26.6385,1.6307972254914123,88.3692154030963,26.6385,1630797.2254914122
0.367207725,1.6171744888716933e-05,1.206306602331387e-06,7.039224447202606e-06,1.6569082879028256e-06,1.0976557201337524e-05,6.163897612475633e-07,2.198580743628554e-05,5.124538067363665e-07,3.043309097194363e-05,7.317117518668955e-07,2.1892362100287945e-06,1.0102229839819159e-06,1.6480325179905246e-12,787.4880228108868,0.42275602033358095,31.03897,11.43352052223556,77.67930536536619,31.03897,11433520.52223556
0.29197274999999995,2.818817146600609e-05,5.561176389256423e-07,1.1410422412245135e-05,1.636469532636456e-06,1.0762976876997466e-05,1.0098462336131317e-06,3.798482877137931e-05,5.604443325543616e-07,5.9944840892856154e-05,1.7311773527970477e-06,4.124586010730537e-06,1.5364830326801083e-06,2.8550572979926263e-12,617.9847917445568,0.5902516111772278,41.0703,21.40858950037211,62.74870974497776,41.0703,21408589.500372108
1006656.5158052295,6.842442115465102e-06,5.447806627427358e-07,2.4637717949686105e-06,1.7389948593712222e-06,6.952046927221708e-06,1.34595586011906e-06,4.025304725684483e-05,4.1318426276681776e-07,2.8195940130637026e-05,9.173324299856789e-07,4.0566977142449116e-06,1.0320379844454205e-06,1.2910968979837637e-12,684.7075767317252,0.5131574314457672,15.51962,3.3434841947704372,95.58626925245655,15.51962,3343484.194770437
1000128.5206488395,1.169837540673774e-05,7.992586144722026e-07,6.6713965152606764e-06,1.4932480762180537e-06,1.1337231623086528e-05,5.478389354535747e-07,2.279965343638818e-05,6.188080695518985e-07,2.9655381836674e-05,1.3636442400484053e-06,5.753718337329256e-06,1.756477863034123e-06,4.0775217770267924e-12,633.3706468787236,0.6330958058345679,48.2834,10.081533624088305,59.871479351160495,48.2834,10081533.624088304
0.36943878878805403,6.709537101187005e-06,8.120506244383018e-07,1.4054769394757093e-05,1.3167303461518796e-06,7.516693906438721e-06,1.1408289173449808e-06,7.341141443400117e-05,4.6095828515141703e-07,3.371425252326529e-05,1.4982972962788225e-06,7.403238957779863e-06,1.26596085882817e-06,3.796797692037689e-12,1160.4070737683276,0.6741657761110305,45.61443,5.538119448477838,86.43730021608839,45.61443,5538119.448477838
1006960.3360730084,1.4939998664905728e-05,1.2243785211235501e-06,4.693928884328039e-06,8.256808742509291e-07,7.169764411496385e-06,6.419468884041588e-07,2.6914531682219353e-05,7.672590098986915e-07,3.924589721208583e-05,6.844827519498431e-07,2.4956521439755814e-06,5.564523928761432e-07,3.892513383841974e-12,331.4829927682624,0.7083498881452405,28.7143,3.039663926991658,85.9078334079137,28.7143,3039663.9269916583
1007475.418546237,2.8389540134940798e-05,1.7021572590161413e-06,2.1580493110643963e-06,7.974846990273624e-07,1.373048951788014e-05,5.996107205586809e-07,3.37161484876758e-05,4.097960836370998e-07,6.332126658833062e-05,1.4561869925643028e-06,7.354062015698228e-06,6.289766354346744e-07,2.022649269129355e-12,734.1161949454935,0.6705451688754132,8.109325,2.5245814537629108,109.0006623172535,8.109325,2524581.453762911
0.25166035071671944,8.193720602488161e-06,9.255593570211582e-07,3.5510712996744275e-06,1.4113472908165319e-06,8.238481514986998e-06,1.048278678387665e-06,3.071483840545384e-05,6.86630578300642e-07,3.8318237664822726e-05,1.5913230969918591e-06,3.615262129041788e-06,1.858656720793028e-06,4.87633896496851e-12,800.1839719732859,0.5127086930815102,60.48767,5.787284971331222,78.73054563707188,60.48767,5787284.971331222
1006901.4903959412,1.1062038762866549e-05,1.038801193680824e-06,1.4014377978934347e-05,1.5516277458601129e-06,1.4525000456360265e-05,6.05751118720456e-07,2.8284397175193327e-05,6.006968671514999e-07,6.718941131787717e-05,1.0785413515462229e-06,2.3590499732001853e-06,1.6152803174518259e-06,3.934952881391864e-12,570.581918277127,0.7052467321166764,25.92094,3.0985096040588163,87.5050834123058,25.92094,3098509.604058816
1006645.893843604,8.81708637976367e-06,1.7539558314744535e-06,2.691343288129846e-06,9.169691613580502e-07,1.8347397658011248e-05,6.802212652743691e-07,3.7379725650978714e-05,4.7592030170820326e-07,2.07532945729654e-05,5.38311732500886e-07,4.48660577274066e-06,6.933021539105786e-07,4.956137983863788e-12,687.3864754430979,0.41127501821126006,43.50666,3.3541061563959325,88.38245606682045,43.50666,3354106.1563959327
0.4619066097617764,3.4640931244786064e-05,1.6003113033936854e-06,7.40944047179683e-06,1.4977130849601003e-06,4.991579308311736e-06,7.44198194071792e-07,6.318241870171179e-05,6.276124583544452e-07,2.4243288097445394e-05,1.3296737891173654e-06,4.1170768139447225e-06,5.036531340392155e-07,1.1359950466259042e-12,532.7011069681581,0.7339852397129525,29.95261,6.5379526095289435,78.21124240231131,29.95261,6537952.609528944
1007001.8556728247,1.565271303233375e-05,1.3702789079240294e-06,5.792451369866159e-06,5.833257720236737e-07,6.359666656308406e-06,7.590687107697389e-07,2.136869631627194e-05,5.033762785914768e-07,6.011805011602475e-05,9.422796770166376e-07,2.3906518757953824e-06,1.753568479756346e-06,2.6127790875156865e-12,221.36595786766276,0.6061502920837625,24.45159,2.9981443271752863,88.45960319717152,24.45159,2998144.327175286
1007086.0852191385,8.269169821581627e-06,6.101152431028105e-07,4.7494172333692995e-06,1.1725253917784458e-06,5.891246277763264e-06,8.907763685491469e-07,5.023673152653259e-05,3.854715667258113e-07,7.723790225503924e-05,5.49182913687928e-07,4.663691006278085e-06,1.0102101155840333e-06,4.906977456624017e-12,920.3975381436542,0.5561814930240256,27.96557,2.9139147808614156,94.06043747616546,27.96557,2913914.7808614154
1006164.9155665669,1.3290590772669479e-05,1.2069296473073647e-06,1.4437752485902349e-05,7.106940480589558e-07,4.105942126553043e-06,1.4917854208584026e-06,3.2256837153333584e-05,6.463641715227592e-07,4.778354617544519e-05,1.457001889368499e-06,6.529856624692976e-06,7.928045880736685e-07,1.073962992240297e-12,909.817868769999,0.7254035462224353,26.28984,3.8350844334330945,82.53660199002003,26.28984,3835084.4334330945
1006161.6660279,7.1960014437594985e-06,1.4725179156391147e-06,5.100391312221209e-06,1.3111007063452958e-06,1.1056671319921164e-05,1.5400693992331148e-06,2.1828319627592238e-05,6.690762564408835e-07,3.772077074831927e-05,7.510001715213043e-07,2.1460966090852284e-06,6.592692364583974e-07,1.0697714330669889e-12,1413.3822739355164,0.6061534357017996,26.07436,3.8383339721000183,87.66988370395143,26.07436,3838333.972100018
0.3495567867432754,3.9105407216316717e-05,1.0614683798209842e-06,3.331923787725858e-06,1.420680202094672e-06,5.440459192759769e-06,8.201435498465611e-07,5.903960765051044e-05,7.187047395508213e-07,3.168608402023265e-05,5.941709665662106e-07,3.6162992352045117e-06,1.7159089878338076e-06,3.3078803342927134e-12,1363.0287434415693,0.5546579073042769,36.70178,9.007194530268984,87.70421734214304,36.70178,9007194.530268984
0.4356526327142408,3.787302751921295e-05,9.94750382016825e-07,5.449961622383099e-06,1.800778744632457e-06,9.226101686533691e-06,1.5181308822187079e-06,5.479949691703588e-05,3.8341879573065464e-07,4.610446889970688e-05,1.5633952494259294e-06,4.8117187843324185e-06,7.804742050010609e-07,1.1375376168920835e-12,1059.1949878955775,0.522598342436301,25.38502,8.958388691430368,84.20792939811241,25.38502,8958388.691430368
1005282.58620024,1.7506186960554505e-05,9.026459616069513e-07,8.028168153249937e-06,8.139962016337185e-07,4.2821806007156024e-06,1.6702619145403096e-06,3.260557406660964e-05,7.988194623717499e-07,2.926367017880071e-05,1.9453834619866825e-06,9.195740841475012e-06,5.54816396721861e-07,2.789986753915487e-12,672.304469846277,0.720438390224868,38.76757,4.71741379976005,71.64317941010447,38.76757,4717413.79976005
0.26497364999999995,2.053709070851391e-05,1.8732958887712074e-06,2.6666792256918135e-06,1.1608212273898262e-06,1.4066097460525668e-05,5.247120880670498e-07,2.1953739855005658e-05,6.703195565929924e-07,3.323393093520252e-05,8.501025562460087e-07,4.983299453794661e-06,1.1568402529466637e-06,2.9829365038197595e-12,1433.4705880452234,0.5488053513882736,44.67018,11.031088867544463,74.23848687326348,44.67018,11031088.867544463
0.332590875,2.4440154671460884e-05,1.107912201285402e-06,5.812190342718679e-06,8.681812028003556e-07,1.1378459349084979e-05,7.067262034225693e-07,2.3406305349760673e-05,6.477767197308655e-07,3.9947021015451365e-05,8.549872197764693e-07,4.938810613120731e-06,7.187457140609475e-07,1.5203190678539897e-12,780.155046127301,0.7985460448619044,35.65455,16.721497534233194,61.94223237336774,35.65455,16721497.534233194
0.4736742627564867,9.054649070563832e-06,1.7813337185592428e-06,5.380966138341769e-06,5.926592805831448e-07,1.5781925437897925e-05,9.356788643491013e-07,6.951662595874641e-05,5.136431401809226e-07,2.2588390574640207e-05,1.286863043453168e-06,7.798731452274137e-06,7.787194382955314e-07,1.74920157521515e-12,284.4208018108925,0.616868544490225,32.91474,5.178607489740529,82.93094554248978,32.91474,5178607.489740529
0.10126860000000004,3.1909700042495674e-05,1.6275750857446733e-06,8.392794115293179e-06,1.8083186388140725e-06,1.116331498145911e-05,1.502528928479537e-06,4.048848020529344e-05,3.9663358145500407e-07,2.6426049015555084e-05,6.061529354863024e-07,7.1363650465129975e-06,5.185546885108661e-07,2.439182898182158e-12,679.5845151515869,0.7214646905154346,66.49752,16.435531370999495,64.43632941082349,66.49752,16435531.370999496
0.4559711941658309,1.5745513431219546e-05,1.167883789117494e-06,2.3794348820161327e-06,7.676823770689862e-07,1.9986969213982043e-05,1.3544802146700534e-06,4.1450551866037404e-05,6.653331180174861e-07,6.262239992505366e-05,5.538247471738921e-07,9.56520452913237e-06,1.2181376594985608e-06,2.0630923808551277e-12,1084.1416878444552,0.5378059122810799,28.02144,7.354720233366765,90.82065271284837,28.02144,7354720.233366765
0.49779840314491375,3.103466246051654e-05,1.4748066815989544e-06,7.25920197042211e-06,6.434617396055368e-07,1.8943052928384428e-05,9.108191773690575e-07,7.068600182923447e-05,3.7628680002614434e-07,2.375649899556795e-05,6.181508844325699e-07,2.606875890291574e-06,7.820439009583307e-07,3.1318567094914056e-12,649.830007044435,0.7763616219726139,28.35177,5.582532874203451,87.24922518877193,28.35177,5582532.874203451
0.21298769999999997,3.214908662871705e-05,1.6153730911156612e-06,3.313790083265016e-06,1.2059032656933814e-06,9.706923744119116e-06,5.947439475890991e-07,3.043326694242758e-05,5.511959345202531e-07,4.0142940233866834e-05,6.316826286106175e-07,9.103010340334675e-06,6.19161870119056e-07,2.8869184720104016e-12,1136.8225989684547,0.6420555631447422,51.60164,16.98636934113294,73.35165357054684,51.60164,16986369.34113294
1007115.5436547926,2.8830383195017035e-05,1.0921992481971896e-06,1.0547809713331977e-05,5.200589157629556e-07,4.303644883197069e-06,1.2166443223429405e-06,4.449189240412425e-05,6.054889598480142e-07,5.791423514192213e-05,8.908000642698062e-07,5.593268555309431e-06,9.9728386920602e-07,2.7439034832105726e-12,576.5731538420875,0.782660067981762,28.65536,2.8844563452074623,86.94085620578562,28.65536,2884456.345207462
0.3658492241328245,1.3649370859465219e-05,1.5255995343644118e-06,7.951314775265292e-06,7.551670606766532e-07,4.498481588028868e-06,5.4330192577353e-07,3.678738175233929e-05,5.299498003518536e-07,2.6537749447469043e-05,1.1593534985351524e-06,3.3076213497850815e-06,1.3535289736519206e-06,3.259744834476503e-12,1319.010575480623,0.7901496511659521,44.96858,5.875457034687018,80.59417806661527,44.96858,5875457.034687018
1006283.8232838704,6.5624137187858925e-06,8.35713528872525e-07,6.201678068640348e-06,7.782101880558087e-07,8.474426620889783e-06,7.244426296357532e-07,2.82027875518253e-05,3.889336957329781e-07,2.9905773026624973e-05,8.516305844102455e-07,5.3846858431262815e-06,7.054132407265698e-07,4.025538533981518e-12,407.6095607692092,0.530974328320478,31.27061,3.7161767161296275,86.67578678088296,31.27061,3716176.7161296275
0.38341784999999995,1.6621621321729765e-05,7.713351928398276e-07,9.306962205872014e-06,9.975984191587641e-07,9.158771297402402e-06,9.982820680827786e-07,3.0675374648525636e-05,3.667243529406851e-07,7.41509722016143e-05,1.007576183532325e-06,9.477961800598628e-06,6.737516681892164e-07,1.7646682901261967e-12,265.70252601625947,0.5979576814100706,28.87762,10.825496842861826,81.72478588478877,28.87762,10825496.842861826
0.280532475,3.131857191370897e-05,1.2384366515264563e-06,5.162051370118411e-06,1.0521799752777463e-06,1.5638967000126733e-05,9.086871223741028e-07,6.797062844712393e-05,6.435661500948674e-07,5.7665703213804974e-05,8.303979026852896e-07,3.8108735018755395e-06,1.1023354291696822e-06,1.367912182026042e-12,919.1898046074972,0.42941269989713676,42.59567,34.93118450245865,68.7210487037537,42.59567,34931184.50245865
1007001.926848617,1.4267836487060073e-05,1.4427368979657345e-06,3.5140078328824565e-06,1.9699805711614776e-06,1.1957440589589553e-05,5.895238310937458e-07,7.728377848798074e-05,4.930640959361369e-07,6.02012923040064e-05,8.000547298857372e-07,9.064145735044946e-06,1.4239814420426763e-06,1.3776391886596752e-12,861.8592710927368,0.6000311614282576,14.34631,2.9980731513829846,98.21632852089448,14.34631,2998073.1513829846
0.37976529128200703,5.493928566698536e-06,6.046083242032886e-07,3.912560049011931e-06,9.642561188030153e-07,8.34605585002501e-06,1.1587112116321618e-06,4.086912807149536e-05,4.6777494096876914e-07,4.6787924810802135e-05,6.263339957102981e-07,9.850100963615502e-06,1.3934282535004027e-06,1.618660726945077e-12,637.2854877971819,0.7313157543829504,33.35845,8.80185334871972,83.91935801647081,33.35845,8801853.34871972
1007611.3831407464,1.512588430975987e-05,1.3355922368680527e-06,3.659022718590634e-06,1.5491723600361912e-06,7.236541404212935e-06,1.272453366744557e-06,7.780139710338346e-05,5.737505293652056e-07,6.035652006871225e-05,1.3666543670531072e-06,6.052737918677463e-06,5.188157959604898e-07,2.146467533866857e-12,1457.191905023666,0.7131615965725686,26.82994,2.388616859253605,90.69882684804621,26.82994,2388616.859253605
1009580.8048766808,2.5113899822575556e-05,1.1136290816177163e-06,8.556561759413581e-06,1.122757651575954e-06,5.263114373867406e-06,1.1958616412249668e-06,4.722240801917886e-05,7.047072402671532e-07,2.454707996199148e-05,1.2847198455000506e-06,2.104247585454848e-06,1.8614286808835794e-06,1.1934759531798608e-12,224.61857775859633,0.5254769933783421,43.71411,19.658031153283105,50.41919512331917,43.71411,19658031.153283104
0.23193526545683044,6.8505597295320545e-06,1.3022446606037045e-06,4.572306865719615e-06,1.4640294792839788e-06,1.7598535301482245e-05,1.6767125947959195e-06,5.546872416853203e-05,3.783562142691175e-07,2.4219431002409116e-05,6.665030627278652e-07,3.3746588059619105e-06,1.2521900993163027e-06,2.3296612007024677e-12,607.8783783591623,0.46927296954293113,54.80957,8.279718381726783,82.12032274077163,54.80957,8279718.381726782
1006769.103958172,3.331963236683138e-05,8.036582468401384e-07,4.08369046011886e-06,1.4579887303759114e-06,1.2763348717037606e-05,1.2197776612096486e-06,5.229331829992867e-05,5.859619618346831e-07,2.6108658616564493e-05,7.037028548740602e-07,4.910388165505474e-06,6.82894242648925e-07,4.786690478010472e-12,586.8989348599803,0.51560165496141,20.113,3.2308960418279176,90.26388626387578,20.113,3230896.0418279176
1007976.8351494384,7.69414745994316e-06,1.3286641893050332e-06,3.7884370089193535e-06,8.109058628344137e-07,1.7975813198817197e-05,1.5060928476007709e-06,2.9219167488512164e-05,3.9679566198258357e-07,5.1097209008578886e-05,8.463864115402224e-07,9.68574008564089e-06,1.554827920868261e-06,4.647752160087183e-12,1246.0005841435413,0.5161810607971743,30.41044,2.023164850561596,92.62678355760289,30.41044,2023164.8505615958
1007148.9871406486,9.093395614941046e-06,1.3456307461075283e-06,4.019011879577795e-06,9.232237376611631e-07,6.04375203942006e-06,9.71414230492315e-07,2.6465923834880003e-05,5.534451488730995e-07,7.290652139591526e-05,1.312522906496678e-06,2.494477973785596e-06,1.1739362524905978e-06,2.5714430839222758e-12,515.1954499333729,0.6679335859572416,30.3329,2.851012859351349,87.68280829598959,30.3329,2851012.859351349
1009947.043327136,1.5085102185065125e-05,1.2107400500517172e-06,2.2231201237180593e-06,8.867520909273163e-07,1.2690296085427166e-05,5.747832038706129e-07,5.82206972073495e-05,3.6149255848521e-07,4.289189722077881e-05,1.8127743593696133e-06,3.849870301966907e-06,1.8277442297999988e-06,4.1112604204352836e-12,820.6830765731654,0.4797823898670407,0.05445362,0.05295667286407957,173.4597369143517,0.05445362,52956.67286407957
0.26806815,3.7108305315537254e-05,7.804268962431111e-07,7.349033781463131e-06,1.760364175578089e-06,4.619450859203582e-06,1.1082372051446413e-06,4.199753211339365e-05,6.413139142081274e-07,7.327589882150229e-05,1.7733280556490073e-06,2.650910238775999e-06,1.6987693053529676e-06,1.3270003385718388e-12,1395.5252554062142,0.798868721235404,44.25758,17.254454942209378,61.500258063895416,44.25758,17254454.942209378
1020227.3771289631,1.1415418276414401e-05,9.936211546545085e-07,1.3201401120859651e-05,1.8977142322877532e-06,1.7755543185930024e-05,1.6858618711649884e-06,2.0258598018846325e-05,5.66584343551481e-07,2.3207665094696358e-05,1.9534005076357034e-06,3.1617684030164424e-06,1.9700045204870152e-06,2.397456529655145e-12,842.0861464443649,0.775424200696349,66.24138,10.955838186338605,39.772622871036916,66.24138,10955838.186338605
1006418.0827116631,2.934631214036239e-05,9.566357011086715e-07,2.949522961580635e-06,5.84507532564758e-07,5.195634676866558e-06,9.446350305630634e-07,2.857056883686766e-05,4.177091684796082e-07,5.552878352435554e-05,1.4964409272446505e-06,4.987604856688286e-06,1.4285638313869758e-06,1.3263730244446468e-12,1312.9904555554951,0.7588171047135901,65.34103,26.104346843823368,53.581917288336896,65.34103,26104346.84382337
1060000.0,2.791362468689493e-05,1.0214094542434513e-06,2.3819402222910194e-06,1.2644515048776305e-06,5.385381923032356e-06,6.07612624843287e-07,3.132258629061033e-05,4.3885608590192443e-07,2.8710342755804843e-05,6.930553617642866e-07,6.727958219355796e-06,1.8765329794125786e-06,1.625739975874761e-12,1139.7472869212966,0.40457429367766723,-0.331384,0.0,0.0,-0.331384,0.0
0.38690901618949536,1.9467263521070554e-05,1.3063461084928072e-06,2.2666924180504265e-06,5.89044974591412e-07,6.554029948172394e-06,8.771121496095568e-07,4.014000906405011e-05,7.357298051615627e-07,5.3041224079989464e-05,7.694800866915437e-07,2.4160175241974725e-06,1.7804732636068096e-06,1.607764491121533e-12,999.0130825870037,0.4876514403741376,31.47843,9.080110352420185,86.01713376204447,31.47843,9080110.352420185
1007719.2102367315,6.600770514277231e-06,6.182966651407002e-07,9.022851026875714e-06,1.1578737019007805e-06,7.811305132412943e-06,1.0706367039771207e-06,3.841463787383951e-05,5.529767968302257e-07,5.021745372635648e-05,6.76810213681484e-07,2.97852265580619e-06,1.4235361197804712e-06,4.07657292387542e-12,306.4313984152573,0.5786991909985933,23.52155,2.2807897632685363,90.76225858081528,23.52155,2280789.7632685364
1002327.0511903277,2.160399883294391e-05,5.571761633922665e-07,6.233216197458228e-06,5.446933258939761e-07,9.657181396150805e-06,1.0076356791673047e-06,4.424159346173918e-05,4.0576018643530737e-07,3.151929520650562e-05,1.028600729773732e-06,2.411450127510695e-06,6.647127680415062e-07,2.5562465271371663e-12,318.2241377871942,0.6041501416131339,58.20061,26.690435868945592,57.67294880967232,58.20061,26690435.86894559
1014713.8833717852,2.6871488692791208e-05,9.374831077770122e-07,5.625398613003887e-06,9.4186810558403e-07,4.389512290224228e-06,9.491819765817584e-07,6.121268729050639e-05,6.413970844923765e-07,3.462700044608844e-05,1.5506858588920883e-06,6.6423989805716475e-06,1.1146745346907791e-06,1.0756134237269283e-12,647.887526530775,0.4255039648448333,54.31461,33.440886426952645,45.2861166282148,54.31461,33440886.426952645
1007075.6893655898,3.95141940183817e-05,1.8266061524712647e-06,2.29840192594662e-06,1.824563200878301e-06,4.209608563963174e-06,8.813175696760208e-07,5.807608189597344e-05,6.635626880984767e-07,7.763281330958799e-05,1.2241341227825072e-06,3.934145175046698e-06,1.980292029452516e-06,1.8507245282506076e-12,1330.506370903921,0.762706924609829,28.17829,2.9243106344102365,87.82049148423891,28.17829,2924310.6344102365
0.34302419999999995,1.0919725584412498e-05,1.2882929654903232e-06,7.58820421501434e-06,1.0559931877418646e-06,1.1451456374410357e-05,8.097451203632698e-07,2.561426080428252e-05,5.528623567274843e-07,4.1631775259167127e-05,1.371463552155762e-06,2.8620932332576327e-06,5.024133099906395e-07,1.0372687925603178e-12,587.8718853138764,0.6693999431106268,34.26344,13.123989642184217,66.52886447450335,34.26344,13123989.642184217
0.19303897499999997,1.5511476473193553e-05,1.0452638916056368e-06,1.0508018294445191e-05,7.046721376826932e-07,6.98256943104289e-06,7.327025062360632e-07,7.335120783959513e-05,6.422908459650764e-07,2.3386715791879137e-05,1.5357638213024966e-06,3.927051517112559e-06,1.446039473496435e-06,4.146859963558863e-12,220.33953527261446,0.4824326487400857,54.26147,10.127323786106961,71.32104803028247,54.26147,10127323.78610696
0.20966639999999998,6.167211118822189e-06,5.238234500526174e-07,6.6700394511080735e-06,1.3255329506177574e-06,4.325967773308487e-06,1.3957902477377747e-06,3.4931551004618466e-05,4.3407865432716067e-07,2.702956736614097e-05,1.655722027994651e-06,2.1901944951572515e-06,1.0054154039944269e-06,1.5928925308649397e-12,1260.522133792312,0.6926069932464074,52.04448,12.501081066767634,65.79044873799941,52.04448,12501081.066767635
1006642.6976952576,9.704401121361064e-06,1.1453871701336744e-06,7.754193084195644e-06,7.798833363377433e-07,6.501061580642967e-06,6.098476857365573e-07,4.99479285529944e-05,4.294942530986961e-07,3.033539101656845e-05,5.440892669273385e-07,9.204860315429455e-06,1.6928190664528114e-06,4.336760562247714e-12,1013.791078942829,0.5708802329178174,32.79349,3.3573023047424067,91.54037947071599,32.79349,3357302.3047424066
0.26896575,1.4013937454519912e-05,1.924629131213907e-06,1.333447093367375e-05,1.2681145307546104e-06,1.4168172413925656e-05,7.77798800301016e-07,3.561905563370436e-05,4.0555457024713556e-07,3.3704012989215526e-05,1.422897948762833e-06,4.285538959767501e-06,1.6230212224348266e-06,1.6225785705927e-12,1119.8498367343639,0.7223104639739548,44.1379,11.729342954022643,69.08751577965508,44.1379,11729342.954022642
0.37879545,3.350144958711027e-05,1.090335328903901e-06,1.4057309296087532e-05,1.082654948192035e-06,4.963486009944871e-06,7.001408225116926e-07,2.6512513789496425e-05,6.033537236346747e-07,7.182331335692783e-05,1.6180618683584084e-06,2.3209167119757445e-06,1.365254038709113e-06,1.3587543192977758e-12,549.0000642114755,0.6694687682538314,29.49394,10.36693537776719,72.75828193495053,29.49394,10366935.37776719
1009590.7938167173,1.7517126494382367e-05,1.6785795583627758e-06,2.922028216521949e-06,1.437331497886465e-06,1.2832983266424277e-05,1.0850044446176442e-06,3.887353787027886e-05,7.208172181415588e-07,3.173178373625816e-05,1.884314165829058e-06,2.049971373081259e-06,1.833143246808462e-06,4.70395711343345e-12,352.51105927633483,0.7998288028071248,14.35586,0.4092061832826256,97.32361297970118,14.35586,409206.18328262557
0.16012372499999997,1.3535635548299465e-05,6.998833361152089e-07,6.759559040254411e-06,6.638946752660019e-07,1.744640447014138e-05,1.074867318800033e-06,5.86051628080836e-05,4.878779948234576e-07,4.191016655339875e-05,8.227460562711374e-07,3.046868616522696e-06,1.0179262781278734e-06,2.226290903016759e-12,328.19070103512405,0.7925273827386308,58.65017,21.869269352424077,61.81772033657444,58.65017,21869269.352424078
0.326385,1.3272786343113397e-05,1.6015428106390473e-06,1.2621913431052276e-05,8.359043901053545e-07,7.787261602075958e-06,1.0905451154142265e-06,2.7180051630868926e-05,4.044889590873502e-07,2.8709898295435513e-05,1.8270504869930168e-06,5.079646956597254e-06,8.920250606808444e-07,1.2780004420379917e-12,628.8248717712179,0.5519359098964617,36.482,10.296195806547942,66.02378053689898,36.482,10296195.806547942
0.3613906916955716,2.8285999414215443e-05,9.99032117648029e-07,7.479147005368173e-06,1.2920780533784488e-06,6.052345002974324e-06,1.56177202892894e-06,7.637055639708277e-05,6.009441440766593e-07,3.9481893060486e-05,6.313304721861035e-07,7.189422961554309e-06,6.322343920699127e-07,3.1877008021324957e-12,834.8112176303721,0.7667597558777468,43.25947,6.566531332177135,85.19801022850213,43.25947,6566531.332177135
0.4772532793736533,1.5437194284013327e-05,1.2172444531047883e-06,2.2512521413552917e-06,5.240031953252977e-07,1.562701629180833e-05,1.8536594534299377e-06,5.050517030776506e-05,6.627742805504586e-07,3.5425407406906266e-05,1.6078016471190581e-06,2.9026521570514007e-06,1.332688056868198e-06,1.0148213782831074e-12,857.4527956009846,0.5492802770747248,25.08854,7.383306825053868,82.91349451741476,25.08854,7383306.825053868
0.14826817499999997,1.8068862768276466e-05,1.2600748718105964e-06,6.926633463274971e-06,9.769849932145626e-07,8.77113049163172e-06,5.046044079158058e-07,4.2968729550850943e-05,3.634228821090135e-07,4.166498017637116e-05,7.317797883907541e-07,9.64403415821932e-06,5.120246583979917e-07,3.701455275813326e-12,1076.2428377549734,0.7224670795789716,60.23091,12.540576962922247,87.10934911349861,60.23091,12540576.962922247
1007167.923063579,3.315715210734873e-05,5.799630357642347e-07,2.428345907199702e-06,6.146320790190703e-07,5.447719551840911e-06,1.0373566380458582e-06,6.19210004632766e-05,4.4566381558657334e-07,3.4672523593374295e-05,8.386281524825792e-07,3.844421311611205e-06,1.0942970120680985e-06,4.922017873274668e-12,493.61442841564883,0.6736166501881542,25.11941,2.8320769364210427,89.62104880498248,25.11941,2832076.936421043
0.2793108944130843,2.9152130168186662e-05,1.2375368108102123e-06,1.127260624433031e-05,1.433132202469598e-06,4.649583377673469e-06,8.458818340856239e-07,4.303179076110568e-05,3.764978144153643e-07,2.0263738229649742e-05,6.340933493618133e-07,4.471116837842642e-06,9.124511978205978e-07,3.533910231543983e-12,935.6136163363454,0.7431841253454678,47.9222,8.45090422347663,80.6165813190332,47.9222,8450904.22347663
1007955.1385576009,6.09663679836574e-06,1.0398088729645145e-06,2.179040942812856e-06,6.702792193300204e-07,1.6175125467686903e-05,1.7113188840744437e-06,3.866425930039531e-05,3.7363677043190394e-07,2.21713423490239e-05,1.8039628393412128e-06,8.50397283415267e-06,1.0920354786544192e-06,1.0543804807055492e-12,1407.396269631057,0.5257938772906604,14.47589,2.0448614423990477,98.43718159357537,14.47589,2044861.4423990475
0.3652473131312973,3.692012838113771e-05,1.1282386053882753e-06,9.105393989988846e-06,1.3429660181713758e-06,7.593761665334868e-06,5.562768538870465e-07,2.5051560978046985e-05,4.362096294659855e-07,6.361209584561323e-05,8.575621965315948e-07,8.465928863459321e-06,7.919381572656424e-07,3.374024337365849e-12,381.9357725057565,0.7953911831656413,35.46356,8.751039474748106,77.88879651291876,35.46356,8751039.474748107
1006803.3222965145,2.2540049913707893e-05,1.0010997300146618e-06,1.4243692768494836e-05,5.38639846490906e-07,8.08298121168724e-06,1.5991988228281952e-06,3.206913616531762e-05,6.652487055841796e-07,7.514706685247658e-05,8.665807525185869e-07,6.945790481304257e-06,5.209624584099006e-07,1.5525564305855185e-12,1490.3616419860366,0.5962413824443173,18.41582,3.1966777034854705,94.04993955653006,18.41582,3196677.7034854707
1007438.5742774861,1.0478510049521704e-05,1.8432933547519988e-06,4.7744506101769324e-06,1.2828831020304895e-06,1.1583767640161745e-05,5.630707973903852e-07,4.714915059290278e-05,6.808603572830047e-07,5.37482232835955e-05,5.602241259826584e-07,2.5634557401590724e-06,1.3410418958384567e-06,2.7738163402727335e-12,1161.5518756695728,0.5266712914726145,28.84418,2.5614257225139268,91.36590650282757,28.84418,2561425.7225139267
0.4008498750000001,6.240150602006335e-06,5.036140525136482e-07,3.722056012162592e-06,8.234968261093783e-07,6.174739543115139e-06,6.008238589094966e-07,2.5932900350452628e-05,5.15176294730377e-07,4.3153572569018976e-05,8.803129219841238e-07,2.086345737158471e-06,8.166719459584523e-07,1.1615800020530322e-12,977.4569371325547,0.5297721322289651,26.55335,13.656993327077409,81.23139976155485,26.55335,13656993.32707741
0.3950858431698818,1.1139726035102975e-05,7.493412114806949e-07,4.368963012845386e-06,5.622949650936653e-07,1.7057958618635744e-05,1.7537160177736903e-06,7.761557194063149e-05,5.683962719407134e-07,2.530049912994001e-05,8.476050256796275e-07,2.500777379187784e-06,7.590477396965506e-07,2.2114587554601344e-12,282.2472953600407,0.5738705077050981,31.28931,8.80977327320473,81.48679755875543,31.28931,8809773.273204729
1005504.5167393108,1.200226774946363e-05,9.783771585730158e-07,2.335290428684737e-06,7.087749275815034e-07,5.9486587022248235e-06,1.1892626536561462e-06,4.555510694443568e-05,4.2083919201267133e-07,2.319710446933757e-05,7.627678763277481e-07,9.209353323006255e-06,7.924734080485917e-07,2.713287013912415e-12,1245.2994005445971,0.5318166865117041,31.26267,4.495483260689169,89.65909532747095,31.26267,4495483.260689169
1006665.2586508036,1.0029214878566087e-05,1.5485853939312513e-06,1.1301928638215308e-05,1.9297992179374158e-06,4.9797428167893215e-06,7.798833795643119e-07,7.436160163493717e-05,4.226250971815769e-07,3.0916276247712856e-05,1.904152790604388e-06,9.509109930503517e-06,7.489266345487638e-07,3.0602339853208654e-12,838.309506759733,0.6303517126499842,37.12233,3.3347413491964524,85.47326359166767,37.12233,3334741.349196452
1007352.1577919394,8.277533734464419e-06,8.421275130921814e-07,1.0363649529253832e-05,8.620660165585394e-07,4.80467663334065e-06,1.0925512963506588e-06,4.545547482832981e-05,5.565700592714782e-07,5.1459065799153815e-05,1.0719207994856584e-06,9.271534807364469e-06,9.481876094162006e-07,3.1269959653438106e-12,769.9914406015812,0.5165324831941182,26.80647,2.647842208060503,89.81883447310365,26.80647,2647842.208060503
0.48123412140897703,2.1118477618919888e-05,1.5560960743889334e-06,9.937530436053633e-06,8.816531968902011e-07,8.934247141768011e-06,1.203029549547719e-06,2.7973142504036967e-05,6.091420434786911e-07,5.390700593341979e-05,1.4929372478797848e-06,2.252835114628569e-06,1.9743821121416214e-06,2.162572520532689e-12,721.0466265281857,0.6026450572118036,30.87062,5.489449143640916,81.70634980597957,30.87062,5489449.143640916
1006336.8466253132,3.389744542918379e-05,1.3044283773196311e-06,5.980711512862055e-06,1.4963439525992525e-06,7.134447108080739e-06,1.7302770160218431e-06,4.209975892527292e-05,5.99260242929304e-07,2.2500606165265265e-05,1.451865788592871e-06,5.763334414535667e-06,8.179120585771448e-07,2.8329146255315913e-12,257.5857015862045,0.7934432823807931,34.8218,3.6631533746868805,77.69299364627813,34.8218,3663153.3746868805
1004850.8147740255,2.0454463362614074e-05,8.700893666124518e-07,9.113255326174687e-06,1.907170142893192e-06,7.997154837209296e-06,5.073648735032669e-07,2.8628989331310727e-05,5.412508987291939e-07,4.105606995396607e-05,1.1180902087078131e-06,5.047801687519262e-06,9.275886697137193e-07,1.8766835688181506e-12,1204.0449022011617,0.6354359826160589,48.39886,24.80678149237557,55.14918522597456,48.39886,24806781.49237557
0.4180542361338593,1.415583984615383e-05,8.066052914604772e-07,2.101473035555536e-06,5.779829002456705e-07,7.81293728854767e-06,1.8966529672709738e-06,2.3491497384761327e-05,7.629871451560113e-07,2.434035742936269e-05,7.704539784039204e-07,4.161921166180149e-06,6.660648953405992e-07,2.1754584225829883e-12,819.0112905719126,0.5752663753092109,33.53805,7.2164155546456294,79.20481588536654,33.53805,7216415.55464563
1007809.3766173399,2.129168011501454e-05,7.779875365861284e-07,3.6625154352007615e-06,1.5372713823702278e-06,4.813945183999953e-06,1.622659185726589e-06,4.910737936389687e-05,6.181956543643278e-07,2.5117766531886315e-05,1.9558570648643784e-06,2.961541542256857e-06,6.367974507897902e-07,1.2939874336205604e-12,927.803638236822,0.7833850486935799,21.49263,2.1906233826601498,88.97527690486162,21.49263,2190623.3826601496
0.4785056411934375,8.097602007497548e-06,8.766633693716248e-07,2.9002577706023572e-06,1.2150012123006454e-06,8.018793163016416e-06,5.206495588822903e-07,4.6855352884209116e-05,4.2143649933126823e-07,4.5453970321935756e-05,8.571808713938682e-07,6.217546646550406e-06,6.650657857980497e-07,3.3562395803665535e-12,1251.348725220639,0.42502550058766575,31.82832,5.3112783522625,91.87397276480885,31.82832,5311278.3522625
0.2991468907946706,6.178190007385716e-06,1.6747649844565856e-06,2.9149513149297265e-06,7.856560829545463e-07,8.35360646397311e-06,7.193205825497812e-07,6.612854206802624e-05,5.486652639822358e-07,4.850781417647892e-05,1.1438847144851676e-06,5.349537613187644e-06,1.1281895110254176e-06,1.7506079054550598e-12,1299.173143470427,0.64694507173457,49.52242,7.177398368213177,84.17138128855962,49.52242,7177398.368213177
1002560.7652576688,2.7154941641564637e-05,1.3305075729616314e-06,3.641769450978995e-06,1.1719971255721951e-06,4.584574929989323e-06,6.020250984237561e-07,2.354993871282239e-05,4.594142524127324e-07,2.5777083406509148e-05,1.3075563153150175e-06,4.55073196806617e-06,8.928428744778931e-07,1.248432615789757e-12,698.822951688993,0.4743014797171063,37.00394,17.45671564412073,57.43923474233121,37.00394,17456715.64412073
0.32738249999999997,1.874498831340905e-05,1.3075497622338299e-06,7.339595228845147e-06,1.9997215199588353e-06,9.770735051094237e-06,9.857434009601464e-07,2.429388248453713e-05,4.6280166558021947e-07,3.737314416985115e-05,5.385762531768055e-07,3.5644096222714466e-06,5.066870560917706e-07,1.2457579578288495e-12,1259.7807228500203,0.785531635765976,36.349,12.880785743054737,74.10353510710138,36.349,12880785.743054736
0.39487979999999995,1.4302963125965028e-05,9.930509853036633e-07,7.946603226275674e-06,8.89619841553807e-07,1.5456785065634086e-05,9.844562675389693e-07,2.2428626145807793e-05,3.6898151296396637e-07,5.744228889154698e-05,7.495932251902171e-07,3.112747845112831e-06,1.0535196596362139e-06,1.3109104626972084e-12,794.5178034554838,0.6970073007719149,27.34936,11.180543039951191,83.01440328749305,27.34936,11180543.03995119
0.5329450882745427,2.4584664458958162e-05,1.0713667065055802e-06,2.5124449355158646e-06,5.857728785622841e-07,1.392646037422882e-05,1.5654371808603005e-06,3.3258510177258376e-05,6.943423845102016e-07,2.1187612734745692e-05,1.3546878698953435e-06,4.818529769607931e-06,1.9718522506515427e-06,1.1791960580978234e-12,1279.0919315053015,0.700538197897469,22.02544,6.074564469018291,80.46900353208976,22.02544,6074564.469018292
1005864.3176611795,9.2859846764281e-06,1.9980952222151724e-06,4.949636980232392e-06,8.106516219591457e-07,1.4891168367039254e-05,9.190019365779098e-07,7.933268450937571e-05,6.687778039259803e-07,2.7777025384423115e-05,1.5383730921527236e-06,5.151944364771373e-06,8.129630473438505e-07,3.139031675690024e-12,1022.60182020528,0.46639264707610373,41.51182,4.135682338820494,86.49498834202353,41.51182,4135682.3388204942
1006898.9331450731,6.679004066798361e-06,6.658362455070206e-07,3.0347125055498314e-06,5.428839236515743e-07,7.035087253176464e-06,7.382442079659167e-07,4.220860334039273e-05,4.6616699794576026e-07,5.3077761341755936e-05,7.467340833621102e-07,3.0753516334255727e-06,1.6426597605356976e-06,4.8845747813373736e-12,1083.089110700303,0.43809006552573715,27.72549,3.101066854926863,94.42577870407268,27.72549,3101066.8549268628
0.44975772158064686,3.7020284568088624e-05,1.4859464202239785e-06,1.273529195034545e-05,1.9792755175877653e-06,1.614731246602883e-05,5.961620052776261e-07,6.64448595056692e-05,4.394277141648912e-07,5.36206867812433e-05,1.576760570961603e-06,6.81204004627709e-06,1.2767438479733697e-06,2.1984518982730978e-12,950.6531880954099,0.5074868608349944,26.37893,8.096012136774124,84.91118110152611,26.37893,8096012.136774125
0.3859902101995782,1.1831846722843628e-05,9.356127616304334e-07,7.169569957891449e-06,1.6937843006322002e-06,4.646548268058727e-06,1.021880817764712e-06,2.9412947711309896e-05,7.603475449935298e-07,3.33605332150256e-05,1.8667233797162363e-06,3.386845497216076e-06,5.017171538772573e-07,3.4761407056982402e-12,1152.541234501333,0.6923727749948212,43.39618,5.541537592016872,75.31241405985617,43.39618,5541537.592016872
0.37368563104968533,1.2971522030573611e-05,1.2555222898631947e-06,4.116203425831422e-06,5.458821289489e-07,9.453805467671964e-06,6.762646604854113e-07,3.6282810215453684e-05,4.2635360379987163e-07,2.9020526160765656e-05,1.576458546196105e-06,3.4443772965602198e-06,1.1140911562560142e-06,2.4872323272764893e-12,830.9392752110566,0.5374958482210477,35.72021,8.336511758012586,79.69151800693764,35.72021,8336511.758012586
1060000.0,2.0671681949374286e-05,5.347062786062384e-07,2.444353397415594e-06,1.4822404727411357e-06,8.380961738419102e-06,5.939751000823502e-07,6.567312925909032e-05,5.120766177365946e-07,2.00187495840583e-05,1.8869596046939623e-06,2.7697741215612633e-06,1.298804027845276e-06,1.2365261102130487e-12,1044.9963591428486,0.4635909851623278,-54.5852,0.0,0.0,-54.5852,0.0
0.35709864742293546,3.477804144125338e-05,7.310484437083226e-07,7.47884559067195e-06,7.074884776372595e-07,7.277255637553498e-06,1.7502979589604617e-06,2.5158574112106375e-05,4.940248516846715e-07,3.054674144604774e-05,1.3184864484044552e-06,2.9153420551062942e-06,1.2405418938758073e-06,3.103586269903089e-12,201.4121947992408,0.5907226833043657,36.36552,8.806398103082582,68.68407207158862,36.36552,8806398.103082582
0.3061563,6.588853598280846e-06,6.841486470087818e-07,7.871482571348815e-06,5.064788377755723e-07,1.2253538070468951e-05,1.5520962799236044e-06,7.869706431132239e-05,5.043774809083654e-07,2.40219006226684e-05,5.515855664095625e-07,3.704967334299392e-06,1.3769982858368789e-06,1.1792164251108303e-12,607.356920673178,0.7523955979921083,39.17916,15.580065059255196,73.70290736379424,39.17916,15580065.059255196
0.4626370287598709,6.649823177769086e-06,1.4609643428387448e-06,9.121982033621217e-06,6.013565187675797e-07,1.9774038525260677e-05,6.095033830530127e-07,4.172802251451117e-05,3.624444343968885e-07,4.9247156488077655e-05,9.203144855776722e-07,6.397176191666305e-06,1.1942956948330616e-06,1.2758686811184261e-12,735.2228626675815,0.674626467950296,29.68299,6.589621849605162,85.41497588635646,29.68299,6589621.849605163
1060000.0,2.989465525424723e-05,5.638471648082739e-07,2.4487425285657363e-06,1.4190164294485055e-06,1.0331288163298634e-05,8.514913732689323e-07,7.602623889726744e-05,4.627734525461981e-07,2.4278181729739168e-05,7.340424050235671e-07,2.2904315696235486e-06,1.0768320564229638e-06,2.6265610612144118e-12,989.8710285901802,0.711587861005304,-36.8565,0.0,0.0,-36.8565,0.0
0.4065812359203216,2.1015127727425842e-05,1.619764652835513e-06,7.536592444913678e-06,7.595930798155146e-07,9.203459412984112e-06,1.0132885986517656e-06,5.6399691918190556e-05,4.558193797113349e-07,2.1571675876591558e-05,1.7360700011037974e-06,9.29644161448969e-06,9.929379294324352e-07,1.1989592933651314e-12,849.4573036544548,0.6375719072550893,30.25995,8.658765563187135,77.89348416100965,30.25995,8658765.563187135
0.4336841912441298,1.4998929147535102e-05,1.939108992040508e-06,1.4608737036797889e-05,1.8249397105857336e-06,4.946660058380722e-06,1.649041844719103e-06,4.397735320291698e-05,4.819732889159829e-07,5.1546843926976266e-05,1.4393843482409657e-06,9.29317257238057e-06,1.4547125424417236e-06,1.0272245524199158e-12,287.79234005459733,0.5048741108648269,34.78624,6.216760350234807,77.39847914740729,34.78624,6216760.3502348075
0.37072109999999997,5.431718376377431e-06,5.437207226182927e-07,9.810860473204909e-06,1.0092063636771591e-06,1.100049058021072e-05,1.0014552327925777e-06,3.557500572079788e-05,6.304950015882985e-07,2.2421077683120415e-05,1.051996301193155e-06,5.390492037139746e-06,7.345514610561333e-07,1.6467042909665484e-12,864.6961077839309,0.48127899758313114,30.57052,10.990333897398607,74.31292886860439,30.57052,10990333.897398606
1007057.4374370931,2.6836197064905306e-05,1.0517416365049918e-06,4.3948494077940705e-06,1.2046286652546348e-06,1.5323887717129703e-05,1.2853055533140478e-06,2.1919732119141405e-05,6.289187657279774e-07,5.501849800438513e-05,1.616570280714766e-06,2.1953537652640177e-06,5.634758157801687e-07,2.0122919776656344e-12,789.3833949862855,0.6435329617709775,44.64226,19.483178321461605,52.94256256290684,44.64226,19483178.321461603
1005184.8776413149,9.512326840722536e-06,1.3980219556423848e-06,8.89510908881845e-06,5.900405511931755e-07,1.2498597480471075e-05,1.3222538925028562e-06,2.5099615467166616e-05,7.705424930226388e-07,4.1296248427720384e-05,1.4803868268818952e-06,6.380041049039726e-06,6.302193291680789e-07,1.2266500680355448e-12,1215.461173918084,0.5075057945636983,23.98696,4.815122358685149,84.55203964414062,23.98696,4815122.358685149
1060000.0,3.1585103050851737e-05,1.4568583193648214e-06,2.121868736138553e-06,1.53072560723519e-06,6.196782725919165e-06,5.462919155712285e-07,5.3689742900384344e-05,5.705294741857464e-07,2.2255162926554287e-05,9.397803810760395e-07,3.5706377853224145e-06,9.994594993092905e-07,2.4902124467573417e-12,677.9941112138553,0.5020464324156313,-36.2784,0.0,0.0,-36.2784,0.0
1006006.9391939206,6.193018861539042e-06,1.1078976516540317e-06,8.58035688957925e-06,6.862512829254296e-07,9.072214779417249e-06,5.314757658289317e-07,6.615531136537811e-05,4.376328192935686e-07,3.846454330587179e-05,8.502499662238814e-07,2.546447207425536e-06,1.8179596189374584e-06,3.975176646963809e-12,918.7242250446238,0.7655790678084516,39.40507,3.9930608060794133,89.03676414662695,39.40507,3993060.8060794133
0.3888590888408391,2.3326946719681104e-05,8.942428658342926e-07,3.8249562585361474e-06,8.903924082523996e-07,1.275027767418557e-05,7.282551561597405e-07,2.2280384654022918e-05,4.848280159703774e-07,4.011333414167952e-05,1.7457924080882884e-06,2.6692319644532606e-06,1.5248592035407671e-06,4.852648704010394e-12,1440.303229698556,0.42757057510909807,33.24395,8.472451446366437,85.15663260541535,33.24395,8472451.446366437
0.381447075,1.3152003004891472e-05,7.394957398403993e-07,1.0972925865367697e-05,7.870907244369627e-07,9.742138204997947e-06,5.055544353361305e-07,2.641472347361533e-05,5.647075876419256e-07,3.0479064329968765e-05,1.1854501920965737e-06,4.21988714572142e-06,1.1355426315260273e-06,2.2123014996991218e-12,1204.3972418356816,0.4781689695491294,29.14039,12.041416141726241,78.1555321232076,29.14039,12041416.14172624
0.3915250645970559,3.252005937943694e-05,1.4349141665961868e-06,3.2774119134605188e-06,5.04440412747721e-07,7.738609507914935e-06,6.906350620720138e-07,3.2329414850112184e-05,7.038113401488526e-07,6.747706525033812e-05,1.8686294679660051e-06,2.004711668188086e-06,1.2436734259020891e-06,3.921296836051286e-12,1145.3795507532643,0.4415796077406239,35.03103,7.829688416117763,87.25437762766956,35.03103,7829688.416117763
1007474.4877121871,1.5046661966812298e-05,6.956025801436623e-07,5.389958312811978e-06,5.432884009413268e-07,1.9902361789618843e-05,1.3409960144121545e-06,2.275294477646e-05,7.512576978746156e-07,6.938264999573613e-05,1.027770705650406e-06,6.178754833034024e-06,8.379778110270434e-07,4.799373684675661e-12,310.3731427714364,0.43823080213495424,17.72439,2.5255122878128473,92.66997561823946,17.72439,2525512.287812847
0.16078112258843602,6.60001656604178e-06,1.5582489966333973e-06,2.325472744794716e-06,1.0985811605645517e-06,8.055638628163163e-06,1.9032123643391992e-06,2.7770313607840624e-05,4.4341552265996783e-07,3.0951682412158786e-05,1.5174338689676232e-06,6.177548670901625e-06,1.3857872017183333e-06,1.6684484984043078e-12,553.5426333821907,0.4298749743209919,63.5168,8.513715096462557,73.33216041640631,63.5168,8513715.096462557
1007879.6460071587,7.621452501606424e-06,1.4741404295075862e-06,6.49658833803504e-06,6.202067370905601e-07,5.211385164385165e-06,9.540324378068736e-07,3.513783014498158e-05,5.522737838157578e-07,7.617245767728468e-05,6.667752463585818e-07,3.284943035343823e-06,7.219725315006334e-07,1.2128748174014991e-12,404.8999901851711,0.674421937180206,20.58512,2.1203539928413617,93.2205606731515,20.58512,2120353.9928413616
1060000.0,2.7878637675264642e-05,1.3138093759855222e-06,2.169307154079242e-06,1.5931139945823637e-06,6.779191880519115e-06,5.673951829276505e-07,2.821451556070744e-05,4.782661418190399e-07,4.075336961447331e-05,1.2784243158776978e-06,3.0400363735249667e-06,1.974316439781827e-06,1.051297062513951e-12,725.7098943813271,0.5808804677604251,-27.8974,0.0,0.0,-27.8974,0.0
1007700.1344749449,2.3689296271155974e-05,7.069623335564813e-07,5.073949550304754e-06,1.523926694920693e-06,5.0092318421464795e-06,5.083569781007958e-07,6.323593648930674e-05,7.889409943059543e-07,2.3973332584847502e-05,1.5662850892357303e-06,3.6409474519338733e-06,1.1979727544401766e-06,2.8223800147385005e-12,957.020941838282,0.5035282609386104,14.87951,2.299865525055129,94.66663398355567,14.87951,2299865.525055129
1060000.0,2.7099031184980778e-05,5.153413872033173e-07,2.277440172180404e-06,1.7471363020729144e-06,8.16592121779254e-06,5.977371426662093e-07,7.013603829283198e-05,6.980922950343956e-07,3.166962495583188e-05,5.304882266188376e-07,4.2000225128169564e-06,6.3111657455844e-07,2.518418155903354e-12,1268.191021991969,0.5579994752887678,-45.913,0.0,0.0,-45.913,0.0
1005458.0663250615,5.316124801964196e-06,1.2891550881716523e-06,2.8330020760257377e-06,6.733517315042507e-07,5.4059622177420695e-06,7.369859947495729e-07,6.806190811379647e-05,3.700994964968052e-07,4.718581094175236e-05,7.029868259936406e-07,3.21587865209317e-06,8.851442011044853e-07,2.42613441675137e-12,279.2727896126956,0.5119103949755885,40.54409,4.541933674938474,87.67217303597167,40.54409,4541933.674938474
1008082.2774056989,6.6512990900294895e-06,6.592582445345003e-07,1.1889268750976063e-05,1.0364339050204364e-06,1.1039220019314205e-05,1.5202790586979458e-06,6.019703749076434e-05,7.93259521308486e-07,5.912759240371667e-05,8.225779015620542e-07,4.804316485304445e-06,9.789852108563793e-07,4.344440546026565e-12,853.1112322068642,0.5553525098277202,22.98603,1.9177225943011456,92.78475178975977,22.98603,1917722.5943011455
1060000.0,7.267079635277421e-06,7.779531251384479e-07,3.109467902371667e-06,1.7309086209966236e-06,1.4003445232429207e-05,5.4230728678265e-07,7.906628537997736e-05,5.494181401412175e-07,5.7904855869377316e-05,1.998907196718983e-06,9.589869644838972e-06,5.744561491083713e-07,2.8782500936017424e-12,546.4851013853879,0.726514064643494,-2.39418,0.0,0.0,-2.39418,0.0
0.5932076782810403,3.367734597294626e-05,5.402942792896974e-07,1.489135031685875e-05,6.777490881154256e-07,1.5622180741255957e-05,1.510243706691008e-06,3.2707222914615285e-05,7.036136822614011e-07,6.455110556457173e-05,6.382531841528659e-07,5.190191230710714e-06,1.5288220069118844e-06,3.073406760071179e-12,1388.1740053670947,0.4112826278908637,17.18495,5.116207868758387,97.36265416320249,17.18495,5116207.868758387
0.268042275,2.1460480971053385e-05,1.8597613084454803e-06,6.2261588967523395e-06,1.0914286209992984e-06,5.4153892299027834e-06,1.967021082947169e-06,6.789252396502409e-05,5.333355942474237e-07,3.069718033973985e-05,9.868295624816432e-07,2.3126887871081064e-06,6.902767112504906e-07,1.4221352030159042e-12,884.3830683930641,0.40027339855353233,44.26103,10.6114755179842,78.46989184667386,44.26103,10611475.5179842
1060000.0,3.3721963884808854e-05,6.610946601120766e-07,2.601455146439725e-06,1.350857285109903e-06,1.7549316327027642e-05,1.6116831821679475e-06,3.132202793745524e-05,3.6635457469270367e-07,4.510284223091857e-05,1.7831749995090534e-06,6.954868944721001e-06,1.6165989045423607e-06,3.995601254342975e-12,1448.7263753584853,0.5494363120333493,-29.5417,0.0,0.0,-29.5417,0.0
1005653.1971668075,3.54496071670419e-05,8.652513093681877e-07,2.4515419781778928e-06,7.597150504936944e-07,4.982365858402819e-06,6.220091775051854e-07,7.450757271738415e-05,6.774910767748338e-07,7.575411196153323e-05,1.2297461439533223e-06,2.647234641532962e-06,1.9151877009700286e-06,3.0533593159578834e-12,1407.4987716810529,0.7147967170382308,26.32442,4.346802833192496,90.96298251396213,26.32442,4346802.833192496
0.29520765000000004,7.953774921280959e-06,1.1312362931236934e-06,2.8475634804381178e-06,7.650608790047475e-07,1.2114339728609629e-05,5.965424584711961e-07,5.493257466366754e-05,7.679453983722105e-07,7.450805072416749e-05,8.604736116335849e-07,9.908412527472715e-06,1.9057618946193156e-06,1.0535000631187234e-12,983.1052676862626,0.7684152865672318,40.63898,16.00684006940863,72.46221531044137,40.63898,16006840.06940863
1005136.2740319405,3.73885120349723e-05,6.791445140064877e-07,6.250591377900782e-06,1.8319442338934671e-06,5.0160919271683e-06,1.4051134857311724e-06,2.7817482294400358e-05,7.888228307576068e-07,2.5241100867280516e-05,1.7060270325305106e-06,2.3069958700533484e-06,1.336010759272971e-06,2.797136165841388e-12,1352.6495697831683,0.5786519736391176,52.46968,14.127100869085822,54.86372596805948,52.46968,14127100.869085822
0.2938074,8.679220137370714e-06,7.066568517409147e-07,2.2927388050597422e-06,7.136634948520994e-07,4.759627192008284e-06,5.008888197709053e-07,3.4149730563606756e-05,6.461801846110823e-07,7.664563595923174e-05,1.7042110320054264e-06,4.422618912644432e-06,8.452354311674483e-07,2.4079883145649865e-12,331.85712752825805,0.5917957001588643,40.82568,11.205640170177382,73.29951490998008,40.82568,11205640.170177381
1008906.215598243,3.0149877938625033e-05,1.2328003069933479e-06,7.98614970674376e-06,6.264681302058314e-07,4.503816043934404e-06,1.6149897047557435e-06,3.010112122203512e-05,4.643329852026034e-07,7.481482945319716e-05,5.541701097826054e-07,2.629834571428387e-06,8.414303538874835e-07,3.248146570192182e-12,911.1601361959009,0.7592496692479894,22.81305,1.0937844017569855,92.84371834401226,22.81305,1093784.4017569856
1009176.2870984332,6.068088602266364e-06,1.139231614738863e-06,6.886629596172299e-06,9.763522014274482e-07,4.204586691202276e-06,1.8466167989133266e-06,2.514016972299891e-05,7.325846267393151e-07,2.4866570573017946e-05,5.753515416664307e-07,2.7842204130952258e-06,6.506567278831503e-07,3.071281212284631e-12,1138.6495359483783,0.691989602268116,24.12639,0.8237129015667701,91.51626368554732,24.12639,823712.9015667702
0.4333448807543557,8.680164615090124e-06,7.386926596704625e-07,3.227745601716218e-06,5.356159715093845e-07,1.0039450353235434e-05,1.6018166376006132e-06,2.474573457353922e-05,4.802124941410438e-07,3.618048919942262e-05,7.521534346641073e-07,5.804466057138906e-06,1.1490416204241273e-06,1.3790077164797956e-12,233.45640055119145,0.4683328766768893,26.84244,8.613472769825773,83.18175747146658,26.84244,8613472.769825773
0.4193392479003418,9.172801963868163e-06,5.601449807929605e-07,1.0949130394721675e-05,7.666855000557714e-07,7.583640646823015e-06,9.84998630786616e-07,5.0005268702303476e-05,3.871752874316222e-07,4.2523255716316583e-05,6.460700225422181e-07,8.316925800779907e-06,8.343955274770313e-07,2.0491962052114903e-12,542.2847566877495,0.5860231824618602,28.37905,8.712715083986327,86.12821748843525,28.37905,8712715.083986327
1008109.2079957806,8.003632559335708e-06,7.255384546835241e-07,2.264478597537793e-06,1.4186023909173308e-06,1.1711173716934347e-05,5.63081096640388e-07,3.2211654695365385e-05,5.547154224243567e-07,7.68162253982155e-05,1.1324543415031806e-06,4.8750729903941555e-06,1.603911270238625e-06,3.7328513571603865e-12,744.2216974147857,0.614205764791572,5.430258,1.890792004219386,120.06814052541148,5.430258,1890792.004219386
0.35883726147274475,3.0328665966306625e-05,9.65701200583071e-07,1.1817650572891424e-05,9.676280940581186e-07,4.542000762697495e-06,1.7478173186738845e-06,5.3837499245950936e-05,5.375576014666895e-07,6.968799381151991e-05,1.5166631226723344e-06,5.95122756904377e-06,1.1814398898478857e-06,1.213594005265103e-12,1184.3453823309515,0.4691515891225978,32.59502,9.86800354109021,81.2111051067162,32.59502,9868003.54109021
1007320.7696260783,3.872067145900886e-05,1.9242946949318065e-06,1.0197240351771947e-05,5.955819750207924e-07,7.906537708324386e-06,1.967767639681576e-06,3.657319059901387e-05,7.982574657792046e-07,4.77153159148623e-05,1.5891069645455036e-06,3.0288992370804177e-06,1.7673759670417631e-06,4.354919791651898e-12,287.1155389631961,0.5552396612059003,31.88374,2.679230373921639,82.61136246944986,31.88374,2679230.373921639
1006989.6756396357,1.1423977025180709e-05,7.858106418408071e-07,3.4891740519292993e-06,9.436438478324567e-07,1.631498587912061e-05,1.4877181970643688e-06,4.744038957500018e-05,5.464122997602247e-07,3.578085020803963e-05,8.881558717555645e-07,2.5387338254165354e-06,1.1296440613152216e-06,3.3890895633911504e-12,1421.5449804832429,0.7699712667037094,24.74734,3.010324360364309,91.1217511790974,24.74734,3010324.360364309
0.4410968285095886,1.6111058454213145e-05,5.751383265842427e-07,3.5594161775269467e-06,1.0506389406243454e-06,6.956875520198136e-06,8.837927948267179e-07,3.401301617618356e-05,5.305144654484391e-07,4.652236063777254e-05,5.266554534290506e-07,3.1155607197209675e-06,6.103485848613287e-07,2.6633716496857145e-12,1101.7596291172197,0.41551301299271803,26.66325,8.357151859616454,92.70185968064476,26.66325,8357151.859616455
0.48443610000000004,3.179329718600694e-05,7.916793639591542e-07,3.2279472777728967e-06,1.4059055144925887e-06,1.7607432142009893e-05,1.73395051265335e-06,2.056891617993221e-05,6.914514808633433e-07,3.044298672556788e-05,7.374889336572559e-07,4.412219191973102e-06,1.312543911521572e-06,1.1712537913362878e-12,1329.5700326289582,0.45375420838737623,15.40852,19.30377190400121,79.33227182461218,15.40852,19303771.90400121
0.4759468054142232,3.7912097433978995e-05,9.241642753695796e-07,1.0560293866914808e-05,7.264019406387303e-07,7.82296931242265e-06,1.2235810111251312e-06,2.5952461538587657e-05,4.261966989337624e-07,6.267711907460704e-05,1.3965716558076507e-06,6.790363563756005e-06,1.6636799719270328e-06,3.748577812668752e-12,869.850613392424,0.4635889770556002,29.57531,6.089534783431071,86.54216561222403,29.57531,6089534.783431071
0.4486277353868679,9.548653952677268e-06,1.0094647619702045e-06,2.628644764381057e-06,1.6274245755819493e-06,1.6469753398246026e-05,5.204733929269981e-07,2.612673587168014e-05,7.000872663040968e-07,6.381755582132572e-05,7.066072822043579e-07,4.16940346039368e-06,1.7851708308335316e-06,3.108264667786262e-12,556.1707480166666,0.7294025166756465,30.37941,6.941067584525285,78.70120071724673,30.37941,6941067.584525285
1007221.5492254639,1.4293697134486564e-05,1.2064930610514252e-06,2.567002762640309e-06,5.216399921182651e-07,7.28455598264988e-06,1.139252223978023e-06,2.5582679677309412e-05,7.213970125208415e-07,4.511979449713425e-05,8.119820855745712e-07,2.602082773210154e-06,1.7278570212669355e-06,3.338115562025068e-12,1095.5056989007405,0.5140277505739048,26.5428,2.7784507745360862,90.87799297208099,26.5428,2778450.7745360862
0.31702575,1.1170525155140458e-05,6.266860616937297e-07,6.3356453315910284e-06,1.9050583918952617e-06,1.5891138095360618e-05,1.2266807113182397e-06,5.117327237243655e-05,4.462901675779571e-07,3.5284006615653754e-05,5.140942264269639e-07,7.021644718862635e-06,1.449088248595938e-06,1.0144237894040805e-12,1384.9700694680832,0.6589486216700097,37.7299,28.84237991797593,65.52104428979145,37.7299,28842379.91797593
0.3288939823713044,1.7452404916882882e-05,5.059011606865409e-07,3.325730812578526e-06,1.526440270814129e-06,6.539840523727723e-06,1.910630614730937e-06,4.875264940615219e-05,5.049790905094113e-07,3.370472617602775e-05,8.108002274017561e-07,3.0003335240026634e-06,9.54883100993628e-07,2.9739920303046017e-12,1271.6040679118626,0.5588610159888481,38.53077,9.285009705147823,86.8688979600918,38.53077,9285009.705147823
1006939.3693745454,6.1853893191556e-06,1.0160894652234305e-06,7.596815775034217e-06,1.609450158596821e-06,7.3052548372506935e-06,1.2266164806975783e-06,4.6528033376505104e-05,4.5688848952265054e-07,2.323354117079457e-05,5.462654590175202e-07,9.814420563011956e-06,1.215196391771854e-06,4.000891625635482e-12,539.4909803044459,0.6844375102287168,38.7461,3.0606306254546376,86.62449428640232,38.7461,3060630.6254546377
1060000.0,3.197892391133616e-05,7.565892713589133e-07,2.7053740201110703e-06,1.4448790960743874e-06,1.701822451709123e-05,1.5271689178336915e-06,6.08276592898073e-05,5.81281553140941e-07,4.9969945595977796e-05,1.2847712378790734e-06,6.38535894211481e-06,1.240396311431403e-06,4.9796747882643555e-12,537.2541545255856,0.5674262744325367,-24.4227,0.0,0.0,-24.4227,0.0
1006530.0005924591,1.121029903837519e-05,5.250905036574208e-07,8.329783500947673e-06,1.1050294874255207e-06,5.430064544003008e-06,1.3689784659502308e-06,2.7221119262063894e-05,5.517054367119549e-07,5.9372469076756326e-05,1.7569254925203141e-06,5.897200683778245e-06,1.0101921326216433e-06,3.898725806961914e-12,1292.83030297532,0.7505979137368443,31.21086,3.4699994075408744,86.11168916136378,31.21086,3469999.4075408746
0.43134431649576993,7.287053932389869e-06,5.724438633940537e-07,2.5881470995153083e-06,7.156388929955257e-07,1.4691566628299437e-05,1.4397680777398844e-06,2.577793528692421e-05,6.194670982829986e-07,3.184937200973559e-05,5.658923909531193e-07,3.5429288645380303e-06,1.4029074707918396e-06,1.6392432100284058e-12,1224.517567849879,0.5325268547883106,25.76476,9.016799340169204,87.39283135271026,25.76476,9016799.340169204
0.312815925,8.595644406521088e-06,7.516340051883686e-07,1.111461173347215e-05,9.599779244997879e-07,1.613031946180536e-05,1.1228375679179375e-06,7.405524752883095e-05,3.810651454178785e-07,6.86306073976046e-05,1.0006620005931139e-06,8.079507808780479e-06,8.487069752190485e-07,1.6163735031611558e-12,270.28056183534767,0.7416959081613376,38.29121,15.223650970344174,77.14995842952304,38.29121,15223650.970344175
1005087.7282504534,6.653086875325183e-06,6.600252770139178e-07,4.561397603496329e-06,1.1009944343583753e-06,1.7209205864542834e-05,9.428779019013742e-07,3.1010717695423554e-05,6.375105344951411e-07,5.888427254986538e-05,9.829307553241445e-07,5.522083574556044e-06,6.388940163845017e-07,2.776487657527432e-12,206.127551851192,0.5094111448805999,24.83747,4.912271749546626,87.0038141320668,24.83747,4912271.749546627
0.40235055,2.4344229566109587e-05,6.31656231099682e-07,9.332545149520425e-06,9.856546685265894e-07,1.3670107674767502e-05,5.649059837290423e-07,4.687957457072198e-05,5.970188623736615e-07,3.498622388572079e-05,1.9061421082945656e-06,3.706437450886069e-06,5.268450564052008e-07,1.3784295669621032e-12,685.0318270555823,0.4056308474898529,26.35326,24.535811170201683,60.93133759680299,26.35326,24535811.17020168
1008776.7015476613,9.771415015138676e-06,1.587170738454131e-06,2.9362720574068684e-06,1.2776531929953885e-06,1.0967189726056128e-05,7.059540783736929e-07,5.230864845631264e-05,4.739349027203336e-07,2.3914101722361923e-05,8.50923270796825e-07,5.158140281852579e-06,6.302693339447501e-07,3.765668844451057e-12,587.6629295423804,0.5163311167237947,22.81147,1.223298452338693,92.27355830602738,22.81147,1223298.452338693
1060000.0,2.2712645150022345e-05,1.1429322106181135e-06,3.950539876522622e-06,1.7123149539568508e-06,1.9854792192619212e-05,8.041105026610882e-07,6.977777292795163e-05,4.796077724287388e-07,2.597010897425532e-05,1.861116939962285e-06,8.76653627605681e-06,8.746533710656513e-07,1.4443003934027726e-12,1145.3194765772178,0.45248231056687305,-25.8565,0.0,0.0,-25.8565,0.0
1006635.4490535236,2.300950357286794e-05,1.1324015818047339e-06,2.811266370317856e-06,8.311512270701145e-07,1.1396413634678344e-05,5.265808112996148e-07,6.741587125651511e-05,4.415775498367976e-07,4.1973153775079834e-05,5.348380171060039e-07,9.914747144793323e-06,1.251744252940063e-06,2.8630185445054173e-12,225.66429646838873,0.6758998993509704,18.47467,3.364550946476392,93.02779357253561,18.47467,3364550.946476392
0.330550875,1.1894764391771374e-05,8.470432413950302e-07,6.0247025607024225e-06,9.651283205693081e-07,5.117893447035008e-06,1.31074228884634e-06,4.79198263557061e-05,4.5785284713878676e-07,5.004858053106381e-05,1.2526348581893465e-06,3.088416933939627e-06,1.157705797068575e-06,1.2470193378638132e-12,1279.8485366121567,0.4419656947600388,35.92655,13.139796830751816,82.3723686498685,35.92655,13139796.830751816
1005466.6948999924,2.2288486806705705e-05,5.886447535221529e-07,2.516505964386098e-06,5.79358164603002e-07,5.506910893981069e-06,6.59524780463597e-07,2.8798383462093602e-05,5.466672092112264e-07,2.645144212799034e-05,1.3258095045428484e-06,3.2171523371666945e-06,5.280737799529349e-07,2.2229876817862716e-12,470.0021795530995,0.773249737860751,20.94473,4.533305100007522,81.35174353204496,20.94473,4533305.100007522
1001031.74669248,9.943397924686235e-06,5.019014426711218e-07,7.740163472528729e-06,1.7577867882051555e-06,1.534130207825341e-05,1.2640415274244449e-06,2.4593703200901117e-05,3.868495042910918e-07,4.0654377208637786e-05,1.3633228358043265e-06,2.3541221949281904e-06,7.129062160851983e-07,1.4506882934295196e-12,1485.2657099848855,0.5184088714841755,47.109,29.48620467287296,58.96825330751997,47.109,29486204.67287296
1003406.1220638809,1.3129682883048283e-05,5.741970525638006e-07,2.8438375302120252e-06,5.281021939004131e-07,6.3849534074884135e-06,1.5190740574327976e-06,3.085307350003473e-05,6.492605252156988e-07,2.281522593598581e-05,1.4303894586958428e-06,2.1533027303100176e-06,1.6290122469857248e-06,2.9084745399134685e-12,421.66595926328796,0.5430109616950978,62.17295,13.012001407463169,56.59387793611912,62.17295,13012001.407463169
1005749.7913306704,1.2424118975034772e-05,1.1839548513791028e-06,1.1742211788754613e-05,5.687642260979228e-07,1.4848944510369606e-05,6.442706775857727e-07,3.4859576159817365e-05,7.762820470356908e-07,2.9153441116615867e-05,8.534810223292071e-07,7.86364523494536e-06,1.5155045608882849e-06,2.841346701625926e-12,1235.982424146029,0.4452226225510585,24.18756,4.250208669329594,88.97084252964571,24.18756,4250208.669329594
0.30723659999999997,2.1265424002806468e-05,5.423487615704664e-07,1.335815101489865e-05,6.236423450977512e-07,7.813594809723514e-06,1.1340628570938562e-06,6.081931502174294e-05,6.188148842419555e-07,2.571341310671614e-05,8.464528178859809e-07,3.5618848943086416e-06,5.203782104480485e-07,3.008984137549427e-12,1290.0974195112453,0.7893778320901478,39.03512,11.278938111875442,78.6348761371046,39.03512,11278938.111875443
1008593.7203500415,6.560901598703791e-06,1.7910380302070623e-06,2.5110606883569826e-06,8.842759318692274e-07,4.307182441650877e-06,7.185825140720051e-07,3.09186191703274e-05,6.318848276948495e-07,5.118985224206194e-05,1.4489998409931083e-06,5.059299102443103e-06,1.094312247946907e-06,4.8252482523090356e-12,1070.79766567861,0.5353202567073694,35.44762,1.4062796499585286,89.99381714228781,35.44762,1406279.6499585286
1007792.1648349205,1.4838132471489237e-05,1.3205696261079008e-06,2.4231076106660335e-06,1.2512989658169761e-06,5.9677119786784155e-06,8.074803038195715e-07,5.10740737997711e-05,4.895227674549999e-07,6.399973992491615e-05,1.0842432588166608e-06,9.80543154115207e-06,5.39289642264489e-07,2.816543114989074e-12,404.0055852922636,0.7395382299104003,26.09756,2.2078351650795005,89.46724131812387,26.09756,2207835.1650795005
1006311.507856611,2.9395869547986443e-05,1.668823373224346e-06,2.3256356133434483e-06,9.884883871722855e-07,5.89435305759053e-06,1.918914055693294e-06,2.1445893571970072e-05,4.3006523401734497e-07,4.879166209266689e-05,8.745143646277827e-07,2.9193619728836126e-06,9.448709396256861e-07,3.631262174203884e-12,782.528161364986,0.742635689671207,42.06338,3.6884921433889217,85.32753263618456,42.06338,3688492.143388922
1005026.6715177728,1.2668136869195783e-05,5.894387058408372e-07,5.4483142119414085e-06,1.2369146944591866e-06,4.7185068969843915e-06,8.855692884051886e-07,4.329684865672694e-05,3.600487901875497e-07,2.2685824491608383e-05,1.1554113341248107e-06,5.416748451348423e-06,7.627043939118885e-07,2.2662761719490062e-12,468.90662350486787,0.6685897483116625,26.10557,4.973328482227183,84.93943025867797,26.10557,4973328.482227183
0.5398677244980049,3.607665026809012e-05,8.274161114594782e-07,2.2311261807615845e-06,6.810517016109525e-07,8.312159866310776e-06,1.0869621396320049e-06,4.722385900058849e-05,5.252660610344197e-07,4.973751444324205e-05,1.348940767663607e-06,2.402862407309637e-06,1.4326040266268739e-06,1.4288761158583913e-12,643.7642489498903,0.7319535542537605,21.87501,5.842788020079803,86.16966572640008,21.87501,5842788.020079804
1006398.4055140936,3.714842512750999e-05,7.494827234196475e-07,5.725308922443462e-06,1.3233476426245027e-06,4.305836322310663e-06,6.277711938142374e-07,2.4299024122269414e-05,6.381154062209329e-07,5.438158463391546e-05,5.799188792408327e-07,5.345607372873198e-06,6.484587912665598e-07,4.468824122803568e-12,710.7654368897255,0.5828184033171956,25.53976,3.6015944859064506,89.79716648189836,25.53976,3601594.4859064505
0.5098242716694139,2.5390014360104606e-05,1.3505769390114209e-06,2.485029946249247e-06,8.881902812506495e-07,1.777232069792708e-05,1.596522046097999e-06,4.52407302224571e-05,6.669185304464884e-07,3.734743580128829e-05,1.2456626318657404e-06,9.319193920002647e-06,6.025997706112147e-07,2.231856451056332e-12,889.4736517748095,0.4194286422527621,24.69658,6.198055133223445,85.43779699036234,24.69658,6198055.133223445
1006191.5710523713,3.4965323243015614e-05,1.5995124494101194e-06,5.292063537997168e-06,1.0116188312928388e-06,1.761671051811691e-05,6.392290492589779e-07,4.460201137292923e-05,6.451027722326132e-07,2.3895907598380458e-05,8.554830399062296e-07,5.257673961041866e-06,1.6998314815953627e-06,2.250908557692736e-12,700.0614303668153,0.7918003040820172,21.14057,3.808428947628677,85.5746476947827,21.14057,3808428.947628677
1060000.0,3.3582990963418926e-05,1.4386835678604263e-06,3.4709083967002744e-06,1.9015647638176906e-06,1.9072364761328086e-05,9.367210638144706e-07,2.4061784843671206e-05,5.005384745687976e-07,5.278136165368914e-05,1.4111327678660991e-06,3.2356483089042677e-06,1.3222441759664088e-06,3.995846138868644e-12,1125.4366633136885,0.7742048309850144,-13.2775,0.0,0.0,-13.2775,0.0
0.34826347500000004,1.863157780792529e-05,6.605676231383709e-07,7.034202633626348e-06,7.480253101209727e-07,6.972842362468864e-06,1.2699286355462038e-06,7.795659039353562e-05,6.049846073560228e-07,7.55092247710901e-05,1.0054120450805347e-06,6.114109873633123e-06,7.817411001779306e-07,1.2041062473725634e-12,657.9091432017406,0.5921479689562508,33.56487,17.03844927043404,79.7269789004923,33.56487,17038449.27043404
0.31088475,1.637976413638514e-05,1.2607781838233423e-06,4.638192435497742e-06,1.4100413264716869e-06,1.5494082913828633e-05,7.432172852458954e-07,6.473752375938012e-05,6.864556490183455e-07,4.1280486473250576e-05,5.178277848678041e-07,2.527021913089447e-06,1.2662026828955498e-06,1.3795129873057428e-12,1175.2405242710697,0.464374157737292,38.5487,19.75574803631265,79.00544803318851,38.5487,19755748.03631265
1005805.0594339853,9.07422693019995e-06,7.076569272184404e-07,1.0852767688054289e-05,1.3024154335991399e-06,6.432123788884554e-06,1.4212771377579965e-06,2.091608396002791e-05,6.895989736973291e-07,2.3053087962356472e-05,1.665633219575993e-06,6.575261927220971e-06,1.6582746487730535e-06,3.3031190996702123e-12,929.6517186280538,0.49503818902648183,31.03603,4.1949405660147585,76.99642527550562,31.03603,4194940.566014758
1009053.5556875373,2.5542885634785584e-05,1.5132428191412626e-06,3.570519753289711e-06,1.2561311816475997e-06,1.7768267497781453e-05,8.556598472507158e-07,7.5339368471861e-05,7.847035358839962e-07,3.0850801305175544e-05,1.0749348290858552e-06,2.0421719556359825e-06,7.08422656052317e-07,2.7149010849477066e-12,1215.202360738651,0.748047236928534,11.403,0.9464443124626553,102.93351857544225,11.403,946444.3124626552
0.39027413718865994,2.808793272520773e-05,1.7690474612037e-06,8.272249008052933e-06,1.227110162401145e-06,1.3485207310030927e-05,1.0667560357587581e-06,4.616418300296453e-05,6.690529338400011e-07,7.613604591526473e-05,7.517659323510445e-07,2.661003076753993e-06,1.288165271873782e-06,1.3511109758022673e-12,425.93367141189674,0.6055387411098296,30.31719,9.293877512453603,82.48026330115115,30.31719,9293877.512453603
1005906.2428197013,1.0955039461820689e-05,9.056437938579447e-07,6.138862242273804e-06,5.987945767804373e-07,1.0238792192354505e-05,7.120410374170111e-07,3.1626317415383343e-05,6.344740553988533e-07,2.4787476343690602e-05,6.187406683717732e-07,3.361543294494074e-06,5.36522612724369e-07,4.484426978316797e-12,1000.291278929129,0.6647560843859757,30.26569,4.093757180298677,88.03884546951674,30.26569,4093757.1802986776
0.263627775,1.3866972279998275e-05,1.106001989794578e-06,4.115066168228708e-06,1.48253164229029e-06,6.671659937614123e-06,6.782664467655147e-07,2.580656628331751e-05,3.801414676505013e-07,4.028605957939117e-05,8.899908985047245e-07,4.746811848499091e-06,5.679717612510538e-07,1.4276140836982066e-12,477.3599532420547,0.5327534059615926,44.84963,19.516615397846582,64.61534114791485,44.84963,19516615.397846583
0.13970452500000002,1.058773120395703e-05,6.768417991230198e-07,9.112757937855392e-06,1.0431869963947077e-06,1.9891852189483778e-05,1.5663176285864891e-06,7.793473088892922e-05,3.625396511141983e-07,5.055581126903622e-05,9.274455521550474e-07,8.57523220951706e-06,1.1707249703666319e-06,2.7173928314048437e-12,1446.5658608961135,0.6730205443074112,61.37273,18.581588349464067,93.60589497112613,61.37273,18581588.349464066
1006851.6072260209,9.745519728210864e-06,1.7799847248637387e-06,1.3426168719851663e-05,8.536708781337906e-07,9.5426647874575e-06,7.400311932519164e-07,7.074714127678841e-05,6.940641881615361e-07,3.363390020669573e-05,1.521646748608936e-06,4.09695225012695e-06,5.313385606089998e-07,4.244943362110892e-12,450.2661043137802,0.6055578800509734,38.61867,3.1483927739790802,84.11672369954694,38.61867,3148392.7739790804
0.43739814868726445,3.5916218436901955e-05,6.305967406921883e-07,1.3735050516168319e-05,1.0540546448987384e-06,4.047471983010526e-06,5.475048478745394e-07,5.06537912078712e-05,6.676842784806859e-07,6.634104379880808e-05,9.002632941375935e-07,2.364131980647002e-06,1.0537323220971658e-06,3.0988188156235907e-12,1469.0910977407361,0.7100826961852246,30.01819,7.4986170525094185,90.25509457456677,30.01819,7498617.052509419
0.49116996968637233,1.9181073667031315e-05,1.839740421100917e-06,9.007519794779546e-06,6.187845816245645e-07,8.376154048835319e-06,7.91922277816795e-07,2.2579942243116445e-05,3.759429878053293e-07,6.014436492091051e-05,1.0838524811993172e-06,5.045583444400758e-06,6.855297921161107e-07,1.5163070877324753e-12,704.442384738202,0.6520869058503151,27.64505,6.059686212545107,84.54618178822945,27.64505,6059686.212545107
0.5019974384184936,1.230355393009813e-05,5.118460788193366e-07,7.766183270015014e-06,1.0494756839021314e-06,1.1230400676193949e-05,1.1782933157148444e-06,5.703791293747041e-05,5.74624358099013e-07,5.2844893306538344e-05,5.529338844531655e-07,8.90650950303048e-06,5.79255235469624e-07,3.5482469090786325e-12,591.7559227983324,0.4346020885751171,25.607,6.238002463260257,91.17733260766828,25.607,6238002.463260257
0.32150886135634277,2.455169660476051e-05,9.17227998363566e-07,4.4338224964637955e-06,1.249582652059783e-06,8.577548062886326e-06,1.0474893149631037e-06,2.416238591547164e-05,4.919192633326043e-07,6.041761463203824e-05,1.0654396949238724e-06,9.378535941193045e-06,6.105371867030449e-07,2.9744366731715198e-12,1388.4195913000033,0.7180068488929837,38.10473,9.708226545746287,85.58900641273584,38.10473,9708226.545746287
0.4120064501075781,2.2783252678546254e-05,8.387199220453667e-07,1.3547842174950026e-05,1.0770224896177288e-06,9.773206920464044e-06,5.931505849863516e-07,2.0139944087595072e-05,5.79715549340423e-07,4.2114122238281756e-05,1.8582682521956344e-06,3.2658781092307547e-06,1.4108779329008432e-06,4.281064926023007e-12,647.007144803241,0.5650617984104992,31.63664,8.028749995696877,71.21469749184865,31.63664,8028749.995696878
0.33313499999999996,1.9155975701324753e-05,1.0175540218659383e-06,2.7661448551837124e-06,6.790435170016639e-07,1.53293613228271e-05,6.545849920972885e-07,2.5716886160606e-05,6.817334451882992e-07,6.518329381286609e-05,1.6276330097225586e-06,8.968680738117598e-06,1.98429441881423e-06,2.1009249633724243e-12,914.5639925829167,0.5162610670080342,35.582,17.192620853298617,70.37732168276827,35.582,17192620.853298616
0.20894977499999998,5.75181138422755e-06,5.729196807648076e-07,8.629090978696017e-06,9.823988794648012e-07,6.812631032509416e-06,5.972597035711482e-07,4.9620833240771603e-05,3.8993918054928874e-07,4.720800624528751e-05,1.741387390311227e-06,3.335437702830779e-06,9.338689117029832e-07,2.6965276082732778e-12,597.3781362287369,0.633667973138079,52.14003,12.049792064821753,76.67062276871722,52.14003,12049792.064821754
0.3615494105601572,1.620743765935549e-05,8.287373628759678e-07,3.7830396213667607e-06,9.053922019195134e-07,4.031227726223731e-06,7.033673523030624e-07,2.71895336817467e-05,6.499224016355062e-07,3.661026286040174e-05,1.6023842184860724e-06,2.482594242753691e-06,1.3812223569896873e-06,4.107862157273631e-12,801.7028888982933,0.5434966408454387,41.17422,7.185757577593711,78.20687648690947,41.17422,7185757.577593711
0.35167132500000003,9.437099303571728e-06,1.0742603317153193e-06,2.849965841211577e-06,1.159301110052531e-06,1.5504152980123346e-05,1.644247310827903e-06,2.428395386468009e-05,5.534628764667945e-07,2.8807995937400086e-05,1.7084306242402915e-06,2.2619078339527094e-06,5.550924260771037e-07,1.030438358917756e-12,859.331804671246,0.41247769240332366,33.11049,12.845610001388675,65.06962912552407,33.11049,12845610.001388675
0.18656197499999996,1.676754497190172e-05,8.767691460296665e-07,6.5667111917174045e-06,1.7563826091696852e-06,9.718688239867641e-06,1.0621140179899694e-06,7.985907436642463e-05,5.248343398030719e-07,5.857944308905672e-05,8.302612435455834e-07,2.864934149243024e-06,1.4583021703870876e-06,3.2546445033331054e-12,578.298908278686,0.5858804568681811,55.12507,14.28008785798345,79.8111976634904,55.12507,14280087.85798345
0.39670513338450697,1.4451667629202108e-05,8.666793978392153e-07,5.50119603237032e-06,1.2529744347846444e-06,1.565935471286584e-05,1.529521210897764e-06,4.6850743829281535e-05,4.1097458849930295e-07,4.0791635763571904e-05,9.281570779850814e-07,2.668376490216696e-06,1.8627365723799081e-06,2.890081713157724e-12,1458.056227788767,0.6943679235339297,34.54998,7.766800664619722,89.14801496606262,34.54998,7766800.6646197215
0.4122842730523828,1.3665234783959229e-05,8.222169837485392e-07,3.1082083933267925e-06,9.830142917539286e-07,4.425863928658681e-06,8.344343021554105e-07,2.1222827552013686e-05,4.246285222830778e-07,7.039398626402425e-05,8.250209896888025e-07,4.259103496154933e-06,9.390584733361596e-07,1.0776020027704132e-12,1474.7667166820331,0.5296284440255911,26.54777,9.544298077904687,88.5469716780858,26.54777,9544298.077904686
0.3350829,2.160265688350099e-05,1.030072446814455e-06,1.0641971312363155e-05,1.5907912506259915e-06,6.110968224270407e-06,1.0634116112219963e-06,2.5450599374380876e-05,6.067208495229754e-07,3.3186432641323155e-05,1.236852182922615e-06,7.673576260479048e-06,1.0233685447801066e-06,1.8324938665831495e-12,1379.4151543808655,0.6065487128670282,35.32228,10.078955166708537,73.5367994248419,35.32228,10078955.166708536
0.32660450990170214,1.0415225122999528e-05,1.6649038283515588e-06,5.334131154101735e-06,9.755043284663412e-07,1.0577556233191748e-05,1.0025498465564044e-06,2.4249190952159457e-05,4.108965810422169e-07,2.225572427271893e-05,1.2200616123074006e-06,2.8110858356449928e-06,6.478857589266022e-07,1.7913604142849627e-12,1132.493520990324,0.4473320891294171,40.78081,8.701576603931914,77.99225503758393,40.78081,8701576.603931913
1007997.2038033084,8.07222894424427e-06,1.5393755719424485e-06,8.536853379663416e-06,9.747021276876389e-07,8.644443980186382e-06,6.696169266678539e-07,2.500978265063142e-05,7.003305198572295e-07,2.0632120101237774e-05,5.308178029103474e-07,5.033613491666933e-06,6.251430584884645e-07,2.7544181630766984e-12,250.94812481132863,0.6289077196921858,25.78291,2.0027961966915426,87.67951348435238,25.78291,2002796.1966915426
1008470.8638361281,5.61647170675266e-06,7.152498980552488e-07,2.8745765109581354e-06,1.8875000373280577e-06,1.0495253227842688e-05,1.0921790621291155e-06,2.0522977743121764e-05,6.394881481782992e-07,5.005416516485841e-05,7.406733083360743e-07,2.2959669225468887e-06,9.320031417267373e-07,4.942202337811867e-12,1327.4931186897227,0.46822671359587853,21.36074,1.5291361638719032,94.98046171478225,21.36074,1529136.1638719032
0.3986479305010956,2.8110141659395054e-05,1.1500347291394046e-06,9.916712852415832e-06,1.5593084732734783e-06,5.360330377682661e-06,1.2477228400190826e-06,2.8859401825010825e-05,6.418616379266347e-07,3.2161675093491925e-05,9.375322934201387e-07,5.174148369340968e-06,6.875933868236159e-07,1.859628930112733e-12,341.1411480719702,0.4809394196352701,33.13952,8.112226779956178,75.57068412035275,33.13952,8112226.779956177
0.274507425,2.9871611633200778e-05,1.0060618857232475e-06,4.659897348148165e-06,6.151978588600916e-07,4.67056916632446e-06,9.67100932453175e-07,4.689702283377639e-05,3.713982837699586e-07,5.928784957010729e-05,1.0046259291967732e-06,2.4164089681275003e-06,9.756812914791198e-07,1.2333772980698118e-12,984.5170460721237,0.7310087114608295,43.39901,21.213329524613314,74.23697023122078,43.39901,21213329.524613313
0.09382087500000001,3.22859585075763e-05,1.4638227232598244e-06,7.398565755922493e-06,1.031031534895933e-06,7.26010195016787e-06,5.310341573689546e-07,4.168802537054748e-05,4.3239977842963986e-07,6.0822300800609133e-05,1.4939285709006693e-06,3.694050864399997e-06,1.1313898805311638e-06,3.297707993379398e-12,1190.0009951617394,0.6786830412629867,67.49055,18.010644049380982,79.45906628064238,67.49055,18010644.04938098
1005542.292704772,6.126566696919185e-06,6.019711332810866e-07,5.230675875506509e-06,6.901710100803722e-07,1.5940885535660343e-05,7.404803394442328e-07,6.743663859497454e-05,4.989029411787969e-07,2.5991538402747216e-05,1.3363497819090128e-06,7.12545548983768e-06,1.1141737963947784e-06,1.208811713860695e-12,209.35226818575592,0.661818448321279,15.40832,4.457707295228043,93.72599423857974,15.40832,4457707.295228043
0.390344325,2.0897063273650418e-05,7.747503621283049e-07,4.149905962004757e-06,6.196636134673614e-07,1.1415423429007584e-05,7.106767724010573e-07,6.543007174044807e-05,5.048802068098065e-07,3.320241518617449e-05,7.326119230295258e-07,5.980713084230295e-06,1.4239947241889535e-06,1.9446170426528866e-12,1218.924942052599,0.5929871028027522,27.95409,12.813119878099473,87.00317651730063,27.95409,12813119.878099473
0.2761305,1.079706285410888e-05,1.0790956223270794e-06,3.3350395051130546e-06,7.64880447089318e-07,6.9623318385476635e-06,1.3295971694864607e-06,5.546450730224636e-05,7.125337301493036e-07,4.988360390376648e-05,1.4099347422752146e-06,4.103802191566647e-06,1.3182489838034693e-06,1.2974479199509696e-12,478.7955839995041,0.5602243625702892,43.1826,14.010701671306384,71.19580609941136,43.1826,14010701.671306385
0.36884291480496234,1.0106710703736275e-05,1.0726299404762314e-06,8.147004053636345e-06,1.331986875435463e-06,5.180969531433815e-06,1.9041412505381863e-06,2.014722675515658e-05,3.8716035724100306e-07,2.4463941665093113e-05,1.8046556447286064e-06,4.030377846287167e-06,5.464498150935234e-07,1.4289293242547677e-12,304.05165770454346,0.4151021353140316,37.1215,8.109833407801508,69.28938352177418,37.1215,8109833.407801508
1007339.7511953609,1.111862226442025e-05,1.957342469239836e-06,6.891083322540964e-06,1.0295479950016155e-06,1.257335340396495e-05,1.144680622266991e-06,7.420064438035725e-05,6.930228620036834e-07,4.8587413328860105e-05,9.18877277259833e-07,2.7670519192014625e-06,1.2429501576422667e-06,3.646774527858834e-12,571.808465221304,0.4134437405585034,34.13151,2.6602488046390835,88.94040181933418,34.13151,2660248.8046390833
0.44866022643435816,1.739345745466985e-05,1.0221644085340524e-06,3.189747383268314e-06,6.324247717915218e-07,4.239021718984337e-06,6.966535364545133e-07,2.0007966453231683e-05,4.0822760927231284e-07,7.9647787573022e-05,1.4736008083645254e-06,3.5306579083951656e-06,8.647087745525171e-07,2.568339645046353e-12,873.0655112860833,0.694770216058558,33.18116,6.099242942625673,85.27400142203844,33.18116,6099242.942625673
0.5693296129069378,5.766834464097172e-06,5.665721981728121e-07,3.547966318774904e-06,1.579567516967174e-06,1.7443105913754945e-05,8.101104352609267e-07,7.603034460905812e-05,4.489437837612913e-07,4.63550596025623e-05,6.547655788519132e-07,8.930424084957897e-06,1.1094260016755021e-06,1.5223212663240116e-12,729.2750139393621,0.44258598255703063,18.45748,5.689571483722483,93.4078308934909,18.45748,5689571.483722484
0.42292619618438415,5.812206683475196e-06,7.518431638073297e-07,1.3481137710975104e-05,1.521911518337453e-06,1.865396379668643e-05,1.6843898563122455e-06,6.174381811958585e-05,5.697292330102469e-07,5.2357046749181146e-05,1.908065783416462e-06,4.950715356561548e-06,1.4539063913861278e-06,3.384161694313932e-12,1449.6103428920987,0.5835393717336497,37.76096,5.754664152624634,88.16074587402727,37.76096,5754664.152624634
0.334036725,1.3032928774431219e-05,1.127910844198139e-06,2.113311574248847e-06,5.874494437280851e-07,4.459420163403001e-06,1.2035729559875314e-06,7.93591221299651e-05,6.180839270392859e-07,2.7508172109128485e-05,7.745667022932554e-07,9.308032087038635e-06,1.0231434513074998e-06,1.015771958202159e-12,1281.8301584001972,0.49930304374483103,35.46177,10.427092182743372,82.41327967439246,35.46177,10427092.182743372
1005348.0386475943,6.06688676851594e-06,1.2722620305624165e-06,1.045973425528183e-05,5.555765612474517e-07,1.790927582266914e-05,9.6802144135085e-07,3.264983842818692e-05,7.352587236353287e-07,2.9042216520413802e-05,1.8586256436680412e-06,6.004841023494361e-06,1.765228466638823e-06,2.232469689313055e-12,459.56650082260194,0.6941716260971322,32.44162,4.651961352405673,74.94578833597538,32.44162,4651961.352405673
1016326.7215352372,3.0699762512491345e-05,6.659830038102192e-07,3.0092838664396015e-06,7.068082908512891e-07,1.082531814372533e-05,6.207099324841087e-07,2.318800304554671e-05,7.506063412078486e-07,5.1039855680022535e-05,1.2542701858921474e-06,5.371265738518324e-06,1.4424171199879133e-06,2.3904191117483854e-12,254.94206475029708,0.5929168324804203,37.34914,23.94410885040674,43.67327846476279,37.34914,23944108.85040674
0.26852925,1.8175592873611666e-05,9.894376859659649e-07,1.456402867695393e-05,1.7338745818629591e-06,1.6192106369001274e-05,9.87334403210464e-07,7.828790110036025e-05,7.481043957388251e-07,2.9496284695323933e-05,6.802729204492381e-07,5.0594308374146575e-06,5.389772719464926e-07,3.619642658860219e-12,821.8160995956565,0.6163071782367309,44.1961,12.024140632583583,79.87149169308005,44.1961,12024140.632583583
0.3389601,1.4215113678965667e-05,8.630008262077014e-07,7.97293748433925e-06,6.371039663593734e-07,1.9257913417786197e-05,1.3163007324225656e-06,3.784600924466619e-05,6.241832275669141e-07,2.0330419119670658e-05,6.696618893927698e-07,5.094919341421345e-06,7.850586805402996e-07,2.6811030621410518e-12,537.6109998173874,0.6194253601516755,34.80532,10.809783018710744,74.59709696171248,34.80532,10809783.018710744
1005796.6119751425,8.187060476959752e-06,9.610548849776406e-07,6.8788540180387104e-06,8.303827056954517e-07,8.926583504824198e-06,6.694577733379508e-07,5.2832484426078344e-05,4.846350505910293e-07,6.537106378963016e-05,7.367561298246768e-07,2.6715737688701803e-06,5.996856405274538e-07,2.5265723754906784e-12,497.1367743495692,0.4399478963637813,26.12327,4.203388024857515,90.62866181778239,26.12327,4203388.024857515
1005992.8198555987,8.765129557241208e-06,6.9332819983539e-07,4.7780191122952584e-06,8.477828954136689e-07,5.05825113500041e-06,1.8898815845869498e-06,2.4607466227123558e-05,6.850120427420765e-07,2.5548074335095472e-05,9.994426239984162e-07,9.928823958391691e-06,1.6231314375077715e-06,2.298118228254934e-12,1136.7284283820197,0.7141331746775514,32.87768,4.007180144401251,82.13995577014838,32.87768,4007180.144401251
0.36916863282283463,9.330993136828366e-06,1.0899612942146362e-06,6.279426586787409e-06,8.686240504199053e-07,1.215427219151858e-05,5.433948341005186e-07,6.180125513423857e-05,5.266964726266884e-07,4.788999963984931e-05,9.328452249349096e-07,3.427242840329284e-06,8.246901275341872e-07,2.4641541146955717e-12,1411.3979485110985,0.5030859301809677,35.98418,8.438000687086612,91.09247372281382,35.98418,8438000.687086612
1006984.1412443446,5.210544334734977e-06,5.915102109522342e-07,1.1482346400946367e-05,1.9003078073920641e-06,5.5096719675086395e-06,1.11094617088551e-06,4.918648308960009e-05,4.1383801745198484e-07,5.8996043136844095e-05,8.180257014103367e-07,5.90978386611696e-06,9.828120753304373e-07,3.271972889391561e-12,1356.5221838796867,0.5524283993651383,27.77983,3.0158587556553043,92.00406455531625,27.77983,3015858.755655304
0.5061597820415727,9.072491654118566e-06,1.200324416041334e-06,2.67781867235328e-06,6.307547500695661e-07,1.4676755079581507e-05,7.981747912201191e-07,4.798378012986858e-05,5.682497561656722e-07,6.488124681327085e-05,5.519800982309238e-07,2.595749500745815e-06,6.860738952184889e-07,1.6652842936775569e-12,578.7632586327459,0.5069889563482552,26.82866,5.70501071833709,90.04117834603574,26.82866,5705010.71833709
0.4490026643050243,1.9104769868841012e-05,7.282452051817356e-07,4.9016617764153784e-06,1.6536030642429526e-06,7.176312153643356e-06,1.128056670827217e-06,7.626663597183652e-05,5.010357634694788e-07,2.5807178107671e-05,5.162716148906182e-07,6.452397061374713e-06,1.2518355877940295e-06,4.542945112728176e-12,1110.9060069520895,0.4320258951502189,33.69667,5.930892427799028,92.91727979495431,33.69667,5930892.427799028
1060000.0,7.074653500804363e-06,5.767502494953093e-07,2.27432357650665e-06,1.690420247630282e-06,9.66938221710843e-06,5.186128386457531e-07,3.467810445914751e-05,6.631223559994117e-07,2.244668506247035e-05,7.194191803045237e-07,2.567805455084223e-06,1.239420169511485e-06,4.1583198401392e-12,602.1818496149981,0.4989586077260769,-19.2654,0.0,0.0,-19.2654,0.0
1009324.3525977975,9.028297350654257e-06,1.1916506655626885e-06,2.6055865872139476e-06,1.5988510667481245e-06,4.188229468084068e-06,1.2544876522849274e-06,6.592097747008472e-05,4.6674346703870203e-07,3.8699353928602954e-05,1.9318232345098457e-06,4.773996643160416e-06,7.294236365420215e-07,2.0461301947686485e-12,1460.40494392091,0.6790491507628189,17.05783,0.6756474022024225,97.04540428962403,17.05783,675647.4022024225
0.3300587321334053,7.225202461850516e-06,1.144857785606325e-06,7.132392556327234e-06,1.2072314309565333e-06,9.914440949583333e-06,1.0330568210584375e-06,4.8536043094098376e-05,4.609875265107606e-07,3.236280373492627e-05,1.056531839120919e-06,7.302920728915242e-06,9.225638138668798e-07,1.8016547462610075e-12,537.7491571190417,0.5214291662292356,40.10973,8.764731714663787,79.78938545062742,40.10973,8764731.714663787
1008043.7627055593,5.000960236842866e-06,1.5483800003809191e-06,1.104167909541789e-05,8.053957891081343e-07,8.511680006967073e-06,5.057983448768529e-07,7.180960324408385e-05,7.668236802972296e-07,3.874833019763051e-05,5.06370477177125e-07,3.9984472273299244e-06,7.504590343238774e-07,1.4508169626228023e-12,209.3833805074978,0.5494575506108135,22.81024,1.9562372944407211,91.65324467143347,22.81024,1956237.2944407212
0.4762549387315379,1.1770761090434099e-05,1.0875703438875729e-06,4.430597000863878e-06,6.270007138452615e-07,1.3100360926200619e-05,8.582361286285203e-07,3.379280530382907e-05,4.441204481889828e-07,3.5912317730259506e-05,6.969483408673856e-07,6.8457231290319246e-06,1.765294404345127e-06,3.668349107000784e-12,1090.032377492075,0.5138707418693812,32.17855,5.2962374507384835,91.30569404797374,32.17855,5296237.450738483
0.35750137499999995,2.3436882444825536e-05,1.5343390299308664e-06,4.595641932941234e-06,1.6323654118272999e-06,5.364844494639745e-06,7.470054110662705e-07,4.835903376198903e-05,5.895536485055637e-07,2.9165610250812064e-05,1.185509776715163e-06,2.7057594451187745e-06,5.136262332427437e-07,1.0831567980065177e-12,895.4619789776962,0.4743750392566103,32.33315,10.869087753831437,75.25101466371815,32.33315,10869087.753831437
0.3153756543405489,6.1848926758088475e-06,7.26175552312723e-07,8.450263673113563e-06,1.370036320951279e-06,5.818185264766501e-06,6.161559230313475e-07,3.964555456563021e-05,4.73013569717078e-07,3.080476159612585e-05,1.514587265537692e-06,9.967276588655087e-06,9.509022404179281e-07,3.574227039266018e-12,629.3232411465794,0.7374185197072315,48.64046,6.792835826378042,75.21827720771283,48.64046,6792835.826378042
0.388209075,3.617347320077639e-05,5.403914256422715e-07,9.544953382995292e-06,5.520111791873799e-07,8.524687859574326e-06,6.526514309510766e-07,6.422248885740372e-05,6.913768362864996e-07,6.305033757261046e-05,5.921042492198324e-07,6.885583964467414e-06,7.060903578482045e-07,3.459898626717327e-12,775.8492247857961,0.6950476050214034,28.23879,10.702709174315151,89.29812927688516,28.23879,10702709.17431515
0.33375404707322376,5.360839601031544e-06,9.47152916459355e-07,9.455809219773118e-06,1.0297386610736877e-06,1.943253740084267e-05,9.630289611574696e-07,5.143978597657248e-05,4.618895355403747e-07,3.1299212892744706e-05,1.1960921214185465e-06,2.1405071618809385e-06,1.8338070477352396e-06,2.312660193864529e-12,529.3065624356155,0.6554080048168096,42.23122,7.98047211707105,78.7716690746285,42.23122,7980472.11707105
1007429.3788430026,7.558494935133025e-06,1.7112364905426477e-06,1.1396811462352693e-05,6.762255809484125e-07,4.797263757901897e-06,1.202317506785463e-06,3.136220456257705e-05,4.114726542509924e-07,2.9326402146596907e-05,5.902095557860829e-07,7.122260056826058e-06,5.06228175459085e-07,1.0699219695638913e-12,1218.5178123263777,0.59010827150466,22.99495,2.5706211569973823,90.464094851336,22.99495,2570621.156997382
1005336.997828085,1.727441496866835e-05,8.367086915051673e-07,2.3951371800089145e-06,6.221769756302908e-07,4.633902958769772e-06,1.1787761016600784e-06,7.268701040107916e-05,7.980687344245357e-07,4.757701173688843e-05,5.431980716776702e-07,5.6437596984836475e-06,1.3219396174679502e-06,3.5744659490049137e-12,363.57569496479437,0.49306985234242545,33.36996,4.66300217191503,88.27957447308631,33.36996,4663002.17191503
0.49430644399145657,3.8504501874786456e-05,1.4918718876712931e-06,9.187274368394322e-06,1.5273712290478456e-06,8.104222228272646e-06,6.533511962536394e-07,5.199957963590007e-05,4.791930457747235e-07,2.41072042244337e-05,1.7378771336788705e-06,4.367587654991956e-06,9.170040484994511e-07,1.6069289048463457e-12,1106.1491074943513,0.4759103344878606,24.68708,6.821618240341736,83.5278475619631,24.68708,6821618.240341736
0.342600375,7.3707339352269036e-06,8.096270281153427e-07,8.748366602717586e-06,7.323721956653769e-07,1.524573688137724e-05,1.7763895678323467e-06,4.314043190701384e-05,3.803540438684343e-07,2.479502974654549e-05,7.533255271813968e-07,3.055647378811131e-06,8.317520453917582e-07,1.0011591909823731e-12,1029.4338811765988,0.551617427866631,34.31995,16.13712397362734,75.72282169982428,34.31995,16137123.973627338
0.4341531815823759,7.354009117414779e-06,5.131454483588851e-07,1.1241081983542059e-05,1.4661504311181402e-06,5.874415119180937e-06,1.3584929940323228e-06,4.981495204589796e-05,5.536124880092703e-07,3.4223366449194754e-05,1.0339307333047433e-06,4.454530469295521e-06,1.0739565413426822e-06,2.682230161921944e-12,619.3800518866321,0.6563615719140292,34.43798,6.302478736704961,81.18593237142368,34.43798,6302478.73670496
0.4030316914007004,6.291135767746335e-06,1.032685588734158e-06,2.287593971644065e-06,1.591499513318152e-06,4.929107737652551e-06,1.6782824704946848e-06,2.6466328211532022e-05,5.304236046259999e-07,2.2934304754729757e-05,1.1034523738223303e-06,7.68383940550049e-06,1.2447383533286194e-06,2.3309521592935013e-12,1111.7082280471263,0.5023754121335913,42.71981,5.062789343971984,80.79805429737453,42.71981,5062789.3439719835
1006945.2901123654,1.0710768966190603e-05,1.1582183414051857e-06,2.3070077500669766e-06,1.8155693943615126e-06,5.597081843561051e-06,9.881561917564861e-07,6.866308366587115e-05,3.837342110443392e-07,6.0714449166058326e-05,5.438951161986841e-07,4.909860581345403e-06,1.8359003015295656e-06,1.9531644541032487e-12,679.7892461160156,0.6833735139915348,26.7155,3.0547098876345604,90.40230626967754,26.7155,3054709.8876345605
0.3343881,2.7720031537118154e-05,7.227813916844022e-07,2.1707209336642575e-06,5.512490842805743e-07,6.523492316010767e-06,1.8521577301052737e-06,7.574619878846344e-05,3.8902923699019424e-07,5.465463562201279e-05,1.0448690191413235e-06,2.7130459006652857e-06,1.036977106270503e-06,1.4923747604560153e-12,1012.9225696008976,0.4715591566515669,35.41492,15.070791682641286,85.30810115785977,35.41492,15070791.682641286
0.4866198636326324,2.3744330429013353e-05,8.890701742583425e-07,2.4737816801436047e-06,1.2118814692898475e-06,7.116486776753293e-06,9.443811724629335e-07,5.029743082455885e-05,7.285423851373666e-07,2.5203404679790423e-05,6.420658077042647e-07,3.816861621076474e-06,7.983126300324136e-07,1.2899135298190179e-12,1497.9636436692658,0.5772048679993151,22.20806,7.872787454694703,85.97841430411907,22.20806,7872787.454694703
1008213.2851608627,1.0402802392693206e-05,7.739487774952966e-07,1.4744187762272211e-05,7.842079743024608e-07,7.275800469852105e-06,1.4422974585463594e-06,3.6330372185189385e-05,6.427237230574334e-07,4.648698114289547e-05,1.0914828072905402e-06,2.8220151818772065e-06,1.4453475426384731e-06,4.439651887724684e-12,530.3158653379314,0.7846607102525338,26.31293,1.786714839137308,87.07439913139461,26.31293,1786714.839137308
0.3776265733607387,1.2679513281974241e-05,8.67046410161691e-07,8.641688560307026e-06,1.953299184951354e-06,1.0434708873592072e-05,1.0247121612524974e-06,7.927269473584694e-05,4.5811805602906114e-07,3.032836918306586e-05,6.800786030887397e-07,7.927804012664945e-06,5.15270799790607e-07,3.754147665612787e-12,1096.6349390822552,0.5103828546974423,38.12445,7.457602065570454,89.84011758604917,38.12445,7457602.065570453
1007332.3601043586,1.5811666813656915e-05,1.0812095583030039e-06,1.2920188942492582e-05,6.196088142422288e-07,4.250465868938372e-06,8.186459244562581e-07,2.4230369192286514e-05,4.826165985839173e-07,4.4825243269666745e-05,6.906316217654748e-07,7.3781343388290246e-06,5.679399264401045e-07,1.9030359101597623e-12,1393.2463443478082,0.693706381551032,21.17487,2.6676398956413614,91.52076196799149,21.17487,2667639.8956413614
1009269.9312580625,2.2512738813757437e-05,1.5008797451101234e-06,2.833546002297195e-06,1.5707030845611138e-06,1.2135740522135059e-05,1.111466852755744e-06,7.038711156909065e-05,5.790568896314798e-07,3.033086216600617e-05,1.3770478809675182e-06,5.056325377351722e-06,5.57465640399974e-07,1.0941788001883423e-12,1202.17195477118,0.5391720827811733,1.53504,0.7300687419375386,145.72565309017995,1.53504,730068.7419375386
0.3463313427170505,2.7347806073236e-05,8.907197109375497e-07,1.1493052002964189e-05,1.6696816163229352e-06,5.7614108089656165e-06,1.2358968737926105e-06,4.609477637755267e-05,3.633020102981831e-07,5.876011568744973e-05,8.496696418591475e-07,3.2663629824802977e-06,5.293759300959837e-07,2.3844854971639627e-12,394.4540249174916,0.6009606441788932,36.41745,9.221511291317979,81.20868131184116,36.41745,9221511.291317979
0.3765148998009733,7.913520323870465e-06,5.362730386824613e-07,8.73385679096897e-06,8.620033666465059e-07,8.194687067630432e-06,1.1409727868733066e-06,4.026311220818725e-05,4.298520650593664e-07,2.988799374670524e-05,8.637255115660247e-07,2.4741508389798775e-06,5.606180986354852e-07,2.508533077623598e-12,264.10442749111445,0.5596765198187768,32.9329,9.059534007961066,79.45066696988395,32.9329,9059534.007961066
0.46640882811823714,5.967658821568758e-06,1.002530571388239e-06,9.50986599573744e-06,5.990508393436111e-07,4.9697049966668885e-06,1.085675046547171e-06,3.9332508499362574e-05,6.060299636543037e-07,2.624783810939377e-05,1.174456822353915e-06,6.534911176625459e-06,7.034362953399596e-07,1.122217387303867e-12,1209.8034684291888,0.5293646564624845,29.54442,6.480320875270514,80.51288675924707,29.54442,6480320.875270514
0.39779962500000005,3.416251629009926e-05,5.661237273696564e-07,7.741948151165322e-06,8.994289367271308e-07,7.006751828639819e-06,7.799625316936555e-07,4.555957528658434e-05,3.6702625014373935e-07,3.0517519333110996e-05,1.966055207925101e-06,5.392001282556699e-06,1.972900727832731e-06,2.0374717655242975e-12,389.5640177473608,0.41795102037254933,26.96005,15.263282602463578,73.39666362274319,26.96005,15263282.602463579
0.5794264736640963,2.7406455597517176e-05,6.594661104092581e-07,4.24762422230881e-06,1.4294573396372616e-06,1.5780347026814224e-05,5.842847262829379e-07,2.1570745332799533e-05,7.680391092503567e-07,7.227313072263173e-05,1.6672895863282215e-06,7.486503479107038e-06,5.096103859499041e-07,3.0545135179132623e-12,344.6613900114108,0.5800246282553384,14.88734,6.356739053436152,86.96206729858775,14.88734,6356739.053436152
0.4140689251532594,5.2422001600153196e-06,6.680458752502595e-07,5.913134143403571e-06,6.632398998975019e-07,9.285539606311358e-06,7.156449971941695e-07,3.906976724180485e-05,6.448086657454111e-07,2.432930050660132e-05,1.3172329117807447e-06,2.0600749174231314e-06,1.1219511691295166e-06,2.909285939882516e-12,256.52660974929665,0.46812785881790536,35.16934,6.886440993869625,77.2289596095067,35.16934,6886440.993869625
1007816.9586259895,9.025261402711803e-06,1.4931685105031762e-06,6.946835798403656e-06,5.381836610343447e-07,1.1474033243720714e-05,5.058103105031488e-07,3.427817484137821e-05,4.470844295529528e-07,6.51680980239125e-05,1.248504262413739e-06,8.037803414185035e-06,5.134005148761521e-07,4.039186265970591e-12,1044.2344881778968,0.4924674480551268,26.43726,2.1830413740105086,92.12653487160276,26.43726,2183041.3740105084
0.41559065355766145,1.1035129873156094e-05,1.9361944923085763e-06,2.444496082379317e-06,7.742717652501871e-07,1.6140171349535192e-05,1.044723591223915e-06,2.5897893841698617e-05,5.369352804286955e-07,3.773681134245314e-05,1.805877392068582e-06,2.0703786637381946e-06,7.045550203604529e-07,2.3444742070454656e-12,633.6405250200085,0.55735992713091,38.89692,5.707297857693542,77.1985263335299,38.89692,5707297.857693542
0.32600227500000006,6.930425096276415e-06,8.08634580652609e-07,4.064204028943929e-06,1.1895879514742832e-06,5.850056188951971e-06,1.9405808411522965e-06,4.0069455974863274e-05,6.884252402402632e-07,4.762056465970365e-05,1.6903881377876627e-06,8.382901161238624e-06,1.5472617472710525e-06,1.0485660185090289e-12,921.4211570758472,0.5120775378512821,36.53303,10.267116386813637,75.60151452472608,36.53303,10267116.386813637
1008930.7695802168,6.854505722436194e-06,1.7342965760501189e-06,7.514248107403506e-06,5.647131118849667e-07,7.3996521580373626e-06,1.8937047119768677e-06,4.6747745395250336e-05,5.932347796563484e-07,2.7412918935103302e-05,6.977207362857087e-07,2.557390647545476e-06,1.9199574604127063e-06,4.323921013817229e-12,628.0701598817104,0.616893500482357,29.07802,1.0692304197831417,90.12909797347884,29.07802,1069230.4197831417
1009236.6919958381,7.68582388705863e-06,6.059006059946052e-07,5.953162800660802e-06,1.515937335983659e-06,1.6031822391470186e-05,7.673713418317649e-07,5.315748229123063e-05,5.46955114433948e-07,2.4124599428741535e-05,1.988074196555285e-06,9.617645960600046e-06,6.114493025373292e-07,4.489106881712037e-12,1392.2457568754426,0.5269984843367757,8.560383,0.7633080041619354,109.79864035193327,8.560383,763308.0041619354
0.35835250362985294,1.593303267915373e-05,1.8624518503776414e-06,2.5387861934582698e-06,7.765739285200404e-07,1.6477854094185135e-05,1.3699840212958828e-06,5.7792009101539406e-05,7.269779357685852e-07,3.55064299804371e-05,8.842360915389748e-07,4.08015671164798e-06,1.8245453986868705e-06,4.216674864011077e-12,1413.2250395405404,0.5095184658526095,46.4601,5.727869854805884,90.3837410190421,46.4601,5727869.854805884
1060000.0,2.5268213284560395e-05,5.797660926722629e-07,2.9019805568991696e-06,1.4388288251356883e-06,1.0710673269547866e-05,7.238312130239451e-07,4.3895899743871603e-05,4.3289210662079185e-07,2.7594200161427923e-05,1.2966200350398035e-06,3.5656843280836796e-06,1.2979929698393577e-06,2.1534294881937127e-12,853.0219636855996,0.6418847038411006,-33.5221,0.0,0.0,-33.5221,0.0
1006315.3529074622,2.197795851864515e-05,8.3968423251978e-07,1.1135134146585901e-05,9.882111193095115e-07,4.990881512126976e-06,6.536180178522562e-07,2.0913856327120485e-05,6.628801406631357e-07,2.04206462096629e-05,7.268438707377555e-07,3.8880816596715385e-06,1.3993271813967114e-06,4.906281989981458e-12,1185.109566643318,0.42645452969395575,26.91192,3.6846470925378796,86.45383049666765,26.91192,3684647.0925378795
0.2692011663906349,3.43738064106552e-05,1.9605457107907914e-06,1.14768048292805e-05,9.861546379227019e-07,6.747645980855974e-06,9.428432594888457e-07,2.815844530865089e-05,4.973993685338546e-07,2.119395083103622e-05,1.3857466882685305e-06,3.688927585827061e-06,7.715304398022448e-07,2.675614648067493e-12,1165.208211120328,0.6375223205571157,44.70628,9.820069344374602,67.58292630803177,44.70628,9820069.344374603
1008432.9574567087,1.490391751726531e-05,1.683619289081791e-06,9.764119468545705e-06,1.0290393722213845e-06,8.274114951245077e-06,1.573546926304776e-06,2.121128218670144e-05,7.973446650221213e-07,4.1050656806713836e-05,8.652700627834534e-07,6.529678983987235e-06,1.0832767779673457e-06,2.2948646170758884e-12,1019.8431190205365,0.41971817967251046,20.98935,1.5670425432913444,92.05821953914688,20.98935,1567042.5432913443
1006260.5370386059,9.160752943167073e-06,8.681882382104322e-07,3.694311680171153e-06,1.5748801205247924e-06,8.404808458425911e-06,8.980852884007395e-07,4.679221614858083e-05,3.7602662975758877e-07,4.095215297372886e-05,6.089852697763084e-07,7.605025280246269e-06,9.352319847154044e-07,3.1996938825523806e-12,347.1230621166735,0.711492456750416,29.72662,3.739462961394157,87.42260651969498,29.72662,3739462.961394157
1008472.4751571121,3.51500653884929e-05,1.312418907703944e-06,2.6268279276318664e-06,8.870692319501322e-07,8.264482782715338e-06,6.407161042557644e-07,4.5335178036870943e-05,6.359678918147347e-07,2.6460934433542063e-05,9.391102319907273e-07,2.9910936982171486e-06,1.3044438610445869e-06,4.3060527994442956e-12,1235.4320892184394,0.6873498878874252,17.39282,1.527524842887917,93.87783003771314,17.39282,1527524.8428879168
1005804.4093774015,6.464598386841401e-06,5.857390067259002e-07,4.946307855375072e-06,8.269584667815311e-07,9.293784028807482e-06,8.515568475569574e-07,5.9882447517094644e-05,5.416790302201033e-07,7.461717693488659e-05,8.451956591350688e-07,3.6903102422288617e-06,1.450470191944081e-06,4.3414752424112955e-12,935.1390520684198,0.6638121362408176,30.6583,4.195590622598597,92.56975527885663,30.6583,4195590.622598597
1006174.5927147772,6.831475902326245e-06,1.6674425722470198e-06,2.867803383076645e-06,1.3417305510216804e-06,7.858415865963973e-06,7.679246220150242e-07,5.804858276801348e-05,5.141138124368777e-07,4.7664187347358306e-05,5.884974041960345e-07,2.471691137312564e-06,6.623673249607559e-07,2.723648099237651e-12,529.044267653451,0.5834570631314147,41.00878,3.8254072852227665,87.49023687413134,41.00878,3825407.2852227665
1009504.5309577981,2.961305165282256e-05,1.062160893973829e-06,2.0233083706186524e-06,1.699848111212274e-06,5.865834769255595e-06,1.1310985663728306e-06,3.8675608210775395e-05,4.995027250278334e-07,2.232731602597849e-05,1.1488609608620862e-06,2.9653582051862464e-06,1.0678309125393583e-06,2.711426715915527e-12,924.8132427495553,0.7301010018814731,4.901231,0.49546904220184623,122.35073403774842,4.901231,495469.04220184626
1006497.3423668739,5.535388188941317e-06,6.140858801828814e-07,7.459114711006598e-06,5.261120882129576e-07,1.580742216075073e-05,1.2604973506422724e-06,6.390943227517449e-05,4.568759470164975e-07,7.164020156899255e-05,5.351676167261042e-07,3.912644396600708e-06,6.401566031185757e-07,2.949654142536051e-12,994.4166828632502,0.6766054472322667,23.19595,3.502657633126128,94.36994957650843,23.19595,3502657.633126128
0.4140487177918685,1.7229811987738536e-05,1.4892801425578794e-06,2.859451428544871e-06,9.3996285808819e-07,1.0156406231422703e-05,1.8187656206091243e-06,2.275608816476418e-05,4.571872198474894e-07,3.333733665542298e-05,8.455011975669131e-07,2.230113536162865e-06,9.041585456242178e-07,2.4252849687663237e-12,580.6825273637614,0.45381831563122044,36.55629,6.4711642883252605,83.06638478067671,36.55629,6471164.28832526
0.35276143595630466,2.119697384859706e-05,7.314530072908547e-07,5.784068484269781e-06,1.0347572942523511e-06,1.225812196370616e-05,1.1680544187738323e-06,2.327214949091764e-05,6.447082382314675e-07,4.7831372789939946e-05,1.964794636449103e-06,4.356080663009479e-06,1.298916378860833e-06,4.495337135786359e-12,1482.1619750473449,0.5148749215217042,36.08475,9.064117561747814,85.24197366573155,36.08475,9064117.561747814
0.19036867499999996,1.7734194712649057e-05,7.753809077087681e-07,5.764737085825442e-06,1.9862519984302246e-06,7.069567817668019e-06,5.985012955018511e-07,4.362843354088191e-05,5.451675140504924e-07,4.802265659099702e-05,9.896627667374265e-07,2.6716511777643477e-06,1.1637744802122099e-06,3.1281034384686607e-12,1473.0349574358916,0.4006323668903325,54.61751,20.191795973519223,86.13573191553749,54.61751,20191795.973519225
0.39430767968959196,5.255720254022136e-06,1.1899669334453914e-06,2.536426188578856e-06,1.620163686470303e-06,1.448543325630527e-05,1.9971933588789203e-06,3.5506478420429265e-05,4.699563027688907e-07,4.349444061206326e-05,1.2100000332767876e-06,2.0366971098374593e-06,6.608406222395909e-07,1.5734343169397877e-12,1227.2541537000752,0.5231090196975589,38.99593,6.528913812416318,82.5162128245446,38.99593,6528913.812416319
1009338.2349116367,1.4340237136580043e-05,7.834144688731785e-07,2.0248610476517196e-06,1.2938510818726588e-06,6.928855432028032e-06,1.3648981365075719e-06,4.697804530653348e-05,3.6846822682757436e-07,2.551345316712654e-05,7.906053725853299e-07,3.445384700445202e-06,1.2701033666763766e-06,4.368883793920666e-12,1236.4306989776023,0.65826088826583,13.6959,0.6617650883632646,100.95513870059438,13.6959,661765.0883632647
1008154.1259610561,1.3608297341448868e-05,1.1928403583222364e-06,1.206801057654485e-05,1.0525837955604572e-06,6.859486220417989e-06,1.482444471729995e-06,3.550214345934371e-05,6.513607176374607e-07,6.365224823781418e-05,7.571691273816869e-07,6.4232998162566935e-06,7.743220779542732e-07,2.369015342078595e-12,470.7412112550208,0.6741973201385716,22.90255,1.845874038943883,91.00531374867403,22.90255,1845874.038943883
1008607.2737677087,2.6364671123535255e-05,1.7124465269729983e-06,4.078005019416908e-06,1.9175000094938018e-06,6.281930666208385e-06,5.220812780555252e-07,7.820373638924575e-05,5.937021514291556e-07,6.429967965040621e-05,1.1034056571701433e-06,3.743907721099762e-06,1.1410671813287015e-06,4.020916510553656e-12,1177.0022712704972,0.6821064736182079,21.45338,1.3927262322913572,93.51294821770253,21.45338,1392726.2322913571
0.21610912499999999,9.61592930819277e-06,5.224107290250722e-07,4.604592720721409e-06,9.959249048408244e-07,5.86360617105513e-06,9.355020105831996e-07,7.471787886395586e-05,4.278160820975378e-07,3.0411913594845037e-05,5.841709591779526e-07,7.074280811794964e-06,1.4697601926856892e-06,4.349175589519428e-12,776.9063208832823,0.409973909851984,51.18545,10.421976601132837,91.49828497207868,51.18545,10421976.601132836
1060000.0,1.36413797602712e-05,1.0000752903043602e-06,2.934113215218999e-06,1.7990977018826876e-06,1.3002124700157562e-05,1.0332976704895583e-06,5.8606733043084174e-05,4.036411457223381e-07,6.697385310759443e-05,1.5629558607408403e-06,9.050665783407126e-06,1.2775985473326722e-06,1.2381273335565257e-12,1141.9418219292038,0.583747364245618,-0.68675,0.0,0.0,-0.68675,0.0
1060000.0,2.2053875043680236e-05,1.0314613382618724e-06,2.0166307403103516e-06,1.8209290213020273e-06,1.2086177328166854e-05,1.139637627851171e-06,2.2566016751733332e-05,5.22647913994359e-07,2.132106554190301e-05,1.028937551271853e-06,5.776173707994372e-06,7.710848886014359e-07,2.5333605302656936e-12,605.7857679613388,0.7568542337711027,-33.2229,0.0,0.0,-33.2229,0.0
0.392186025,9.744371959299252e-06,6.529712056947988e-07,3.4923301272021513e-06,7.782467656194082e-07,8.135543659662276e-06,5.885764311301685e-07,2.4599712344811067e-05,4.47915765259791e-07,2.042751108607656e-05,1.1858240200415074e-06,4.574493120282075e-06,6.657972234325177e-07,1.757364586126163e-12,614.030385407565,0.45662273151659316,27.70853,11.202056911451162,72.17628860501773,27.70853,11202056.911451163
0.4622719888950881,2.1630411152432505e-05,7.404813947111104e-07,3.275419529161095e-06,5.519026594024259e-07,1.07327830736629e-05,7.996706177147355e-07,3.6994101940001984e-05,3.994022774631597e-07,3.84097123084198e-05,1.275437209230133e-06,2.371754507353288e-06,5.387170948805574e-07,1.9864917409903877e-12,432.67789122522515,0.6384485450127002,23.33862,8.507534444196475,82.14321206368137,23.33862,8507534.444196476
1001280.9648458244,1.715071439616121e-05,1.5936654544738676e-06,8.184980585723697e-06,1.1749755005046174e-06,6.613732640461798e-06,1.5528128458222453e-06,5.373258960670962e-05,6.151087623762685e-07,4.1900569646760435e-05,1.928345789573653e-06,6.749500574084613e-06,9.535567627513278e-07,1.236291683293218e-12,1256.706323050377,0.7678756168442947,53.79674,13.897359076245564,58.71903515417559,53.79674,13897359.076245565
0.32111449132676767,1.3239307996919684e-05,9.4028391354242e-07,7.94310232110584e-06,1.3383280615671083e-06,8.459763650335512e-06,6.893881605064967e-07,2.727518359818111e-05,7.160113622247832e-07,4.7039873305153915e-05,1.7724233292990759e-06,3.7590664332993396e-06,1.3188031537665492e-06,2.917032714957174e-12,1225.4123182522435,0.7529615560911926,40.50052,9.005264346929293,71.53360558731075,40.50052,9005264.346929293
0.36622305,1.2832917551914453e-05,5.214237726029516e-07,5.211667292866195e-06,8.138764119495338e-07,8.403381746233902e-06,6.3358192767437e-07,5.799317116860404e-05,5.833306674496781e-07,2.3863208037166255e-05,5.766886048260793e-07,7.455468580190349e-06,1.5089191922628303e-06,1.6895582348000616e-12,1044.2868366256444,0.7169723758164589,31.17026,16.249726544580717,76.55928535066059,31.17026,16249726.544580719
0.4692587016983065,1.513865147004003e-05,8.715364750424912e-07,4.600626662094332e-06,1.182425819518643e-06,9.661841713364267e-06,1.928906833186611e-06,3.404948358343632e-05,4.725610330019717e-07,6.180962061143749e-05,1.1344086182582962e-06,7.067111433835576e-06,9.142796513614024e-07,3.5507311998339456e-12,907.884944247999,0.49446172765816887,33.72125,5.113276932067739,89.29717549749718,33.72125,5113276.93206774
0.41687685,1.983209064791748e-05,5.570152784780073e-07,1.3049455033149088e-05,1.1083216114088378e-06,8.75386770154477e-06,1.1362862105441215e-06,3.799519201329543e-05,5.607896237396609e-07,6.250822797562138e-05,6.38318339890669e-07,9.314592337730187e-06,5.506529578057875e-07,1.1912673452996683e-12,1258.2867359766888,0.7085373515482716,24.41642,11.175966764886118,85.64445949031622,24.41642,11175966.764886118
0.3236166,1.099412692401336e-05,9.92122585742058e-07,7.56335706290169e-06,5.668606421717951e-07,1.4898480031978846e-05,1.7106244587900282e-06,6.99591135694214e-05,5.982812637271315e-07,2.00051116557862e-05,6.127840741181457e-07,2.5428913566515304e-06,1.0442822094625006e-06,1.8732087670462468e-12,951.310839364735,0.47826664807099606,36.85112,11.358090551219108,82.58387383482213,36.85112,11358090.551219108
0.4644407432197015,2.0627233818875232e-05,7.754982520074371e-07,6.310398556846786e-06,1.773265465970788e-06,6.530273927362569e-06,1.848899228567677e-06,3.653942843036337e-05,7.889492256269547e-07,3.223279407793894e-05,5.658826496430424e-07,2.0263063693185573e-06,1.9627049305426916e-06,1.9165575719181442e-12,365.82240617466516,0.5176738651466685,30.07425,6.400095271211941,82.41081628195509,30.07425,6400095.271211941
1060000.0,1.0774856687861976e-05,1.0701182851317796e-06,2.2259717466056965e-06,1.3256576501042706e-06,1.498793902344536e-05,8.227290334739458e-07,6.600135665421637e-05,7.186366561736657e-07,2.7711452673763118e-05,1.3235785022907056e-06,3.7723478079130792e-06,7.771444138160786e-07,1.851648120815458e-12,696.0345586072433,0.6180475151873114,-6.82965,0.0,0.0,-6.82965,0.0
1005881.2401035633,1.9826948866979736e-05,9.65764156949354e-07,2.9224023632026932e-06,8.52156383089859e-07,1.771108668986712e-05,1.6020568831505693e-06,2.4768982110742846e-05,7.983765540793182e-07,5.0634902158950494e-05,6.023003057040135e-07,2.2448033157674927e-06,5.110072265710378e-07,3.192967414186243e-12,832.7117380150013,0.5746940463035555,24.25926,4.11875989643672,90.40944592157832,24.25926,4118759.89643672
1015015.6094511849,3.9194546316120466e-05,5.622668469460984e-07,7.29511057023007e-06,8.89897409950548e-07,8.333171921837414e-06,1.4926302702076294e-06,4.6230950530926657e-05,5.057447464011125e-07,2.566130880579363e-05,1.013137389862115e-06,4.862911968795956e-06,9.33092191528605e-07,1.7715323869970905e-12,441.5283437982455,0.6418293029291332,55.09082,30.295596710671884,44.98439054881512,55.09082,30295596.710671883
0.2924095477874548,1.663031507967637e-05,1.6173229340695324e-06,3.2225578408831824e-06,1.0023995067390494e-06,7.748601025974728e-06,1.0660924269244864e-06,3.3263501680591014e-05,7.862155327455181e-07,4.396328392845214e-05,1.328469481009666e-06,2.399542771561718e-06,9.747240978947057e-07,3.0383435331548386e-12,384.7137238773786,0.6925172732067348,49.3971,7.484488088501807,70.86408237880798,49.3971,7484488.088501806
1007632.2224284015,3.865720401020335e-05,1.95522787071747e-06,9.607022370154452e-06,9.52553913272048e-07,4.536737292005556e-06,1.7169296850901057e-06,2.2608929770725476e-05,5.249800427506199e-07,5.5920304685193186e-05,1.8931937886942295e-06,2.267811297607767e-06,1.2036161152776639e-06,3.612823379809852e-12,606.249637879065,0.42110970885630034,31.57446,2.3677775715985288,84.88550407414083,31.57446,2367777.571598529
1008527.7951572365,1.021464108830451e-05,1.4712620858490972e-06,5.144212841615172e-06,1.0177097896220668e-06,8.512151771471058e-06,1.3828350677084933e-06,3.585146851022515e-05,7.752112666405911e-07,6.0479509706712345e-05,7.46604902166995e-07,2.1170054590056597e-06,1.797172675435724e-06,3.340610107321441e-12,1145.0632283130885,0.6254825093163345,25.75659,1.472204842763501,92.01437315867753,25.75659,1472204.842763501
1006929.1335316541,5.681143657021736e-06,9.63476286552863e-07,2.811801704531186e-06,5.370914906410316e-07,1.9692248175597623e-05,1.5345243718374074e-06,4.7523266767660945e-05,4.526542272914655e-07,2.242363760154064e-05,1.007788024900272e-06,7.873443040432322e-06,7.349395999196942e-07,1.2377719015218305e-12,565.2635109259354,0.7431433536319605,19.40813,3.0708664683458586,91.67633611791877,19.40813,3070866.4683458586
0.20293747499999998,5.149873965080036e-06,5.836190209601948e-07,2.8433335517045516e-06,1.1356672997427855e-06,5.10151598412744e-06,9.287140303193964e-07,6.129126081699961e-05,4.435081745778707e-07,5.283704358758371e-05,9.793096646724571e-07,7.240474868492851e-06,1.651788367775124e-06,1.7363627675746507e-12,309.72190542183307,0.458028100715709,52.94167,14.222088962911316,76.72908514596257,52.94167,14222088.962911317
1060000.0,3.486611367333155e-05,6.191241314390059e-07,5.43269245457694e-06,1.9822942756316098e-06,1.3820506776879199e-05,6.953903144865702e-07,3.681694748093302e-05,5.989704768826849e-07,2.679035121940276e-05,1.383883235967664e-06,3.485198936141524e-06,1.218006805870131e-06,3.3733438119917448e-12,350.792673738898,0.4670401587009875,-26.8244,0.0,0.0,-26.8244,0.0
1006950.8107079007,1.1457040361699684e-05,7.592959719884982e-07,8.994094256693598e-06,1.4189814269970372e-06,9.424885435736026e-06,8.465115092014802e-07,5.3192233253182355e-05,5.258770626563582e-07,2.445788516893329e-05,1.6708190198535898e-06,2.0385525201200974e-06,1.808063130751135e-06,2.0592645974558502e-12,1082.0414268254876,0.7847050891228122,20.08874,3.049189292099339,89.0140438882024,20.08874,3049189.292099339
1004835.8844582068,2.068563051455399e-05,5.292551214873231e-07,1.2708208783554702e-05,1.2098668666183708e-06,1.8638187886804815e-05,9.097687325532125e-07,7.140791690237915e-05,7.144461610391483e-07,3.182002156117244e-05,7.240572264192321e-07,2.3427315315075055e-06,1.2385795773799993e-06,1.876742754638294e-12,1205.0963198980571,0.6996363647037653,56.6404,40.21262613480387,55.16411554179316,56.6404,40212626.13480387
0.392865975,2.3020838257749096e-05,1.1308821415990255e-06,2.9621149736168716e-06,7.981950328673397e-07,1.2149092477544203e-05,6.416388067782338e-07,4.272928306211362e-05,6.160582338167732e-07,6.335150968628913e-05,5.083601408468729e-07,2.340553097887765e-06,5.774686651184352e-07,2.0497468317336682e-12,485.24122344572726,0.5133188076373819,27.61787,10.724156476419024,86.83030536487858,27.61787,10724156.476419024
1007699.9666730518,7.470302629478573e-06,5.167007724705074e-07,2.40704522731898e-06,1.8365662455038181e-06,1.1508204044650148e-05,1.5920860064764728e-06,7.46932523495815e-05,5.992135983223e-07,5.3374483784369676e-05,5.904775930365117e-07,7.937001133754847e-06,5.986623747302459e-07,2.876074666038789e-12,1369.8663796654164,0.6264275217151644,14.37484,2.300033326948169,100.62646944840411,14.37484,2300033.326948169
0.33151424999999995,3.736005363607193e-05,1.731477044441486e-06,8.123993050299874e-06,7.103842385534562e-07,8.481016989577189e-06,1.830660315801549e-06,4.84857572356374e-05,7.521106110566106e-07,2.9337930856691733e-05,9.03731927997628e-07,8.55999579534776e-06,1.4537316874671558e-06,1.6828669625747786e-12,410.55584114008155,0.4295988240161165,35.7981,10.120785150794156,74.80086496107442,35.7981,10120785.150794156
0.35181675,2.5163242726815792e-05,8.500372711641801e-07,3.9095184769938205e-06,5.434116105445657e-07,1.8620858977718596e-05,7.216292414252582e-07,3.6836849154213034e-05,5.33120598563122e-07,7.245938678373634e-05,1.1652211311278543e-06,2.6653590439800655e-06,9.890494704823525e-07,1.2605574169822867e-12,1199.3195202993575,0.4873545992790648,33.0911,35.75866088765692,74.33145319987516,33.0911,35758660.88765692
1008921.1997243878,1.9052951466134494e-05,1.7718032955066253e-06,8.453744182012929e-06,5.769724075595384e-07,4.498094103087897e-06,1.1039609336139985e-06,2.8307664003745622e-05,5.139594040226787e-07,6.930813922913946e-05,6.145952623121863e-07,5.605381058126142e-06,1.8223340561636844e-06,2.9143354857336843e-12,546.3674254498609,0.6800220797354903,20.78475,1.078800275612169,93.53317298363228,20.78475,1078800.2756121692
0.41466609578445335,3.2803565430262776e-05,1.109016248864219e-06,5.649651997890326e-06,1.8401484361967174e-06,8.811101645932e-06,9.151723278126839e-07,6.444633460256365e-05,6.716170189112322e-07,5.9412372899476434e-05,1.057206671348903e-06,2.0106743666715066e-06,1.8768465381091565e-06,3.730277572482627e-12,826.6862441417928,0.6268975542047741,34.80713,6.971217168621867,84.36608751358236,34.80713,6971217.168621867
1007166.6870165634,3.4945981389392195e-05,8.223569534091772e-07,7.90092675818225e-06,8.712928425606595e-07,1.1066225659551367e-05,1.8890328284378247e-06,2.2678637214059332e-05,5.517015577687277e-07,7.578178089400037e-05,5.589974354117267e-07,4.190869299826595e-06,1.4469511128623723e-06,2.836531277332642e-12,429.60379586233284,0.41573247303817557,18.32307,2.8333129834366177,94.05310381598268,18.32307,2833312.9834366175
1006154.3825461932,1.1114869621367677e-05,6.515764298566321e-07,8.127736615054323e-06,1.7325793117735805e-06,1.1036780330734388e-05,8.22747842344435e-07,2.249688055337557e-05,5.966870251410477e-07,5.5429283774140444e-05,6.070494314034993e-07,2.728952737572011e-06,1.3561136311424297e-06,2.5968751390301377e-12,836.0023156210615,0.425197052337942,18.39543,3.845617453806744,93.98400404089864,18.39543,3845617.453806744
1007214.1884476575,1.538640450054086e-05,7.660241384637601e-07,5.864895084703551e-06,1.589420199578122e-06,8.243512504753433e-06,1.9884816599245866e-06,2.1053868750469898e-05,3.7647963054866403e-07,5.961011116854191e-05,5.305751701029261e-07,2.4190187774918736e-06,1.53071682022656e-06,2.927077085063171e-12,795.8814741828793,0.6712311293786766,26.0948,2.785811552342461,90.77525154110148,26.0948,2785811.552342461
0.37417162499999995,3.079649530232246e-05,6.146799188655289e-07,6.426773386981385e-06,1.8020407349629289e-06,4.244596139000094e-06,6.084374854545158e-07,4.950804750653812e-05,5.244638681331092e-07,7.140564599472813e-05,5.327768815909579e-07,6.183230418416304e-06,5.991858531405343e-07,1.3194620100778935e-12,264.9453966026086,0.5229349339626408,30.11045,19.136864545599952,77.55559608827734,30.11045,19136864.545599952
1060000.0,2.6046532324972453e-05,9.410668958477571e-07,2.8209388181379473e-06,1.134522309353151e-06,1.4916872756096889e-05,5.794123740396252e-07,3.9841915025433855e-05,6.814695689608556e-07,2.715362948489027e-05,1.5251034032149863e-06,3.971357871474747e-06,1.5401192475450641e-06,4.85873566903407e-12,1081.9171884850502,0.5296939764046742,-28.0455,0.0,0.0,-28.0455,0.0
1009116.7217471846,3.804112226468318e-05,1.1110579152329948e-06,2.63755567457302e-06,1.5942238142684168e-06,1.4335547002661588e-05,1.4423844661127506e-06,4.5509587384514794e-05,4.7059899471010345e-07,2.364427620817838e-05,6.081392476451691e-07,3.901309591620165e-06,1.3127494319256425e-06,2.436774848402958e-12,770.2595756704955,0.7702702122389847,2.846808,0.8832782528153116,133.8558823835479,2.846808,883278.2528153115
0.329428875,5.441576866718989e-06,5.743235802314301e-07,1.1028787773417974e-05,1.1686824752592833e-06,1.3983701652886271e-05,5.109523470706438e-07,3.92838124843716e-05,3.618299024975737e-07,2.5647633453631776e-05,5.657679980910989e-07,5.709364158118381e-06,1.7098032057617935e-06,1.9540103620946398e-12,1249.6353442215393,0.7090250834107771,36.07615,13.584995330375003,82.38765518942881,36.07615,13584995.330375003
0.26435662499999996,2.109754298104998e-05,6.654122989386845e-07,7.259666735853938e-06,1.0325228636325277e-06,7.763499475512996e-06,1.8355077690869835e-06,4.662410324565749e-05,3.7097877797792936e-07,2.5668534568390735e-05,9.998442410321117e-07,9.231235652417453e-06,1.1928257508209507e-06,3.523725457807743e-12,652.2096368999901,0.401828016512723,44.75245,12.137058412838467,82.60979439599502,44.75245,12137058.412838466
1005388.5407032756,8.16156102786662e-06,5.884597501743518e-07,5.820852852957393e-06,5.709228501773102e-07,7.161733361664219e-06,1.4361998116951965e-06,4.226447862059198e-05,4.288888145411681e-07,5.8185616645848525e-05,1.2471667033113108e-06,3.1206415470299933e-06,6.540342015764123e-07,3.604197426589823e-12,1090.816880739601,0.7874295351251495,35.36446,4.611459296724414,88.5608027015927,35.36446,4611459.2967244135
0.3957754787503279,1.3409342687581421e-05,6.38450924669977e-07,7.716953025189219e-06,5.307966618021491e-07,1.1292715138132145e-05,7.42328178946855e-07,3.6536622735399194e-05,4.7014486268272397e-07,6.106337580289646e-05,1.430794067551875e-06,2.1444089774256942e-06,1.3955499566406379e-06,4.430475495144923e-12,428.6538906802184,0.7141968072326935,33.99452,7.9706248499868835,80.73776763296853,33.99452,7970624.849986884
0.34545224999999996,1.3709578232297676e-05,5.872839724451144e-07,1.2141689132156905e-05,1.3592456029278688e-06,1.0383509620541903e-05,7.856423627416822e-07,2.6344518122838626e-05,6.180541027544811e-07,3.141317828917815e-05,1.4721764088776719e-06,3.3805443521857446e-06,5.728098742937899e-07,3.2784127427392735e-12,1330.8521938319695,0.5502129551510965,33.9397,11.215914297667887,76.60631747569865,33.9397,11215914.297667887
1001688.5776419825,7.91130871468237e-06,9.60581893381468e-07,5.307822896436082e-06,1.7182949351296577e-06,5.050909566725602e-06,1.8097296992966026e-06,3.75804344492422e-05,4.904828235196096e-07,2.4163161506869282e-05,1.356268138688087e-06,5.530874428633575e-06,1.933361988729879e-06,1.3846478867332857e-12,365.3752941021544,0.6768842118044669,65.33878,11.987966331605953,58.311422358017545,65.33878,11987966.331605954
1007370.3481396335,5.660318576740044e-06,6.04160177463529e-07,1.1124413320846536e-05,9.441957210133595e-07,5.268956055013075e-06,8.050509611945967e-07,6.83441542647203e-05,5.82956173524643e-07,5.975642874028625e-05,1.2108317643929836e-06,5.3514292449294915e-06,6.328216961007278e-07,4.765361520338814e-12,1311.505228270687,0.43458973292021796,27.47717,2.62965186036641,93.69686903336948,27.47717,2629651.86036641
1000379.8546119315,2.9709437516692126e-05,9.851578422109183e-07,1.486953161666977e-05,1.1353693828852863e-06,1.5384741895198955e-05,7.362878279413884e-07,5.5023026999722396e-05,6.480374683766527e-07,2.8153384221455677e-05,7.870852966959853e-07,5.0822973199687394e-06,1.721475031800653e-06,2.5919738769345458e-12,393.6606123140539,0.6294803139515275,42.64221,22.019874594785215,59.620145388068565,42.64221,22019874.594785213
1007701.0110673631,5.0530723568812955e-06,1.9458062755755945e-06,2.1681223912563673e-06,9.601323946366862e-07,1.3781383039627425e-05,5.2385560501857e-07,4.176352403313349e-05,5.278458484444754e-07,6.046226515155916e-05,1.5611213017613768e-06,4.142599427006013e-06,6.978665003865389e-07,2.4567764326277603e-12,216.14988894095856,0.6927145135599914,35.05803,2.298988932636885,86.45488337208354,35.05803,2298988.932636885
0.32474414999999995,3.604506340118947e-05,6.009946292593379e-07,3.629649938008902e-06,1.2271234532970925e-06,4.628893553209266e-06,9.723623261197498e-07,3.051827047646841e-05,6.312475363875734e-07,6.569776184561599e-05,1.408904078790754e-06,2.080148219922967e-06,9.393154181972314e-07,3.463295262034634e-12,1336.4587494289528,0.5621441489009432,36.70078,10.134892479840174,87.66539121766297,36.70078,10134892.479840174
1009079.4020258341,2.5839463901815766e-05,8.355748191696317e-07,5.097030753585848e-06,1.2031400653091267e-06,1.5975029051680114e-05,5.514863886481622e-07,6.901303502343183e-05,4.696238922368929e-07,2.0927911583055983e-05,9.023784414285557e-07,3.0874837476292376e-06,1.8559926369586665e-06,2.3941197466156646e-12,1232.8223792410668,0.7150767376561915,3.765989,0.9205979741659139,128.1076232098684,3.765989,920597.9741659139
1005748.5376802349,5.916751153684659e-06,1.6954808574141595e-06,8.807765794020999e-06,5.394732576440289e-07,1.8315208810070146e-05,1.2739475958327939e-06,6.84929648709017e-05,3.9335466903833365e-07,3.3199964936366594e-05,1.1795747952193022e-06,3.6020792182466513e-06,6.375165969646079e-07,2.4579767403415445e-12,287.1076884045129,0.6837348543810114,40.00313,4.251462319765136,84.2797205131447,40.00313,4251462.319765137
0.3993540032153082,7.653214706367515e-06,1.9486881648389704e-06,3.2348059428062022e-06,5.852461150473872e-07,8.639976687183054e-06,1.8382027031511814e-06,4.469888272086714e-05,7.74297171333776e-07,2.675090966483175e-05,1.4044774190829988e-06,2.874774968728825e-06,8.153115390721857e-07,1.5377124095932763e-12,1084.2947605983009,0.5108581335975528,41.11204,5.692227871387674,80.37148177519148,41.11204,5692227.871387674
1006332.0417739416,5.70424376450831e-06,8.068951724973144e-07,5.327314368740284e-06,1.0376825782589426e-06,4.873379197333264e-06,1.3376035463236344e-06,5.1216781076552705e-05,5.509219906880468e-07,2.9990980853629914e-05,1.182551107799353e-06,7.246675346012027e-06,1.8541148919385024e-06,3.6755645770775796e-12,1423.1386531000542,0.4262510364900636,37.8123,3.6679582260584027,90.65242787295588,37.8123,3667958.2260584026
0.2923220136874047,3.194764615410614e-05,9.432736288429688e-07,2.3506285686945986e-06,1.7361501450275177e-06,6.3624422014869655e-06,1.8832882875291944e-06,2.327417196266027e-05,4.487412450741607e-07,5.2567248465363796e-05,9.949234753356636e-07,8.177564046596718e-06,1.0290943645864489e-06,2.74439896146115e-12,581.1202745251181,0.7878298422169786,47.0241,8.199889452503815,71.30467437019978,47.0241,8199889.452503814
1003403.7274444284,1.5414679294587684e-05,6.004244941425877e-07,4.021739638922095e-06,9.251249280292996e-07,1.12895096265826e-05,7.489979080338122e-07,2.182374991345911e-05,7.221537100418455e-07,2.759976775262573e-05,1.8594776711409204e-06,5.644642068075436e-06,8.847755717797137e-07,1.7362076292467034e-12,1039.8665943955755,0.5305225655023706,26.89503,13.42153957774861,56.59627255557159,26.89503,13421539.577748612
0.25607175,1.717216291653643e-05,1.313783144560722e-06,1.0908146458715404e-05,9.269173485688831e-07,6.5253592217160025e-06,6.003636373249906e-07,5.9739970436529426e-05,4.129132191824178e-07,2.8679401460113187e-05,9.783931614464906e-07,9.539749874681926e-06,1.4534681664793343e-06,1.0791318662835715e-12,659.0571639664221,0.5823706148750003,45.8571,25.968482764217903,61.028926970549065,45.8571,25968482.764217902
1005158.718565645,7.0666052113365725e-06,1.800332376734923e-06,8.39284600314345e-06,7.425155601223163e-07,1.915586888329331e-05,1.6006560719934987e-06,5.226041343480123e-05,6.128954695962018e-07,2.474212821598985e-05,6.953497164092905e-07,2.136946401394175e-06,7.75528484111819e-07,1.2257479942812125e-12,538.5293564243151,0.4737986332331758,30.49318,4.8412814343549675,84.90435622839941,30.49318,4841281.434354967
0.45553665981089464,1.6104476084081717e-05,5.246321689247978e-07,3.787696796808563e-06,8.05353471890247e-07,7.289812293851044e-06,1.056822577072377e-06,2.505667905053535e-05,4.5801495127353025e-07,7.164509571898817e-05,8.760740128459112e-07,4.467941102377909e-06,6.116455576792426e-07,2.0900502862267555e-12,616.2833102261218,0.4017177223269646,23.76698,8.648439607564212,89.07286038524107,23.76698,8648439.607564213
0.23802037499999998,2.322188272744628e-05,1.933482990111875e-06,3.898709320865522e-06,1.3295174503595466e-06,8.576485090422182e-06,7.472455809876436e-07,7.40253317758071e-05,7.877591275942642e-07,4.430455912485894e-05,6.130883728120453e-07,4.967179678878618e-06,1.7577886003551735e-06,2.037128886736323e-12,1095.8910759241157,0.692656208512131,48.26395,12.825854428387718,76.76882325173952,48.26395,12825854.428387718
0.19547370000000003,3.250188534099497e-05,6.066122708506297e-07,6.069511531188467e-06,7.663973095242067e-07,7.634617080472419e-06,1.6040886031137062e-06,3.7113533984655045e-05,3.8759110333867e-07,2.1585571233399704e-05,1.2164063945061191e-06,5.1148284583950666e-06,6.803210878889402e-07,4.508185966254428e-12,561.3053199233887,0.40901945854303107,53.93684,15.1069559836282,74.11439342036724,53.93684,15106955.9836282
1005066.7307390269,1.5318094910232764e-05,9.271766659182392e-07,7.738988331421226e-06,5.643859091530263e-07,9.11557602860288e-06,6.546973655182773e-07,3.106985749331513e-05,5.836277288705136e-07,7.396303001081474e-05,1.7616091901455201e-06,3.5760493938492827e-06,6.13821837158815e-07,3.9516951548890585e-12,680.5189572419704,0.5491324603920901,27.69283,4.933269260973122,86.55890511702886,27.69283,4933269.260973122
1008337.8628085665,9.037220926560647e-06,8.137796263220725e-07,1.433583707906443e-05,1.680165643120712e-06,4.605627469689606e-06,1.3714544566902352e-06,3.702348558141319e-05,7.952849734561347e-07,6.0939218938185094e-05,7.460106009270189e-07,7.314271984883008e-06,1.919487741140458e-06,1.9780897547516356e-12,1365.3574745241694,0.4558270747527824,18.7247,1.6621371914334948,94.75447720657311,18.7247,1662137.191433495
0.5369809539981276,1.6952995390440286e-05,5.633705086928773e-07,3.0398597152829196e-06,9.654184210085433e-07,1.615974552326559e-05,1.9632946321027005e-06,2.1919753315609556e-05,7.749104824625059e-07,5.705004826659072e-05,5.65224754924343e-07,3.865722722763114e-06,1.7762331857178742e-06,1.948645604121485e-12,922.5579984542425,0.6840988027093301,21.65518,6.024207840074895,89.96183570483434,21.65518,6024207.840074895
1007347.4046599147,2.404490528590994e-05,6.045166914954666e-07,2.9093569408929537e-06,8.488250072533039e-07,9.754305634687387e-06,5.301475423313462e-07,6.287544085994253e-05,7.010132147222619e-07,3.0479278638405146e-05,1.0856522892332677e-06,4.2166633212164635e-06,5.1895452527849e-07,1.0039455346454028e-12,541.4801306293921,0.7824106384532309,6.231356,2.6525953400853073,113.76259584973063,6.231356,2652595.340085307
0.43082236171867294,2.8337828576001156e-05,9.626493825422689e-07,7.467176231242532e-06,1.7235379332882556e-06,7.827806150840902e-06,9.888153241006953e-07,5.1898267267727295e-05,4.377023000001743e-07,2.35987317356811e-05,7.34296214899366e-07,9.909207093762726e-06,5.484567082054785e-07,3.3199227026909044e-12,955.3855011212205,0.6262298358561651,33.24086,6.794847531253085,85.25825541115526,33.24086,6794847.531253085
0.31245615,3.042037113968483e-05,1.1941566438491275e-06,5.219089971233566e-06,1.3090227742195106e-06,4.8489242482773806e-06,1.017516182236694e-06,4.439900585156085e-05,7.070254562506015e-07,2.5065351494710648e-05,5.422465176679784e-07,3.3456268702841233e-06,1.6895447101747112e-06,1.2436798958510054e-12,412.30150735940646,0.509068141463886,38.33918,16.595455656581496,69.0001277686857,38.33918,16595455.656581495
1007700.8036346921,1.196269146485385e-05,1.770564305701058e-06,4.097680444692193e-06,7.472756382573436e-07,9.380870135939906e-06,1.8310028534868553e-06,4.077635973616499e-05,6.638885019620061e-07,2.5784337808612764e-05,5.699934732322996e-07,6.7157534846408825e-06,1.062471888799716e-06,4.072035743326036e-12,1274.8685955889027,0.6739868605133212,35.98433,2.299196365307904,89.81687151211491,35.98433,2299196.3653079043
1005543.997897977,9.35115793288118e-06,1.2931480347399073e-06,8.00526066473456e-06,5.710412302157469e-07,1.0174081091937393e-05,1.5655066465857968e-06,2.036081524136945e-05,5.444996830654574e-07,3.354338745786911e-05,9.792832065449341e-07,3.458586472963613e-06,1.7673355230638966e-06,1.179198751520704e-12,400.9213891208005,0.4884454006897615,22.77552,4.4560021020230005,85.98881722695678,22.77552,4456002.102023001
1007704.8945017538,7.3982212688364715e-06,1.734011498741354e-06,6.883627974290908e-06,1.5831877600091988e-06,9.321279884636634e-06,1.0454987284583533e-06,4.293712687267299e-05,6.585370520490192e-07,2.3423123483293743e-05,9.467022901367048e-07,2.261681947526836e-06,1.5558354539116962e-06,4.42013688324543e-12,823.3736988356178,0.5246293863387427,39.39835,2.295105498246207,87.02923637283054,39.39835,2295105.498246207
0.48800001565685214,1.0626788709378118e-05,1.5519449745810896e-06,1.2011440395583947e-05,1.1449600644370802e-06,1.3670556038998778e-05,8.033442547709595e-07,5.3509304075624386e-05,3.683629551466392e-07,6.186606254625105e-05,6.80522937880917e-07,7.94178500885944e-06,6.090863476950432e-07,1.4400206859223137e-12,362.9474354743458,0.452087300959556,28.37673,5.9669803737259155,87.15664789918273,28.37673,5966980.373725915
1007874.3840914908,5.887858422473979e-06,1.30281864635975e-06,9.707424816643753e-06,5.56892433139962e-07,1.3917033647358434e-05,1.4286653985809094e-06,2.121425303702422e-05,3.923667702141544e-07,6.004775725889151e-05,1.0188618068038794e-06,2.2001617931295617e-06,5.896147152852765e-07,1.5026164123174632e-12,286.12156951531426,0.6670345694132817,19.20901,2.1256159085092383,92.6039922930477,19.20901,2125615.908509238
0.32052082499999995,2.401025647500687e-05,1.479122589956326e-06,1.2769449530277908e-05,6.647124925290428e-07,1.7059024468609112e-05,6.459810053534007e-07,3.2559246960778126e-05,3.8706475769231187e-07,6.460845809093658e-05,1.8450884257448483e-06,9.20888114979007e-06,8.09819946652995e-07,1.2948658042492794e-12,850.8247398960797,0.691421635785569,37.26389,22.931779229012406,62.75264481231219,37.26389,22931779.229012407
0.3756185726212941,8.267182078364683e-06,1.1022646979166222e-06,2.4420443181484003e-06,1.1144001492924657e-06,4.09104828807575e-06,6.754852404143078e-07,2.6082732900114396e-05,4.5086540072199966e-07,6.980452608684984e-05,1.0528157508290958e-06,9.583698561840234e-06,5.733036769280874e-07,1.4112057442390857e-12,855.4538533589679,0.6831024362883433,36.13716,8.134109095148233,82.8036258523915,36.13716,8134109.095148234
1005438.9338314828,1.071319705856019e-05,1.1319114832995883e-06,4.850254548651672e-06,1.886216753193367e-06,5.351403452161611e-06,8.177006486343072e-07,3.385174286922645e-05,4.271791455828679e-07,2.7417716589030578e-05,5.846685755529631e-07,9.755393095339707e-06,5.934633345661724e-07,1.1942842025234377e-12,376.6860808771909,0.7049094717539861,60.95689,19.11310298215784,54.56106616851723,60.95689,19113102.98215784
0.3853324413037926,2.1647384810670756e-05,1.0824228841742768e-06,2.170525918826482e-06,7.879799437193885e-07,4.818885667850385e-06,7.408343433048603e-07,4.597275155897594e-05,4.618517494696569e-07,7.740131593375833e-05,9.252478224751735e-07,4.8775371788357304e-06,7.480355032575937e-07,3.961639415439842e-12,445.420481367453,0.4278436627827723,38.02724,7.1785303478482945,87.58384757647897,38.02724,7178530.347848294
0.44883327491130603,2.8742286301745116e-05,9.66843034016899e-07,7.857987276658353e-06,6.410881143422322e-07,1.9958947629311465e-05,9.88488952299684e-07,2.3139276708478776e-05,5.107585612339028e-07,4.983283068244717e-05,5.625338512374948e-07,2.519066432793365e-06,8.713043045292271e-07,2.586912809152544e-12,332.23880353467007,0.7701161262167324,26.10332,8.215673003547758,82.00628204630706,26.10332,8215673.003547758
0.572638623047298,3.8199665038160505e-05,5.469272396699677e-07,1.4269090670014037e-05,7.995517356894827e-07,1.0421248817206473e-05,1.974274559514427e-06,2.3710471224719433e-05,7.029885631871162e-07,5.465680015222601e-05,7.356220677415829e-07,6.3058083212582695e-06,1.1202628289887629e-06,1.5516715329298391e-12,1226.340551981922,0.6575324712491782,19.17115,5.343110078108085,89.09265981065097,19.17115,5343110.078108084
1002516.6759660058,1.1492610891917382e-05,9.67043415769043e-07,6.742744462108243e-06,8.759298250799658e-07,8.724366994085032e-06,7.360018340076533e-07,5.799783758265954e-05,3.9243548031095093e-07,2.8311333835237385e-05,9.962277922517849e-07,5.498478066561077e-06,6.025766863841361e-07,1.1738694009827675e-12,268.70814695511905,0.42729146927039297,58.0908,30.17085520000169,57.483324033994215,58.0908,30170855.20000169
1005396.1869855459,2.0481513407413973e-05,1.9240484133596585e-06,4.32371736455777e-06,1.2820110741565075e-06,5.114678372427268e-06,1.1842170438737487e-06,2.285749425377634e-05,3.826817300530401e-07,5.669492082476184e-05,1.4490870034753634e-06,7.163503483273353e-06,6.61523131335973e-07,2.9025740630261092e-12,837.3254683333126,0.5046661095095817,38.79223,4.603813014454065,85.5019453112364,38.79223,4603813.014454065
0.2573999856449427,1.0216116974734427e-05,1.6464339357366578e-06,6.016667519035793e-06,1.8727534630944276e-06,4.208684894615774e-06,9.080305936992797e-07,7.110141725140318e-05,4.890356743686402e-07,3.093239187946969e-05,8.42455931070586e-07,4.190983190214355e-06,5.233034198308023e-07,2.4495889890967426e-12,1318.4689135342628,0.5212178286454089,55.20048,7.14385657420229,85.3985950785527,55.20048,7143856.57420229
1060000.0,2.1707259671002468e-05,9.882577146214817e-07,2.622499697711731e-06,1.348584928169485e-06,8.765493328940156e-06,5.818680701034799e-07,5.098416236428706e-05,6.098309972509397e-07,5.17209342150116e-05,1.105286568574923e-06,4.302070746707241e-06,1.634334101615903e-06,2.2602561038082548e-12,708.8002655089517,0.5978764521808777,-10.4138,0.0,0.0,-10.4138,0.0
1005390.9641003273,3.7649019036942634e-05,1.1759929022467686e-06,4.0711762671069875e-06,1.9393401798873974e-06,6.699892644974979e-06,5.198956442065866e-07,2.1290899528756455e-05,7.023293075068429e-07,3.243954480349935e-05,1.3987268640495278e-06,2.088488935611825e-06,1.7203305322832477e-06,1.7319209848788794e-12,326.5550639971542,0.5380572110174463,3.620235,4.609035899672603,117.93381041125066,3.620235,4609035.899672602
0.1892748,1.051244492378667e-05,8.136828683315308e-07,7.57976097560301e-06,7.047716817225575e-07,1.1351426625324093e-05,1.136866880023471e-06,7.065433292021767e-05,3.793299755042933e-07,3.05214798239723e-05,7.984027052612233e-07,2.064467667223371e-06,7.857997836387542e-07,2.0997221798841403e-12,1322.3790783376614,0.6272197619520421,54.76336,18.119781155701226,85.90181998156035,54.76336,18119781.155701227
0.40594905,3.258548652578889e-05,7.23586687397556e-07,8.128984569871469e-06,1.1297303527671272e-06,1.954699513771226e-05,8.440937732554797e-07,3.4356940766218915e-05,5.686587658513241e-07,6.13325585930242e-05,5.743943114039582e-07,5.928059318103813e-06,7.966041633914539e-07,2.2460536016827477e-12,1194.375070688157,0.535815769930563,25.87346,16.017185216336017,91.420134493269,25.87346,16017185.216336016
0.265543725,1.795621929376128e-05,8.274067376384807e-07,4.814475119725806e-06,9.95783090996417e-07,1.5643038234159612e-05,1.488954034731154e-06,6.411940230872014e-05,5.522338639210263e-07,2.9787584069081014e-05,5.340559219923999e-07,9.9394709973625e-06,8.730006931077454e-07,1.438425992972407e-12,1165.7544333139313,0.4367831340959872,44.59417,31.01138848399715,75.12393569824232,44.59417,31011388.483997148
0.405585525,2.8929886275866245e-05,5.701712617587205e-07,3.9426110522400974e-06,5.488712025620956e-07,1.452328111077244e-05,9.662957587201233e-07,2.6748876875649666e-05,6.795549351899952e-07,4.935080531803645e-05,7.598012703444493e-07,7.296094442776175e-06,9.111881999345865e-07,2.3845539996735527e-12,460.1000811055937,0.560920382294848,25.92193,14.689838824846682,78.06842588903898,25.92193,14689838.824846681
0.33012188300631773,1.8338703249322138e-05,9.372184177084807e-07,9.312980739785214e-06,6.422476902355598e-07,4.121574510228876e-06,1.3256163404266857e-06,6.613525835483792e-05,5.706167778448812e-07,2.6868310567156838e-05,1.8976765979520487e-06,6.604061855316336e-06,9.556741009546026e-07,4.519066936537908e-12,892.5351355345064,0.6457689191483695,49.97876,5.801496679747291,81.35523649468034,49.97876,5801496.679747291
0.45128508025384806,2.4748781486546e-05,9.122170051836448e-07,6.2577263170348096e-06,1.1921096520319537e-06,9.270662396060272e-06,8.284860658322259e-07,2.454599038011127e-05,4.0596120617446274e-07,5.171609248389353e-05,7.581479665834343e-07,4.030451467983929e-06,7.777111674797393e-07,3.804476879667927e-12,283.75578838665575,0.4814232165991276,30.14411,6.905363789846077,84.38134013395262,30.14411,6905363.789846077
0.401169801809211,1.1787968735268004e-05,1.566366058807505e-06,7.351177281465744e-06,7.134544697126748e-07,1.0526968259513978e-05,8.776586716375864e-07,2.3409873738219046e-05,4.1962037925944904e-07,2.8111749086536428e-05,1.574024119671294e-06,4.221469966254145e-06,1.0864712668457688e-06,2.017640666376617e-12,1040.9986665647648,0.4148014938890651,35.09076,7.425979927631559,79.5520983824489,35.09076,7425979.927631559
1006482.6942775032,6.964421694594023e-06,6.04100823200127e-07,3.3662244296596236e-06,1.5231693632166372e-06,1.154651867198928e-05,6.381513105997803e-07,6.52076864852536e-05,7.771981063894964e-07,3.9222566249080894e-05,5.139918835339367e-07,7.97725417396807e-06,5.616950842446437e-07,2.6332989928335086e-12,1327.3233136732592,0.7602299539896502,21.22815,3.51730572249682,92.47123361082417,21.22815,3517305.72249682
1005030.0542192166,1.1655578042052918e-05,8.275213795381187e-07,7.521804647130307e-06,5.66682511480152e-07,1.8251646042789132e-05,1.3645912837658968e-06,2.4302762318351102e-05,3.9365814700235925e-07,5.5364484836995876e-05,1.8224394658629445e-06,4.633003975372733e-06,1.5778533956989686e-06,4.610987974960608e-12,1411.0223128113014,0.5007232233776185,30.19231,4.969945780783382,91.97421379133215,30.19231,4969945.780783382
1007773.3218908776,3.146383633536376e-05,6.955150848577594e-07,2.558760960774019e-06,1.5298333367273666e-06,6.795492945231651e-06,1.1240081070082487e-06,3.434026893248709e-05,6.543789468970596e-07,2.773823821643883e-05,8.985919215103234e-07,2.5227599406435775e-06,6.374166064467066e-07,4.7637330464726455e-12,771.3180365479604,0.5017223681893943,8.437567,2.226678109122471,107.40205362195545,8.437567,2226678.1091224714
1007910.640531425,1.703430200728368e-05,9.867230803198366e-07,4.255198388733399e-06,1.8627341394737513e-06,6.656975683373577e-06,8.997291268793223e-07,5.153229680258996e-05,7.769055178282961e-07,6.768645135940677e-05,1.832666890983465e-06,3.58719278883025e-06,1.3484877896442013e-06,3.750677762468343e-12,227.39647357923423,0.7867220637358112,26.32832,2.089359468575007,86.01408237764048,26.32832,2089359.468575007
1000714.1773527854,1.7622812623470926e-05,1.6054146112024465e-06,7.594795263129011e-06,1.842540783521947e-06,1.215699701583011e-05,1.492370162695989e-06,2.7882340294989295e-05,5.59733913396756e-07,3.0706349383567264e-05,1.8881419413552697e-06,3.586367790033902e-06,1.5416770672820322e-06,1.2170598155226558e-12,1327.038815671924,0.7430588556599701,38.59383,10.803560652860467,59.28582264721462,38.59383,10803560.652860466
1009564.5142848722,1.1214871145915114e-05,1.7648899171863523e-06,4.414766037391275e-06,1.939904604080084e-06,6.034904135873575e-06,5.666385479124452e-07,6.256758638282209e-05,4.344674450811381e-07,2.6772891918988028e-05,1.7177182961567769e-06,8.733939776357307e-06,1.199726376260108e-06,4.118330780489206e-12,1196.763170791852,0.5625155263820809,15.90311,0.4354857151277482,98.23918279002518,15.90311,435485.7151277482
1007299.0654339468,5.364981285733479e-06,1.661964051321896e-06,1.0504574981419368e-05,1.84163970185566e-06,8.537656305339405e-06,8.863341692362163e-07,6.418903769887667e-05,6.383854713124716e-07,6.743616312591135e-05,1.5588505501980401e-06,7.538092673301801e-06,1.3167344071351191e-06,2.2589813081882113e-12,657.4132505590594,0.6408463768042075,35.23731,2.700934566053212,86.05767027319615,35.23731,2700934.566053212
0.29336977499999994,2.7137430860259042e-05,1.390468480054711e-06,4.984961379540771e-06,5.193221936797124e-07,4.349862267220831e-06,1.216878410911574e-06,4.790953074924008e-05,6.770458829748504e-07,2.4152699520475377e-05,8.713496764271461e-07,5.497816552478209e-06,7.724126009147587e-07,1.141504787678315e-12,405.16917127731904,0.6065463564204095,40.88403,15.092997372181586,64.29056977110743,40.88403,15092997.372181585
1005396.7208416059,3.7554707472672215e-05,1.5814443211642718e-06,9.307737249541968e-06,1.6176739552617358e-06,1.2060936561879453e-05,1.5003349201093857e-06,3.114063273875702e-05,5.274650191802094e-07,5.54175994247249e-05,7.176537034665341e-07,6.047121824714902e-06,1.573020223318662e-06,3.6211503451486156e-12,458.26283551542923,0.5657985698211181,32.19047,4.6032791583940975,85.55028768380599,32.19047,4603279.158394097
1007847.7635691173,7.298479091254521e-06,1.6850367143628712e-06,1.3419934161468342e-05,1.7037136316975366e-06,5.740764930431199e-06,1.8611810901650836e-06,7.191160968997828e-05,6.035468711966875e-07,4.767571962704862e-05,1.75770085923094e-06,9.592149716522492e-06,6.581701056807497e-07,3.0914377936968166e-12,419.3827432745535,0.5604139644444109,37.77859,2.152236430882678,85.55023618140365,37.77859,2152236.430882678
1008166.6476926798,1.219855367480296e-05,7.171344653061497e-07,2.393117710385093e-06,8.326835961099586e-07,1.8371930360457576e-05,5.883314390335386e-07,5.415771413927994e-05,5.09577336766463e-07,7.160091866038445e-05,9.378413079311658e-07,5.9137533919746885e-06,5.892797919166634e-07,3.153258904752712e-12,447.7074148496092,0.7447746897143496,7.814826,1.833352307320224,111.21082389928881,7.814826,1833352.3073202241
0.3342384,2.5427080621229438e-05,7.453159016777878e-07,5.413241568283952e-06,5.989048259105023e-07,1.5871368550022173e-05,1.1488301945995125e-06,7.947025093839529e-05,4.5126536295008335e-07,5.113734652891599e-05,8.929566116304691e-07,3.859900316210495e-06,6.121196998364615e-07,1.5952772637212915e-12,540.3393030623442,0.6470720960228941,35.43488,24.75809848066546,73.9250465982955,35.43488,24758098.48066546
0.365011725,3.298899220175198e-05,8.346686438601318e-07,7.939727853440145e-06,9.436529138684063e-07,4.066993994499663e-06,6.01405460466347e-07,3.1307145192486306e-05,6.260865849346937e-07,5.1827036377766065e-05,1.3441292736211146e-06,6.2548587777369524e-06,1.3872311608822807e-06,1.510407051472362e-12,323.8632487066087,0.4235009254578132,31.33177,16.654735150926204,69.46208996925385,31.33177,16654735.150926203
1009815.5617893994,9.990214930123931e-06,6.924025194218357e-07,1.2467628610320919e-05,1.990980199618407e-06,1.8139188415166153e-05,1.911121748653946e-06,4.583545935234263e-05,6.543097738409478e-07,2.1302514652282908e-05,7.107005720505063e-07,5.421909504203235e-06,7.604971314346171e-07,1.887475113090041e-12,682.1715770059058,0.7872231241828976,56.49616,16.289114790157107,50.184438210600675,56.49616,16289114.790157106
0.32366932499999995,1.6006758345291493e-05,1.1180415619681494e-06,3.3791007260469894e-06,1.005207571870871e-06,1.787848100529838e-05,1.6885600702985654e-06,2.4013389706610537e-05,4.6381436973294543e-07,4.1723136110246555e-05,6.086106429634332e-07,2.4137878014494714e-06,5.315673219730728e-07,1.2285089908912436e-12,1333.1834268971004,0.7339216151267309,36.84409,16.331697356314006,76.07721031556876,36.84409,16331697.356314007
0.3111399,2.3676734258127622e-05,1.8055946950804737e-06,3.5367726892004746e-06,1.6863135006301753e-06,1.0727061583950366e-05,1.4370675101215516e-06,2.882890181503008e-05,4.6222194569495335e-07,6.894011090819693e-05,7.74365100439536e-07,9.912909563392455e-06,1.4412801894778315e-06,1.2756440869339842e-12,1308.9437596478213,0.6629677910704976,38.51468,12.3774411187664,79.84871734907898,38.51468,12377441.118766401
0.40550643836404926,2.629266810126988e-05,5.382858387738708e-07,2.698250752431223e-06,6.876379586855513e-07,4.237665054864991e-06,7.172002653910079e-07,5.321842170721993e-05,5.100948244491111e-07,7.946962224788554e-05,1.8080225635940599e-06,2.135709484668808e-06,8.196274643012516e-07,3.1303298506223266e-12,830.7593688002795,0.5971954200044003,30.96715,8.48959746543803,85.5662039055633,30.96715,8489597.465438029
1008240.4231578304,2.9029406020598584e-05,1.6629659173739487e-06,2.565872226707306e-06,5.692584695691389e-07,1.6176589076309195e-05,6.422958714465751e-07,2.5255366941942175e-05,5.404137507714837e-07,2.9192203385995553e-05,1.719261558145179e-06,5.133350657046175e-06,1.122795184882286e-06,4.776814498017671e-12,883.8200285799944,0.6283151244538094,18.89492,1.7595768421696387,88.72329737540701,18.89492,1759576.8421696387
0.44772615000000004,1.1885947998035895e-05,5.561981786865402e-07,9.403700961840038e-06,1.2779372802936039e-06,1.6684123466158353e-05,5.183233660959485e-07,5.1430518188935196e-05,6.199258277586769e-07,3.4541712388323055e-05,1.1334156244516561e-06,9.244940883013153e-06,1.595440069910718e-06,1.2808092046324806e-12,305.38220776843366,0.7322796902290185,20.30318,11.78286478279854,75.8061462883195,20.30318,11782864.78279854
1005575.912093409,1.97057678935246e-05,9.382934050917851e-07,1.3705341269566302e-05,1.1395059981478917e-06,4.037548612800525e-06,1.9179179839352192e-06,4.9668993567270625e-05,7.692390508641306e-07,3.1379686446187184e-05,1.3784915603698587e-06,6.5207468669183265e-06,1.8853149581270262e-06,2.4993361704858883e-12,474.77691935198374,0.41947289944159377,33.15616,4.424087906590976,80.58788344182844,33.15616,4424087.906590976
0.46145220000000003,1.906507344162696e-05,7.825971130613992e-07,2.2367968574714995e-06,5.515058820953981e-07,1.8510138584666357e-05,8.483796142538292e-07,3.4766961678126935e-05,4.14986930051291e-07,7.621624964926575e-05,1.6598248610762548e-06,2.308712995072334e-06,1.6297963066911117e-06,1.2998422541025246e-12,1213.3403086894386,0.5139743555997849,18.47304,13.061503484660692,87.49398425305701,18.47304,13061503.484660693
0.49855485974534747,2.3911020411033078e-05,1.2381006466174026e-06,2.550140568649804e-06,9.873888064991037e-07,8.021684145925873e-06,1.5291250483627416e-06,3.074182075358028e-05,6.220692454576966e-07,2.39923310990985e-05,1.2579203648533883e-06,7.631501551267071e-06,1.0176958438904276e-06,2.1990333482897004e-12,1351.0369502344458,0.5905758746519071,30.15006,5.012787610186102,82.12000171428879,30.15006,5012787.610186102
1011303.6392172022,1.61235701929624e-05,8.988430698470841e-07,9.183445519545733e-06,1.5389951863487943e-06,1.0743237050492207e-05,9.126994992967856e-07,3.61008848237131e-05,3.7181415913639665e-07,3.212039634278635e-05,9.506918852018496e-07,2.8691958113254086e-06,1.29457008520405e-06,1.2834798932315824e-12,843.9189298857921,0.6518238325334351,61.96186,31.260827129357324,48.69636078279779,61.96186,31260827.129357323
0.4253916,1.4886796694517427e-05,7.481534185951932e-07,4.8277288356065426e-06,1.7585854312443436e-06,8.627719345306582e-06,6.143842243467374e-07,2.3876303484623625e-05,7.403177751489768e-07,6.422237011965924e-05,1.032530296655172e-06,3.2178277644590786e-06,5.342017283585951e-07,1.1310815951672976e-12,258.6233747559702,0.4430528685767996,23.28112,14.067645300928662,76.77071492102164,23.28112,14067645.300928662
1017946.5651644645,1.2097765184584509e-05,5.69974280199311e-07,7.573887135967804e-06,1.0995829338796544e-06,6.014025184489469e-06,7.118871221854917e-07,2.2400627136175912e-05,5.381344269515716e-07,2.342210892749808e-05,1.2510649125028843e-06,2.670125010806958e-06,6.436803216486631e-07,1.8821983654229837e-12,308.2777346754597,0.7507021388542013,45.80329,16.443055316586594,42.05343483553545,45.80329,16443055.316586595
1005923.5919958097,9.284798765937224e-06,1.1285081020961616e-06,5.0024326525982865e-06,1.2662126667647783e-06,1.0916533334032804e-05,7.220390549730476e-07,7.639293674596095e-05,7.218949104328327e-07,2.5925709433179845e-05,6.462547039526922e-07,6.65550604447822e-06,1.1551704532420113e-06,4.066617225383887e-12,338.229856371422,0.6137504011926509,35.76561,4.0764080041902915,84.95080752556704,35.76561,4076408.0041902917
1008015.4269460555,5.061164280655519e-06,5.877834000852035e-07,2.826890257204482e-06,9.68779168084871e-07,1.217900461114067e-05,1.667354696928388e-06,7.629601019648838e-05,5.821428036035824e-07,3.927047335322234e-05,1.1785383858482053e-06,9.58897496698036e-06,8.244235182402647e-07,2.957795785126405e-12,1097.381360662229,0.5579988950629257,20.1138,1.984573053944465,94.5240049735493,20.1138,1984573.053944465
0.34289352280671714,9.382016712958169e-06,5.946773282292908e-07,2.0567062793648164e-06,5.839128659356876e-07,4.103583757486416e-06,1.919912720501633e-06,6.579710281826076e-05,4.254618912713081e-07,4.9151874700332406e-05,1.2307004470811396e-06,4.033044993225834e-06,1.1909545046749322e-06,3.566106977509013e-12,448.1887885326267,0.5203671478322779,47.30769,6.091952087731314,85.92278869302808,47.30769,6091952.087731314
0.3030993489280936,1.3106447227243453e-05,9.645835923220695e-07,2.0898785905597924e-06,6.294706366997911e-07,5.112090870035771e-06,1.3242690032224098e-06,7.609141765673954e-05,5.245767700851496e-07,6.586869150061519e-05,1.1254114438560076e-06,2.7654098918672535e-06,1.1010354526243213e-06,3.826732659323061e-12,266.19883428517784,0.403149712391685,48.87373,7.213907042876254,85.19423949376113,48.87373,7213907.042876255
0.36068129188551246,1.854756300246707e-05,1.343676303263216e-06,1.4392660230070628e-05,1.6213915415867803e-06,1.3099527267313623e-05,1.1420921828818336e-06,4.312752874724935e-05,4.5408741931700755e-07,3.9312633910608134e-05,9.809162845442816e-07,5.177841126156804e-06,1.1671504861160363e-06,2.981044897484559e-12,1261.6960080558392,0.595160598253923,38.23964,8.100856324579503,85.85998287238841,38.23964,8100856.324579502
0.28831552499999996,2.2082002161703806e-05,1.0400245745101997e-06,4.6806894529220294e-06,7.746949822972272e-07,4.430492176256854e-06,1.7239935684120156e-06,3.5659214314988714e-05,5.253517533619204e-07,3.971207102104299e-05,1.8377352623842167e-06,3.4946823734624458e-06,1.3149690838213e-06,1.0340544698499983e-12,574.4140158897033,0.47688051900041234,41.55793,17.317405991033674,62.77924381042095,41.55793,17317405.991033673
1009054.9985031099,1.0221041205452095e-05,6.897790544489016e-07,3.1137447427762674e-06,1.763131779670765e-06,6.904269961787751e-06,1.1520475510509786e-06,6.430514937452288e-05,6.083133694797487e-07,2.3988070770066736e-05,7.509496491191286e-07,6.284444600998901e-06,1.891599593076204e-06,3.822068378423038e-12,1075.0394817311335,0.6938338528879153,16.28065,0.9450014968901183,97.1821676143501,16.28065,945001.4968901182
0.3728176776365446,2.6170073769084467e-05,1.5152019765982453e-06,1.0965958752910099e-05,1.1840128650626972e-06,6.302155463940924e-06,1.4127523643627652e-06,5.0424081676467575e-05,3.9909066569344066e-07,2.6371295494763138e-05,1.1578898485235798e-06,2.352657315828248e-06,8.900564375498531e-07,4.950094487377734e-12,594.74746141683,0.4837731765414194,45.46108,5.448968894538217,84.00219692424862,45.46108,5448968.894538216
0.3226959,5.513911467317074e-06,5.127264366115277e-07,1.1799858694263408e-05,8.202227984509164e-07,5.163217903235087e-06,1.5755956913227208e-06,6.911098021319052e-05,3.6930849652479955e-07,2.1845424984647776e-05,9.083000880433272e-07,5.403659232929938e-06,5.910598242663706e-07,1.434287222854892e-12,535.1687833052997,0.5361296855952913,36.97388,11.198034383119182,76.78849148513747,36.97388,11198034.383119183
1006162.8707668829,1.0466092608770703e-05,5.334232882527203e-07,1.172419973826476e-05,7.24462274935976e-07,5.101867083024257e-06,1.3015864747856368e-06,4.086242674039001e-05,6.144291757295777e-07,5.325104490888142e-05,1.8065838249049234e-06,4.046296753705384e-06,9.423084458162923e-07,3.87481560982178e-12,344.21009843839465,0.4423567437578809,27.45372,3.83712923311709,84.48269072929904,27.45372,3837129.23311709
1007444.4150232768,1.7798030840608992e-05,1.4786827077381252e-06,1.3491138251929306e-05,1.56614789491327e-06,4.279523041678121e-06,5.786737743996323e-07,4.789424237728886e-05,7.216209557227951e-07,7.07128075745092e-05,6.216028806766591e-07,3.200480619392115e-06,9.22126012763218e-07,2.257389810512362e-12,1152.31746235222,0.4397176955768339,23.43045,2.5555849767231527,92.2015372520918,23.43045,2555584.9767231527
1060000.0,1.92022971964742e-05,7.951037616619067e-07,2.6399113440114913e-06,1.621343959525725e-06,8.109304983808038e-06,8.897671110219007e-07,5.808100139937392e-05,4.3790009775919103e-07,6.140220357848693e-05,8.025371818836403e-07,4.508434185644558e-06,5.627116445408134e-07,1.8210498830220046e-12,1181.298776265317,0.5442573625726712,-2.41723,0.0,0.0,-2.41723,0.0
1000740.2717781725,1.9930608597737108e-05,6.169486962994742e-07,9.128405684200796e-06,8.97164486448242e-07,5.775005040263009e-06,1.5194375258089062e-06,3.5475397199858706e-05,4.991669820388175e-07,3.777694739104687e-05,1.6298971823688992e-06,7.1851641775391545e-06,8.256193789958522e-07,1.049067404305931e-12,389.2595976680324,0.4039794853854946,34.9465,21.74022333654903,59.25972822182753,34.9465,21740223.33654903
0.3530601244661109,2.6735202367519075e-05,1.849692793752202e-06,2.372554116377848e-06,7.735728913139462e-07,1.9427192314539028e-05,6.279185609707396e-07,2.177898405673846e-05,6.600562072056487e-07,4.994541846797093e-05,1.2166645968113604e-06,8.547875838225961e-06,5.417201497054041e-07,2.7635971774805067e-12,1127.380372127831,0.6641446527117888,33.20431,9.916302021355564,70.15710508195461,33.20431,9916302.021355564
0.538778147300234,1.473589911521002e-05,7.533795875048551e-07,4.495801102648568e-06,1.2849759117781145e-06,9.750279712161205e-06,7.624137513718481e-07,5.599876476004467e-05,7.44067580988556e-07,2.022030091037914e-05,7.369105889339582e-07,4.676711582849947e-06,1.791168650736221e-06,3.0866347683327385e-12,780.0457659143443,0.4820534285532825,24.57769,5.075567107990636,86.50728220860596,24.57769,5075567.1079906365
0.3873555827293073,1.5510829833588732e-05,1.4914164485687072e-06,7.440504662021501e-06,1.3148898344800761e-06,1.6692374418199514e-05,1.4774672855712209e-06,3.504020975950867e-05,4.2142684752804027e-07,3.0378756663407007e-05,5.262938147112032e-07,3.426340476240453e-06,1.3662271476224858e-06,3.290594026899512e-12,363.80733979203256,0.796769587817163,41.44774,6.071454690827706,81.09635601334473,41.44774,6071454.690827706
1007567.5026733865,9.023653516608416e-06,5.686603559574935e-07,6.079619788036121e-06,1.0300195570610014e-06,1.3527348037668358e-05,6.241889317650144e-07,2.078845369805951e-05,6.800689727842267e-07,4.547290597898552e-05,6.986682851895739e-07,6.952533137565632e-06,1.3689013598740748e-06,4.896116365657456e-12,343.5744781164975,0.4239782954501612,17.24217,2.4324973266135634,93.68379839878277,17.24217,2432497.3266135636
0.13382804999999998,1.0859341364126516e-05,1.1924915676158048e-06,4.085224140343877e-06,5.342051338679721e-07,1.1404157232306015e-05,5.943973589620645e-07,3.022876891026487e-05,6.483893541357886e-07,3.748450422779692e-05,1.9532831852362734e-06,7.310915148369984e-06,1.9697331012340255e-06,2.485052086336168e-12,1362.64056726397,0.6510977407262342,62.15626,12.335578076286954,65.90645188904662,62.15626,12335578.076286953
0.46502673683746837,1.5155757586633973e-05,1.1416321186546824e-06,4.051319101496988e-06,7.417839665727238e-07,1.4145038887870518e-05,1.3469618000285786e-06,5.0801377052310303e-05,6.368402160452925e-07,4.1105552782345865e-05,7.047906365248203e-07,3.3898867454726287e-06,1.120962558904002e-06,3.759606412216095e-12,669.6477926567379,0.4391951326923169,33.26574,5.419208526501265,88.88546884526687,33.26574,5419208.526501265
0.37462657499999996,2.1960657699411056e-05,1.5766640175933988e-06,2.3590588985106446e-06,5.450223679700101e-07,1.671480592573765e-05,9.676157402947221e-07,3.712338266354437e-05,4.83469535842336e-07,4.148274048142473e-05,1.1301223067303722e-06,4.610595097587413e-06,8.642765664356981e-07,1.5286708822152142e-12,848.4754974201282,0.5693688779965395,30.04979,10.594621233605247,79.3805940682278,30.04979,10594621.233605247
0.48882464793798097,1.2485381155937685e-05,1.817645954602568e-06,5.363007693125106e-06,1.927251654244408e-06,1.506189965492156e-05,6.107662984073587e-07,2.3854276924825294e-05,6.35214814920905e-07,2.3929170316965505e-05,1.327810595805389e-06,8.024740363401874e-06,5.889088728672086e-07,1.4080911093665887e-12,815.3622302591025,0.6985985224152794,29.51796,5.5916260824807615,73.74168508138544,29.51796,5591626.082480761
0.2538147,3.5608179614964085e-05,8.34315017673826e-07,1.3612325992388114e-05,1.1512494183968267e-06,7.720990463622956e-06,5.912060163754823e-07,4.4184167718520085e-05,3.7176786159918695e-07,2.4735945082698044e-05,8.367883715387713e-07,9.85651347641226e-06,7.612911253637272e-07,2.1859860048467337e-12,1228.5648113916084,0.4568559222930446,46.15804,35.70634784571263,75.61010037623338,46.15804,35706347.845712624
0.2505441,1.703937870349091e-05,5.348855345855885e-07,1.212149238445074e-05,1.714888066537396e-06,5.659068649642979e-06,1.5564401896226849e-06,3.9383390360185784e-05,3.969394719478738e-07,3.242930009141119e-05,1.6711637131630934e-06,3.916539429080825e-06,1.106587999534907e-06,2.4857190965989515e-12,1370.37347435333,0.7125397395411301,46.59412,11.922298059678464,72.70628923193364,46.59412,11922298.059678465
0.4943716728307767,1.3432079230673201e-05,1.3566673220930787e-06,6.777399713101611e-06,1.437839320840826e-06,9.01311245323201e-06,9.472862370823017e-07,3.731766666619673e-05,5.152713559157638e-07,6.64694356587621e-05,7.848193803725618e-07,7.2455995539444274e-06,1.2561464079568957e-06,1.933383080091219e-12,502.6689683669637,0.5581588516801532,29.73028,5.306049086768931,86.84337848253051,29.73028,5306049.086768932
1005581.0151631986,1.5400565772639904e-05,1.887084445949951e-06,1.201910951022294e-05,1.3868632975413366e-06,1.131191858859121e-05,1.6608331518044021e-06,5.331040906499096e-05,5.684118683981924e-07,6.030666949344144e-05,1.3331117283968353e-06,4.933818521269524e-06,5.936000928374758e-07,2.460202442219331e-12,450.1547533401759,0.6474816219265292,36.32658,4.418984836801422,83.41659382553672,36.32658,4418984.836801422
1006438.1727904044,1.6592908007893812e-05,5.380263634041343e-07,6.309991381947577e-06,6.501262202351711e-07,8.603097941649339e-06,1.7335489333891656e-06,2.3629127397784454e-05,7.602538660553458e-07,2.5659388740193904e-05,5.133259740117513e-07,7.094953795376909e-06,7.025015866017241e-07,3.1131898686012708e-12,1353.9525773630928,0.5776917877335785,22.34055,3.5618272095956454,90.6294608441666,22.34055,3561827.2095956453
0.38709765,2.6772708011417225e-05,1.1596662358683084e-06,4.493944900002759e-06,5.321730244575062e-07,1.6016005028871275e-05,5.163876837300901e-07,3.6655630971520665e-05,5.014149285631621e-07,6.585517530887167e-05,7.763423370458126e-07,3.0254470664359887e-06,5.861286439466692e-07,1.1733598674713398e-12,418.60279046712253,0.45761370117267647,28.38698,23.969843889090633,77.14188592368497,28.38698,23969843.889090635
0.2984346749999999,8.506653385526374e-06,5.661503452441137e-07,3.7110237346863402e-06,8.793764903919574e-07,5.251936407887458e-06,1.171982361806532e-06,3.1396013661505536e-05,3.678960545144168e-07,2.168960176590293e-05,8.584936822740667e-07,3.347567778966454e-06,8.86163999806239e-07,1.685072187940049e-12,688.1671057943311,0.7310965594634459,40.20871,11.70752908645432,71.39016876199312,40.20871,11707529.08645432
0.28651406792404205,6.430036314506648e-06,6.620990273284415e-07,9.103179272094378e-06,1.1266646423865657e-06,8.84377802160033e-06,1.4189069252067261e-06,3.4107697327022864e-05,3.946492487590988e-07,2.1753747523525644e-05,9.524049780776303e-07,3.850917664536655e-06,9.782960486822934e-07,1.9267525213840473e-12,503.8625924874516,0.7544623584110226,42.04964,9.92454528303832,69.99059597521982,42.04964,9924545.28303832
1005055.7506411416,8.750753874671518e-06,1.901251486151454e-06,7.79438053211294e-06,7.035048096222016e-07,9.767509900410462e-06,1.4849644293449423e-06,3.0508805250787318e-05,4.981462856165089e-07,2.2467143515413197e-05,1.207144170448517e-06,2.7748548512810025e-06,1.9129816374482303e-06,1.8235981861714984e-12,1480.901330103314,0.7128094650660798,37.98336,4.944249358858458,79.75796881494576,37.98336,4944249.358858458
1007420.875142227,1.5290195885424557e-05,8.996931309209966e-07,1.2549949468216861e-05,9.352889204188955e-07,4.006449761082189e-06,9.521785982310055e-07,6.314828570743098e-05,4.5353477467319846e-07,7.696292381781164e-05,5.003764732429544e-07,8.985107116032423e-06,9.756073415691126e-07,2.617529740529463e-12,1291.334038108566,0.5520614057756719,23.67258,2.5791248577729937,93.88203900862626,23.67258,2579124.857772994
1005327.0605161882,1.038321888731954e-05,1.2011479643383208e-06,6.5024963210052945e-06,1.0144212295102442e-06,4.303803688984466e-06,1.3931647653649772e-06,4.365549184801522e-05,4.5767808533238033e-07,3.459610934030326e-05,5.929383148817911e-07,2.5040404739734944e-06,1.0814434020409789e-06,1.5679527387093782e-12,761.551161662528,0.6441781237865098,33.04845,4.672939483811893,86.38243664929195,33.04845,4672939.4838118935
0.38309985,3.661034885869204e-05,7.773347319757622e-07,7.905150725993022e-06,8.040017310076448e-07,6.0917653244075125e-06,1.419505070309723e-06,3.7462213935596745e-05,4.38114223108977e-07,7.813905967896516e-05,8.028818523743564e-07,4.191948547485911e-06,1.1479241632366023e-06,1.0258783875754537e-12,1099.398578508522,0.6585773167677456,28.92002,12.225988357582471,83.97678342091957,28.92002,12225988.35758247
0.44970409818730206,5.021333807132872e-06,9.679858745964674e-07,1.2298427661295327e-05,1.2705144715834063e-06,7.777652909737077e-06,1.7297174045632724e-06,5.302230357810823e-05,6.617834548078159e-07,4.217134126361344e-05,1.4892753019718892e-06,5.684987597595367e-06,5.5672864976071e-07,1.0510693902981338e-12,1281.7090240185973,0.6686452312623763,32.5879,6.235466072507917,78.97292498240382,32.5879,6235466.072507917
1003766.7710099904,2.023338555794e-05,8.156315371574124e-07,1.0286399346001384e-05,1.574543559746451e-06,7.116513974291084e-06,6.392150466867784e-07,5.7995127194302064e-05,6.280928200959218e-07,2.0235138896973166e-05,9.495955395371512e-07,9.024832683645382e-06,9.260457107261849e-07,1.4283556922403894e-12,225.7161705639011,0.5124537935273479,35.54154,20.39270826474692,56.233228990009664,35.54154,20392708.26474692
1005544.8647531436,3.396846601748586e-05,8.211069420530674e-07,2.3974867281150237e-06,1.170305689120334e-06,6.515874208507746e-06,1.3524910615816707e-06,2.767370654138772e-05,5.340097280800267e-07,3.30808970749925e-05,7.379079253152666e-07,8.575385841869693e-06,1.3323157324373115e-06,1.4000549033740379e-12,454.9128322269215,0.728449388260949,42.1393,18.371168549439247,54.4551352468564,42.1393,18371168.549439248
1006118.2805007526,1.1393875432476035e-05,1.669981898603823e-06,6.295486736508933e-06,9.91732295709567e-07,9.721679204379638e-06,1.2480509594194266e-06,4.3814673118831864e-05,6.207898314187387e-07,4.378025833564512e-05,5.474204554570219e-07,2.4585009410028945e-06,5.471842625231426e-07,1.5186920670767732e-12,940.8742778906424,0.49118607008756127,27.30501,3.8817194992473745,89.58870061205963,27.30501,3881719.4992473745
1008987.2135496478,1.483741616748929e-05,1.4788804345718236e-06,2.9438240797095416e-06,1.2798346523362496e-06,1.974259485388959e-05,1.3067395578533755e-06,4.186901664520028e-05,4.405674055335153e-07,4.3476384011682474e-05,9.381251141467673e-07,9.048721689695121e-06,1.2158224578410801e-06,4.562265909009089e-12,267.4216368050705,0.7755037317365386,20.30903,1.012786450352171,92.63720078270877,20.30903,1012786.450352171
0.23993414999999998,1.2291359664864277e-05,1.986478189118983e-06,3.4739849346496703e-06,1.2837345832224938e-06,8.475983807275172e-06,8.25273194378422e-07,5.728047393057326e-05,7.291118014859213e-07,2.7303698943450723e-05,7.350254258942766e-07,3.932246928883851e-06,9.315615468142754e-07,1.0083381175223935e-12,452.9905813568648,0.43272356057196393,48.00878,16.141584547950906,64.90088330744214,48.00878,16141584.547950905
0.5017017228697905,1.6420053761840315e-05,5.178994307144556e-07,8.83769136034371e-06,1.9401809651961207e-06,7.91220695109347e-06,5.543544919600256e-07,2.828365022280982e-05,4.105278764779564e-07,3.077186139769184e-05,1.1908480782335666e-06,2.3368919705566386e-06,9.726096698955957e-07,3.671208536823203e-12,970.2900017528771,0.6505188433380746,24.8398,6.47999108520838,82.29717377804064,24.8398,6479991.08520838
0.45060584717221436,1.0020174324776605e-05,7.075082822663461e-07,2.485405036086249e-06,6.957873838749926e-07,6.922617634099826e-06,5.391900280996385e-07,3.175925146698955e-05,6.787194574547342e-07,7.397794137852731e-05,1.4656076546690387e-06,5.421112672069327e-06,1.4421259211550136e-06,2.735898767519598e-12,952.6148100366762,0.43421387962855573,28.58661,7.399783113111427,88.19226894394514,28.58661,7399783.113111427
1008597.2843278418,5.672516619573977e-06,5.236545691891137e-07,3.759834193074261e-06,1.6193157111482088e-06,4.441327160614588e-06,5.966974767619564e-07,7.151429124969069e-05,5.123352918489344e-07,3.037621568734831e-05,1.1911626506939438e-06,2.2233887985783575e-06,1.2790998727412027e-06,2.4598272184816137e-12,583.3918013044305,0.5525821936180684,13.08108,1.4027156721582246,100.7503611412189,13.08108,1402715.6721582245
1007991.1128728387,6.102578081200648e-06,1.4180680002499668e-06,3.199022266130776e-06,1.1480231278099494e-06,1.1566109525133624e-05,5.074062134677153e-07,3.405437252132786e-05,6.792906869728992e-07,6.773381872807469e-05,1.179733593829604e-06,3.454711014165927e-06,1.8342238338201916e-06,3.5256888538719034e-12,790.2997923819479,0.5312774675721328,29.62379,2.0088871271612567,90.22154728737087,29.62379,2008887.1271612565
0.375880425,7.4610157159233385e-06,5.764947231003468e-07,6.635057293251885e-06,5.490802574775539e-07,1.4250772021454566e-05,6.539395041710786e-07,4.4272911920980886e-05,5.988696008402219e-07,2.853182845051939e-05,8.962754013824158e-07,6.41977434153455e-06,9.261056094199581e-07,1.4789595242613973e-12,1236.1332592166366,0.4241964731445335,29.88261,17.208668225142556,79.90646082082945,29.88261,17208668.225142557
0.4669034451655646,9.559456980933135e-06,9.149065242606441e-07,1.3831283244902967e-05,1.4228141921834328e-06,6.600414914210189e-06,1.7057944608719102e-06,5.8603682748357715e-05,4.0496931646956173e-07,3.068107066697147e-05,8.042972158901391e-07,3.6210214626342475e-06,5.056334051149877e-07,2.5698271207734667e-12,1081.790486633632,0.42292705845054196,34.10904,5.0911501933774135,87.62888991125604,34.10904,5091150.193377414
0.3571811879948894,1.4352714356891592e-05,1.5914588561532282e-06,1.1283583121286963e-05,8.975861255999571e-07,5.478273540330707e-06,6.600941909165933e-07,7.046957126607347e-05,6.739414414213769e-07,3.2111806921300074e-05,1.2620073196293397e-06,6.118732646000158e-06,1.9505033979306064e-06,2.6255231972490624e-12,630.4890648097639,0.6313642995539216,42.0632,7.093792480204422,79.08525245125493,42.0632,7093792.480204422
0.27572369999999996,3.704283887095122e-05,1.1746299061850706e-06,4.64958320278788e-06,6.261412150486136e-07,8.310047915263964e-06,1.4931744977405707e-06,2.1204703345937938e-05,4.289332517064488e-07,2.0102767737697524e-05,6.811527076260655e-07,2.8972409941795725e-06,1.1874279977317057e-06,1.4691533824430242e-12,1154.9620307896503,0.781035291596212,43.23684,16.65097240720199,60.25514493398975,43.23684,16650972.40720199
0.4413593982928859,9.962262485876791e-06,1.394901040169305e-06,3.0247841546110552e-06,6.455000106427851e-07,1.967682629551489e-05,8.26813753248958e-07,2.2152389318017908e-05,3.6873318515883446e-07,2.3462855188127287e-05,7.480219087304403e-07,2.7347156254213524e-06,1.126129534535455e-06,3.428344207972204e-12,257.0762736193988,0.411874229309329,36.56374,5.376502068284564,83.11415242015505,36.56374,5376502.068284564
0.4680505095349893,7.544383836035188e-06,6.36526824391724e-07,1.1906762419010628e-05,1.3544182780230595e-06,6.911657769015475e-06,1.0784878401327771e-06,2.5616668485021817e-05,3.6623147588431766e-07,6.43420918800931e-05,1.7669949299931102e-06,2.068730914689126e-06,1.2789011496222065e-06,1.840160235744093e-12,1223.638304699324,0.44438760381455206,27.30489,7.086512618600426,85.73801477885596,27.30489,7086512.618600426
1007251.2534073712,3.5023962440764434e-05,7.632061786629598e-07,3.2447100901584058e-06,1.5357842318330955e-06,1.1588183371533747e-05,1.8433416787953264e-06,7.750039653663926e-05,7.985288513433123e-07,6.789604741798728e-05,1.689710012516543e-06,2.2219123387495966e-06,6.108391736984923e-07,4.425445033512784e-12,1233.3675514648367,0.4766725168602309,20.27941,2.7487465926287418,93.69978663628089,20.27941,2748746.5926287416
1008210.1344165581,1.0977781946102934e-05,8.400287463666106e-07,6.693792465608324e-06,1.9371868040716165e-06,5.929155678421102e-06,5.330675934484531e-07,4.698030291802951e-05,4.1867860162854773e-07,4.201593776012832e-05,1.493995268167256e-06,3.3889792458438965e-06,5.383132906152515e-07,3.5983952699241966e-12,1334.7069394916005,0.7406010553487226,20.66154,1.7898655834418817,93.0748700421697,20.66154,1789865.5834418817
0.38329693337385634,3.745485982004001e-05,1.707243185701464e-06,3.048777222003175e-06,5.597348203324241e-07,8.531832322034414e-06,1.2544060277732593e-06,2.1882022393715288e-05,5.40360262264142e-07,5.6671212742654724e-05,1.2227615807717782e-06,4.538543754263603e-06,9.980441571514815e-07,2.111100463071848e-12,618.3700727390716,0.5495514885350337,33.66763,8.567833665045743,79.68691724321049,33.66763,8567833.665045744
0.27633592500000004,2.1192136204306758e-05,1.3484478664965829e-06,5.420050468607013e-06,7.253106395432704e-07,7.626218918525778e-06,1.7929937352029775e-06,4.493891345290192e-05,3.706777166462331e-07,2.7114274440232402e-05,6.625039647190041e-07,8.02340510901572e-06,8.656165277923488e-07,1.636379943010565e-12,1355.3216084108342,0.6285481547034065,43.15521,12.613495970208076,82.86061406484086,43.15521,12613495.970208077
0.3380376749999999,3.4979186102904475e-05,8.398564761462446e-07,6.064523754690434e-06,6.023444497633814e-07,4.579237274978949e-06,9.259528455975561e-07,3.2561110490188866e-05,5.738696972062861e-07,3.811889297821712e-05,1.1828372966205938e-06,3.970660473167803e-06,9.560128913584628e-07,1.9312821350862e-12,1245.855804881498,0.5268081702977999,34.92831,13.740855376048073,77.96021889569649,34.92831,13740855.376048073
1005513.2220680636,1.1073511461175245e-05,6.413267380251054e-07,3.2033981330021947e-06,1.2232418793559959e-06,7.129436115367413e-06,5.605197148085569e-07,6.431729705855168e-05,5.421656505683593e-07,4.881446767536341e-05,1.4863218903554433e-06,8.885865576353986e-06,5.730838793398033e-07,1.121684155590534e-12,249.7658007579585,0.4801226387433941,13.04786,4.48677793193646,97.77504068677834,13.04786,4486777.93193646
0.4268784960590142,7.525915355978542e-06,7.892107896890114e-07,3.6806513087085767e-06,1.548777135434736e-06,1.2018035419990413e-05,7.314996671473195e-07,5.319480190817017e-05,7.98720668317287e-07,7.98233150872344e-05,1.4188938996652437e-06,6.578739462425126e-06,1.7712465710808948e-06,1.0138295023979e-12,589.3163976550015,0.7289235423404943,26.43723,8.993691157639434,78.26814411872618,26.43723,8993691.157639435
0.4788222454143859,2.5480344128893943e-05,8.751621703823712e-07,4.529951238558275e-06,1.1172155514287766e-06,1.1484206198521012e-05,9.619327804634847e-07,4.0707480903568807e-05,6.610943569758201e-07,2.4598362618763444e-05,8.675450433162428e-07,2.8816728461340547e-06,1.4125227959876792e-06,2.1459426282238645e-12,870.5729556314999,0.7143898592967249,26.10111,7.016777183424565,79.65189879073992,26.10111,7016777.183424565
1007638.5791051958,2.416407714765456e-05,1.361333651517946e-06,5.067389156631994e-06,1.498822745558987e-06,6.620486572180172e-06,6.487313680409915e-07,5.816946889651968e-05,6.285499541054657e-07,2.6743151864791526e-05,9.329966920417789e-07,4.913235373973917e-06,8.405469639472324e-07,2.5331510243190883e-12,366.84933302732935,0.7773416004711541,23.45718,2.361420894804155,88.0516355639233,23.45718,2361420.894804155
1009409.7117462916,5.101676985252379e-06,1.5377305945826241e-06,1.0742185038430431e-05,8.00872498173017e-07,7.852923965200117e-06,1.293720182344162e-06,3.4985022859224236e-05,6.703880894321209e-07,4.21405169654834e-05,7.857591265454776e-07,2.0762227571074787e-06,1.4852601231353496e-06,4.411142917924101e-12,399.79861133110757,0.7810550182886642,23.09297,0.5902882537084152,92.00076917684572,23.09297,590288.2537084152
1006545.5803014223,9.936099904803752e-06,1.1972119747384043e-06,6.740535113413057e-06,1.161246737179147e-06,1.6144640204145614e-05,1.945774106286469e-06,2.6544431378394437e-05,4.917792814452262e-07,4.195902520496375e-05,6.491741041045229e-07,2.3821271990328802e-06,1.1011645141298188e-06,2.068281508451585e-12,1363.1669334772162,0.43729660264081854,25.10259,3.454419698577717,91.57240333676515,25.10259,3454419.698577717
0.4658273890206227,6.211181074071037e-06,1.0761010438715298e-06,2.1334561428801e-06,1.2995832906507874e-06,8.78185066209911e-06,6.476939666857701e-07,2.202255827864239e-05,7.767065401719744e-07,2.9641844856262057e-05,6.906749725928699e-07,5.7816203027724746e-06,5.509368491684462e-07,1.0968773027831216e-12,874.091184246251,0.4687302867375972,27.29816,7.17745643917509,82.67349291057093,27.29816,7177456.439175091
1006166.3357535718,2.9878796577117105e-05,8.837575061847032e-07,2.744388806707109e-06,5.829677161689462e-07,9.484721003823261e-06,9.702996684158082e-07,2.2000342466250307e-05,7.718236948848557e-07,6.640993045983226e-05,5.986831481982748e-07,2.784787447735918e-06,9.102920288909073e-07,3.1335683435042066e-12,817.2140315653057,0.6414837794753653,21.96578,3.8336642464281647,91.54783524960801,21.96578,3833664.2464281647
1005225.2452236739,3.524607881388429e-05,1.1289518113202152e-06,5.504608323641464e-06,1.2920589177163648e-06,6.231390567748714e-06,5.051860187396368e-07,2.4374691783517407e-05,3.78866766261952e-07,3.478520514765396e-05,1.5316977783650647e-06,4.6621679994974104e-06,1.7661465733178904e-06,4.116820782436921e-12,798.2659280412204,0.630453100916996,28.35147,4.774754776326079,81.64770804942233,28.35147,4774754.776326079
1006209.0953751551,2.3163803004660828e-05,7.45264048021084e-07,1.1801950332376179e-05,9.412261105528485e-07,1.2346965826903516e-05,1.3409875725844984e-06,3.0207304533405523e-05,5.873443164032089e-07,6.147370888646736e-05,6.373918931007269e-07,2.9865360415082192e-06,1.7410157334713782e-06,3.2547342116173933e-12,795.1765976851023,0.7643332381817104,24.13272,3.790904624844905,89.40905189404016,24.13272,3790904.624844905
1005126.1656155518,7.322118141872299e-06,1.0997918737350062e-06,4.419890487129195e-06,1.8549428295095484e-06,5.883012708628155e-06,1.6714256532248127e-06,2.9232081351778233e-05,5.944480352396322e-07,2.997540364756876e-05,1.780882912855309e-06,6.150944496822872e-06,1.3611431281316551e-06,1.4185826264825776e-12,841.533850391668,0.7969558887537146,36.28467,4.8738343844482666,74.40614859122019,36.28467,4873834.384448267
1006663.9865704562,1.57840965263811e-05,1.9870563185401e-06,2.3334667449225856e-06,5.785241629020743e-07,1.3735605709701444e-05,7.856868241633069e-07,3.7369777315237975e-05,4.405130724911718e-07,4.033770888372908e-05,9.489046118677717e-07,2.250046269973167e-06,1.3094594896942195e-06,3.3422818751065197e-12,695.5022383239493,0.6983829748610908,31.3688,3.3360134295438315,87.09123743426224,31.3688,3336013.4295438314
1060000.0,2.9635356955495273e-05,8.665462490630591e-07,2.043740939658919e-06,5.861595969494601e-07,1.7502948993125933e-05,7.868828252963526e-07,5.646481095963996e-05,5.301648591986175e-07,2.1984311365035495e-05,1.0694411394128055e-06,2.9538331532564793e-06,1.8661136452350672e-06,1.2532409273997428e-12,1266.5546965813967,0.7366250132363037,-8.16923,0.0,0.0,-8.16923,0.0
0.496835206180032,7.128978558366247e-06,5.126806154468328e-07,2.4489892822385745e-06,7.517314706010083e-07,9.457296028225724e-06,8.595771302425419e-07,2.2271065777855816e-05,6.623775841932621e-07,5.115113610032517e-05,6.185632185925149e-07,3.558951424014147e-06,6.751803706007281e-07,1.0570022548033022e-12,1077.5573700069522,0.4864665998281781,18.30324,8.635619752798718,91.96946445206356,18.30324,8635619.752798717
1006397.0258086985,2.1290754707873803e-05,1.594387475355718e-06,1.0260122814071248e-05,1.2158998291630958e-06,1.2670956353090157e-05,1.7338988756458746e-06,3.4372070949454545e-05,4.6049560824823675e-07,2.150736097880575e-05,5.032445210962415e-07,6.933000055574009e-06,1.448167497790779e-06,4.458797053580143e-12,687.0381145282335,0.4954161292314103,34.32827,3.60297419130147,87.25733360078603,34.32827,3602974.1913014697
1008419.1720867486,6.0464459400298025e-06,8.971153866222441e-07,1.4679791924373725e-05,7.978742462582443e-07,5.449646721294553e-06,1.2639145334092164e-06,2.7153453606744427e-05,7.282294948562861e-07,6.037069167150687e-05,1.581070098778956e-06,2.6204452981981885e-06,6.302929845769107e-07,1.952305862320189e-12,339.98897716635184,0.5308565864642846,18.09916,1.5808279132513157,92.77870982239858,18.09916,1580827.9132513157
1060000.0,1.608997798015146e-05,6.502629234311604e-07,3.035792512232049e-06,1.059515950435652e-06,1.8127552186537717e-05,5.911548217948221e-07,2.689913859562564e-05,4.785845876582632e-07,2.5442547220511012e-05,8.731364165698693e-07,3.3271503345663175e-06,8.575979243219286e-07,2.0925248056539184e-12,285.82116928212497,0.7260339566423226,-4.71573,0.0,0.0,-4.71573,0.0
1009652.0070847208,1.931651705602045e-05,8.339078775903203e-07,2.2905985452784026e-06,6.769502467952687e-07,6.498653572739955e-06,1.1468988766776974e-06,7.814778518383257e-05,3.904902365540676e-07,4.2057498987350375e-05,1.9739187060643844e-06,7.861031634419346e-06,6.34159751344621e-07,4.68097683026722e-12,979.8272886996012,0.79256635794304,10.51632,0.34799291527926685,106.15545845487799,10.51632,347992.91527926683
0.4269333205836434,2.12718586809684e-05,1.2796959248804885e-06,1.4187653143418348e-05,1.3080715784314843e-06,6.825752989485483e-06,1.2063988039193192e-06,6.811318356600744e-05,4.6405501324068717e-07,6.512034870504569e-05,9.755317667717303e-07,3.4297186214989605e-06,1.1623678010649635e-06,2.5640308993977084e-12,697.0828195239154,0.6562367819005666,35.9671,6.132537176654264,85.31437752057685,35.9671,6132537.176654263
1007745.7653006148,8.107204456576302e-06,1.1289151801521202e-06,1.4652907348677065e-05,6.902600096513645e-07,1.0786218832518637e-05,1.733345023771832e-06,3.0688481413240335e-05,6.489355906576018e-07,5.713962179644149e-05,1.1806099919172938e-06,2.2024922393076233e-06,8.403412780412256e-07,1.6118506524822786e-12,397.1717610096359,0.48175413203847084,18.56778,2.254234699385256,92.61336667388447,18.56778,2254234.6993852556
1007225.6349121104,5.410073677206268e-06,1.7985300683946954e-06,6.6739419649811665e-06,1.8554292558133337e-06,1.314551201460446e-05,7.886077008581096e-07,2.940890129305353e-05,6.018602279878161e-07,5.7397494597542636e-05,1.0293586388402725e-06,9.64540256986293e-06,1.2278147020851822e-06,1.5908215503966686e-12,230.8013319798784,0.738773938217381,30.77929,2.774365087889638,85.53727994151598,30.77929,2774365.0878896383
0.324072375,9.957191747804336e-06,6.995494595049746e-07,5.9287183448475184e-06,1.7571825959571175e-06,1.1664852494258459e-05,7.054795161231424e-07,5.186278490488678e-05,6.394651292251449e-07,4.646441987367887e-05,8.484913404789286e-07,3.356175051648398e-06,9.232042561838142e-07,1.0097727299857399e-12,1330.8267618651314,0.4279939679910576,36.79035,28.00043947339106,67.21372698109062,36.79035,28000439.47339106
1006974.7632816138,7.460769498590501e-06,1.2047500980954959e-06,2.659984928408751e-06,6.636249466733947e-07,4.636572491545226e-06,1.1370228933545682e-06,6.331036693829832e-05,7.576061321612911e-07,2.7752548441971265e-05,5.572238937867304e-07,6.423557756453354e-06,7.699976455908021e-07,3.1946870049970533e-12,518.4024456979469,0.47057420195892824,35.15642,3.025236718386216,88.51723744272351,35.15642,3025236.718386216
1008170.4681113885,8.390962961664507e-06,7.426249956238709e-07,4.935086300098903e-06,1.2068175184290887e-06,6.195587932971454e-06,1.4769058407114854e-06,2.2346237540623713e-05,7.826588022600215e-07,3.473738001657047e-05,6.309213498059024e-07,4.06947729566316e-06,1.0073640201533096e-06,3.263568257637369e-12,1188.4218037325293,0.7278415231518671,25.0458,1.8295318886114995,90.34219467037508,25.0458,1829531.8886114995
0.21322964999999997,2.603903174910551e-05,5.139222980601192e-07,4.313156935962785e-06,1.633633572974728e-06,1.3566855401702023e-05,1.793857136589268e-06,4.5642149081968376e-05,4.0671592814126056e-07,5.4766605770064824e-05,7.142907997634085e-07,4.218016761423196e-06,9.377051178367633e-07,1.8290114311684507e-12,987.8329636536363,0.42877585987220446,51.56938,40.26660156802429,70.57419082401657,51.56938,40266601.56802429
0.2593674157174749,6.643286540976749e-06,9.58278537686227e-07,2.7316394328086727e-06,6.503334919845173e-07,4.083483101034033e-06,1.0009706115585827e-06,5.466777853952726e-05,5.330064936792736e-07,7.216914397586501e-05,1.8411025283406132e-06,9.536197526202207e-06,8.387366452754851e-07,2.198778817969953e-12,1033.3633384390077,0.6353236021734308,52.17083,7.974054371301004,83.71666198353039,52.17083,7974054.371301004
0.3948933465737374,1.1698817850467114e-05,5.276502229979108e-07,1.2808235335207527e-05,8.524292615898906e-07,9.940390173499114e-06,6.544960546674652e-07,3.66190887492395e-05,4.4139044293665605e-07,7.091899002028082e-05,1.3608335237575538e-06,4.541830847584882e-06,9.843502750233415e-07,3.02854084690578e-12,1105.3920356557965,0.6603625338832533,28.7839,9.5690961370505,88.09346035859646,28.7839,9569096.1370505
1005492.8150920247,3.433205629206081e-05,1.386385442771402e-06,3.259144405852113e-06,5.245001694956659e-07,1.4805086932764752e-05,1.1990613094503238e-06,5.1083281264166626e-05,6.283141813664208e-07,4.892822934028872e-05,7.183014818683326e-07,4.16284654583902e-06,1.2853247963987132e-06,1.5057043620894836e-12,982.794125019344,0.780711298175468,62.37493,29.94404570700736,54.50718490797528,62.37493,29944045.70700736
1020973.2891645322,2.8769650593978358e-05,5.08625174352515e-07,9.455356118097071e-06,1.2216193180388304e-06,1.7495791847382875e-05,8.677394608723495e-07,4.507479271791359e-05,7.391907392888799e-07,4.104123337799024e-05,6.496103411038557e-07,3.950533657536974e-06,1.5795341512413629e-06,1.5022748909619092e-12,592.8854357513849,0.7870733724033872,43.07515,39.222551153924336,39.02671083546775,43.07515,39222551.15392434
1005975.7651130691,1.9662655565093153e-05,8.500250251957832e-07,3.7198923471877936e-06,8.84674095261279e-07,1.6392214627592037e-05,1.371071833188351e-06,2.262231981560084e-05,5.983039223389725e-07,5.8700884006099215e-05,8.059630616228424e-07,2.5164160041359392e-06,1.4117260390049629e-06,4.467390258091601e-12,717.3612856023884,0.5232401371193538,25.41,4.024234886930895,90.18804614610703,25.41,4024234.886930895
0.5321702675562597,3.8935238927464794e-05,1.5505486108253734e-06,2.0063714889511137e-06,5.508315078750282e-07,1.2267737744920516e-05,1.0352103722245639e-06,4.955540373074378e-05,6.464164131217814e-07,2.5337400394918153e-05,8.404901268267645e-07,6.210661617520393e-06,6.579459867986382e-07,1.3402986771886273e-12,1433.0283048995564,0.5802643137189512,21.26962,6.332303297749607,87.42424102161797,21.26962,6332303.297749607
1060000.0,2.719066366465825e-05,6.467482200911832e-07,2.2523865013641465e-06,6.441456301058244e-07,1.3573546480943185e-05,7.16333755837884e-07,6.986387082420661e-05,4.989609871970089e-07,4.768960254831136e-05,1.188253714520054e-06,8.090753707556401e-06,6.294886475761118e-07,1.6028245717585706e-12,691.0470989501928,0.5107048811443521,-14.0503,0.0,0.0,-14.0503,0.0
1006931.014246141,1.0185068994091871e-05,1.1260671023794341e-06,5.238648412259966e-06,1.270687422789813e-06,4.7045984135876044e-06,5.441638161676971e-07,5.670977345300404e-05,3.620834006273838e-07,4.48432517507654e-05,1.96596504159251e-06,2.3373273698995644e-06,1.0314465689529023e-06,1.011756236664637e-12,983.8803334243323,0.7947587369741734,20.0949,3.0689857538590166,91.67127502563804,20.0949,3068985.7538590166
1002591.1753098305,2.4352871787914038e-05,1.820401602921826e-06,5.189634806793956e-06,7.97778382659741e-07,7.984269559675994e-06,8.359973327224646e-07,6.869972825106407e-05,7.996456274982809e-07,6.206132007763939e-05,1.8429054983708196e-06,5.833104644534795e-06,8.449110646877223e-07,1.0965037523534138e-12,662.8380040451932,0.5321021014638847,46.67743,22.78721137760798,57.40882469016959,46.67743,22787211.377607983
0.3051450979389199,6.1579928088477075e-06,9.420258267739102e-07,8.167563363228619e-06,1.3664572965036596e-06,1.6700319174588095e-05,6.061413017649241e-07,4.606970477510353e-05,7.205475700661086e-07,2.9463627448382692e-05,1.3181634222282898e-06,7.425517517072511e-06,8.332722208440588e-07,2.705261720847301e-12,1056.5389367253258,0.5900797710267127,44.76358,8.365122082443206,76.96170124031462,44.76358,8365122.082443205
0.40436520000000004,1.180485056039069e-05,6.488108586866931e-07,1.4588113791195076e-05,1.88569230462098e-06,1.4793002501031531e-05,5.116611529161559e-07,3.295303224959186e-05,3.7339587313296046e-07,6.126722990311125e-05,7.851555467129901e-07,4.088713439157138e-06,1.1595186562539254e-06,1.9041601198135847e-12,996.3700490604973,0.4325476925025402,26.08464,13.47593809250886,85.73072875593192,26.08464,13475938.09250886
1006761.0085076302,1.21735407120795e-05,1.8187748237452536e-06,1.3048961913473026e-05,1.9639292079160104e-06,1.589085197610049e-05,1.7537043183765432e-06,5.5348932253442065e-05,4.552086463226593e-07,2.6210664148721236e-05,6.097640031317643e-07,4.6188349357220955e-06,1.1048000193382744e-06,3.970811987738206e-12,856.0276004766633,0.4511445417938383,37.62888,3.2389914923697853,87.8698850392824,37.62888,3238991.4923697854
0.31219515,2.6216267182571455e-05,7.592761569444256e-07,7.762482252406863e-06,1.0699128753339217e-06,1.634967068868633e-05,6.311722588214072e-07,3.7129693362297844e-05,3.9483751159806956e-07,5.0116449859131547e-05,6.982440244423858e-07,2.81164562043943e-06,1.420604579825599e-06,2.8916254408746934e-12,316.2613603257431,0.5739573627512499,38.37398,23.036710627794086,71.75366433116223,38.37398,23036710.627794087
0.48127867536535807,2.2149827575346167e-05,6.243688880589235e-07,1.2999700495972712e-05,1.7475055502055868e-06,1.3730516464203173e-05,6.786558515366144e-07,2.8584976126201664e-05,5.265967619298947e-07,6.940414213845735e-05,5.930379030378112e-07,2.4883970042618495e-06,1.0490523008957702e-06,3.213978082678838e-12,317.57428075524115,0.6767138193035158,23.79878,7.609218985385678,85.1208826538799,23.79878,7609218.985385678
0.265925325,3.0648613736317534e-05,1.8195225237242193e-06,9.367466690009273e-06,1.1497807968874642e-06,1.1276836049674976e-05,8.432431769209371e-07,5.407214050548648e-05,6.479462092268692e-07,3.394739825220447e-05,1.2177385392588142e-06,4.9406171614195325e-06,1.638393643691289e-06,3.67350419355479e-12,490.61608639972,0.4462759861081138,44.54329,10.244021434768351,76.61813055041321,44.54329,10244021.43476835
0.4655103926856464,6.00002751563073e-06,5.657665759450178e-07,8.893729833461474e-06,1.8332725704367746e-06,1.3259448623314263e-05,5.87317466161506e-07,3.329888919870402e-05,7.115849817306782e-07,7.506483599397065e-05,1.1125218595663444e-06,2.005410159884523e-06,5.447891489212898e-07,2.3679387221215704e-12,1301.2541756375817,0.7919397992601946,27.79944,7.039752292574142,85.08596906438287,27.79944,7039752.292574142
1006196.0523582596,9.719331326384903e-06,8.293469574627385e-07,7.860696183792226e-06,1.5085166345637477e-06,9.233165439501877e-06,1.1512772284551903e-06,2.7212756755498966e-05,4.936190235945524e-07,4.218078330987476e-05,9.46848518792519e-07,2.524477504641215e-06,1.8477631196511857e-06,3.847594796028278e-12,849.7824645338594,0.5823138122183841,30.49147,3.80394764174047,87.80067049933875,30.49147,3803947.64174047
1005734.7516817879,1.7464147747828194e-05,6.120584750012799e-07,7.642802263128315e-06,1.518433271852378e-06,1.239974360719535e-05,1.1469167028784642e-06,3.069030223903403e-05,7.938497727028899e-07,2.373355188041539e-05,1.9912815345227693e-06,6.2354509645876234e-06,9.703421812600373e-07,3.7951379673303284e-12,843.533182732341,0.6816561906531324,24.33043,4.265248318212095,74.08058513579725,24.33043,4265248.318212095
1008885.0135231112,1.094389187416698e-05,1.948394195483959e-06,3.913378760496547e-06,1.5754559190869198e-06,5.6139975755423376e-06,1.3806199200529048e-06,6.151069617436212e-05,6.297889364498745e-07,2.15118650282607e-05,1.6596324734935573e-06,2.667839929071209e-06,9.828269362735434e-07,1.8787195051147413e-12,1479.706404801576,0.6637001243602525,24.25696,1.1149864768887547,91.18624706555248,24.25696,1114986.4768887546
1005132.0103659836,2.9191629355345815e-05,1.9753748264823596e-06,6.032726135888249e-06,7.981989550664602e-07,1.1909426238636562e-05,1.9733250236469744e-06,5.717674018914485e-05,4.919469680932004e-07,4.157421055956893e-05,7.402475624853319e-07,6.134457359736936e-06,6.552804309183271e-07,3.967296122838325e-12,711.9041899332063,0.45236027337139423,38.20511,4.867989634016359,88.48590336588151,38.20511,4867989.634016359
0.48070732229177804,2.3896501830109605e-05,1.1178815734542067e-06,1.0127846961284396e-05,1.624076332112267e-06,1.2532577281386998e-05,9.428270138038346e-07,2.5094808484248076e-05,4.017972130875476e-07,5.2485214154192355e-05,7.485461335283083e-07,2.524973626550464e-06,6.765521015245958e-07,3.3350083960805612e-12,1155.9145655230386,0.4036530058450275,28.60937,6.188896108328878,91.2252901243301,28.60937,6188896.108328878
1006301.6975888046,2.262429027270262e-05,1.1106191629066936e-06,7.84512074022925e-06,1.9683248973595124e-06,5.07261357733023e-06,1.867096259741264e-06,3.6155675461279996e-05,7.049846938660475e-07,7.219859055673404e-05,5.712109194676809e-07,9.592631211326843e-06,6.413864402580651e-07,1.0881191028029333e-12,1474.359787777556,0.6600391219213182,26.01677,3.6983024111953644,89.01905134473436,26.01677,3698302.4111953643
1007729.0461834006,1.7173417588305328e-05,1.9178022222279424e-06,7.0740705119385456e-06,8.753840433551728e-07,4.224934285542068e-06,6.981993128797796e-07,3.937423210156926e-05,6.235722489931659e-07,7.511550471292959e-05,1.2359273433823764e-06,3.659346320187825e-06,1.3045838732629184e-06,3.596735200536759e-12,1056.0745069123395,0.7110923244466596,32.18198,2.270953816599448,89.249906977491,32.18198,2270953.816599448
1009228.664936608,3.020290604064786e-05,1.2316752118332987e-06,3.48225757316266e-06,1.2366103175626668e-06,7.2244998990387905e-06,5.904966463815334e-07,2.2427580361001817e-05,5.32055986554385e-07,5.054556177068953e-05,1.01360601826017e-06,2.0755108646677066e-06,1.1064696028225505e-06,2.5133420006269567e-12,555.8422491091758,0.6981437179283894,58.87419,18.98561447434041,50.77133506339199,58.87419,18985614.47434041
1001661.7356190981,2.6081577715442813e-05,6.426892239451503e-07,5.305510782685246e-06,1.2219568132922135e-06,8.038460130977584e-06,1.1040811382229485e-06,2.295617870114585e-05,3.787240780254273e-07,7.050673364493439e-05,1.505715970551284e-06,2.6931618505097336e-06,1.5429976604952026e-06,1.0322909815710046e-12,922.878212948901,0.6145667159064846,37.59987,32.33535054096439,58.33826438090189,37.59987,32335350.540964395
0.34111515,2.7068009050447175e-05,9.842703390644208e-07,5.689842720770671e-06,1.1246242641172015e-06,1.2616800031078995e-05,1.4949895344297077e-06,2.3754134750004605e-05,6.567943114733885e-07,7.628302672447963e-05,1.7353234525711148e-06,2.674907901409827e-06,1.147270203701749e-06,1.3358907865546775e-12,921.1382991180028,0.7202051887342218,34.51798,15.649601598199196,66.30103834969528,34.51798,15649601.598199196
1008384.3665159636,6.457895091420132e-06,5.977573962079668e-07,3.030356985054318e-06,6.252133650160107e-07,9.89072141046246e-06,1.6277737771062107e-06,2.09944873297735e-05,7.872803635732985e-07,4.034239183343126e-05,8.276652442443067e-07,4.803615563539021e-06,8.988190795750135e-07,4.5781114192024395e-12,200.1112336131796,0.520239991087217,20.58519,1.615633484036418,91.28825159052637,20.58519,1615633.484036418
0.36604005,3.5767365235898523e-05,1.027320360646847e-06,9.683437387328859e-06,1.2468735436898695e-06,8.185513454084382e-06,1.1127603644794983e-06,5.2423111628475936e-05,5.464577872080013e-07,7.846444378445522e-05,8.14639826009451e-07,4.755785769235483e-06,6.688149545500792e-07,1.1727472223029423e-12,1265.6922843914942,0.49484014224032746,31.19466,16.991206735457226,83.35127958270803,31.19466,16991206.735457227
1007259.8638423986,7.392944321785657e-06,7.575528571592744e-07,1.0706076304583812e-05,1.8853676200108423e-06,1.0542433157496157e-05,6.745886428556572e-07,3.2900974691601254e-05,3.988980913468676e-07,4.739140672400202e-05,5.542924718944657e-07,3.0147030486804425e-06,8.488400463912535e-07,4.281847421385469e-12,720.0771882600193,0.43330163045150183,24.34484,2.7401361576013947,92.04611597543588,24.34484,2740136.1576013947
0.43449170819458627,8.482363299483166e-06,9.016795632129255e-07,8.105382111218458e-06,1.0510334895173694e-06,4.481031006904194e-06,1.3806520672573748e-06,7.948697847682713e-05,6.279788809733609e-07,2.6121809547128155e-05,8.375716517008754e-07,5.760704496185259e-06,1.5594274298410846e-06,2.647513566339785e-12,745.5924143496018,0.46139656399595835,38.05787,5.202970672216548,85.8632946766666,38.05787,5202970.672216548
1060000.0,3.9376830038945376e-05,9.120939002224334e-07,2.107185228715339e-06,1.1544570441249502e-06,4.531556082758532e-06,5.942914159975589e-07,2.3294353077063403e-05,5.57788984291576e-07,2.1915000599951952e-05,1.2144936762152852e-06,3.5861622321837205e-06,7.939030242844827e-07,1.552371468976912e-12,1329.5119817370664,0.4903061874915564,-12.8568,0.0,0.0,-12.8568,0.0
1008742.3347697251,5.103610018414322e-06,8.434134674754836e-07,1.4085301452706769e-05,8.451414350440003e-07,4.736458643422193e-06,1.8040905114230294e-06,2.5517071124083195e-05,6.439873465254669e-07,3.059082694446895e-05,1.561233687832454e-06,4.398035298947627e-06,1.0409640442382298e-06,3.087432054880913e-12,1325.0178543224613,0.6206168927879749,23.9448,1.2576652302748978,88.35579231979126,23.9448,1257665.2302748978
1006735.2866832383,1.768346304490025e-05,1.7328424451238162e-06,2.821268667902274e-06,1.8570602356002004e-06,7.48777997532516e-06,8.068351132705247e-07,5.589015889748435e-05,7.798173362538643e-07,4.179598252515858e-05,1.1401581532841936e-06,7.850474218946173e-06,9.68432725720912e-07,1.22791737133938e-12,212.34670946490644,0.6054261675871094,20.22948,3.264713316761626,89.25362886691532,20.22948,3264713.316761626
1008027.2444408134,6.9086409836575546e-06,5.957325608953292e-07,4.290459272972785e-06,1.3859207368058627e-06,4.3552268283690156e-06,1.3668344786153437e-06,7.722134558650078e-05,6.333670775482817e-07,2.824945931790204e-05,1.1626412341414678e-06,6.238105885477897e-06,6.44480695999878e-07,4.890537163702601e-12,1238.0095683728573,0.600891698261558,30.13839,1.9727555591865626,91.13250840021884,30.13839,1972755.5591865627
0.47526804474007067,8.87284654877126e-06,9.047117823929509e-07,1.3336905356175867e-05,1.6967516546319543e-06,1.482647215531465e-05,7.633279179294762e-07,6.569770383894534e-05,7.671281447518567e-07,3.5137938896476956e-05,7.713587087068449e-07,2.3122541445512964e-06,5.582370306754108e-07,3.2375409670438e-12,1428.3270330855526,0.4660452502230308,31.44498,5.555784210397172,90.15431742454334,31.44498,5555784.210397172
1008802.9665065028,5.634012098626341e-06,1.4013515413534617e-06,6.108769640698044e-06,9.901376892004708e-07,1.633828565386792e-05,1.8978061839085317e-06,3.59992599119317e-05,5.403898441077772e-07,5.508252645361928e-05,9.72191142457651e-07,4.581498798394514e-06,1.994336497992725e-06,4.175818890260385e-12,1107.2465387143125,0.5621885806736358,27.28601,1.1970334934971623,91.91999650716029,27.28601,1197033.4934971624
1006071.3937554643,1.801076950181235e-05,1.7675766906857695e-06,8.989867611877158e-06,1.3456657897764823e-06,1.2392260223761262e-05,1.413562727736524e-06,2.8058784129684918e-05,6.494902117223378e-07,7.47325515281483e-05,1.5656120738847307e-06,8.24813165997799e-06,1.039740019402202e-06,2.6656802797791133e-12,989.5856103543016,0.7858589535013805,33.78616,3.9286062445356387,83.82221162494653,33.78616,3928606.2445356385
1008250.4997905771,2.032938406274682e-05,1.6980290385801676e-06,5.7430015290338075e-06,6.830850656455621e-07,4.514069875427225e-06,1.6008275156974933e-06,4.0766072419912205e-05,7.70214862681367e-07,3.593636628233466e-05,8.456833803624176e-07,3.6470700445311243e-06,5.849831677333597e-07,4.3540173965484505e-12,524.6947905513966,0.6156478489958557,32.67897,1.7495002094229155,87.68979354007399,32.67897,1749500.2094229155
0.402754275,2.460995011387051e-05,5.887515268871687e-07,3.6545092726587423e-06,7.511068595999187e-07,5.636203892849445e-06,1.3909315692999407e-06,4.4005501214444104e-05,4.282683846953718e-07,3.0517559603840293e-05,1.822884164053746e-06,5.629233719159996e-06,1.5707513009101155e-06,1.0586780214937728e-12,801.9740749913609,0.6470994766007417,26.29943,10.031445272937118,78.75638486976234,26.29943,10031445.272937117
0.309221025,1.3801254238766745e-05,8.187461529128422e-07,6.912842664714503e-06,7.8845679254441e-07,7.070016126416003e-06,5.035855606467344e-07,6.870392651632744e-05,4.176953724166893e-07,3.2694878176042216e-05,5.754153280664017e-07,4.415251774753034e-06,5.623294690055222e-07,2.2881962722650547e-12,399.82386629234827,0.44953705940577127,38.77053,16.25008156715522,81.72262897054442,38.77053,16250081.56715522
0.41949667500000004,1.3776758351177871e-05,6.203957898682353e-07,7.509732862834547e-06,6.840579558853249e-07,7.557948906720948e-06,7.571074162020598e-07,3.6217398968342036e-05,4.163714592694833e-07,6.16067191864119e-05,5.813141719335531e-07,4.051153663067652e-06,1.6007132882231814e-06,1.2975297427653217e-12,659.8591102005423,0.5735840618783541,24.06711,12.034691479114468,87.58748546241638,24.06711,12034691.479114467
0.32798061981102195,1.055341733725438e-05,1.6713665185212595e-06,2.983312137227914e-06,6.502805317077452e-07,4.267739895629763e-06,8.639932884303973e-07,5.609405871965441e-05,7.391920144090427e-07,2.4977429318922655e-05,6.58832599852479e-07,4.325564711669908e-06,1.2574367129461106e-06,1.533860846162235e-12,747.4239195569468,0.620049469159745,42.79093,8.04349620755912,79.55270811472805,42.79093,8043496.20755912
0.5507388549310137,2.638028693047762e-05,1.3459659535874012e-06,3.8488114473128e-06,1.4427140872409052e-06,1.6534396473338292e-05,1.0025798646349054e-06,7.19563746391806e-05,7.057748352353296e-07,3.4287839781427786e-05,5.821511012250177e-07,2.3792199327119006e-06,5.148786713530899e-07,1.2844558604158542e-12,850.0012108515473,0.7069539805782964,21.44342,5.537419802759452,88.293992354245,21.44342,5537419.802759452
0.35208505963202047,8.176270350981837e-06,1.2804231241958845e-06,3.984963334089531e-06,1.9357290839879404e-06,1.3106976756178863e-05,9.129811823100468e-07,2.987488703924232e-05,5.306604020621673e-07,5.742981022019917e-05,7.049019973474228e-07,2.5563477552479923e-06,1.0157037485907616e-06,1.4940660619625227e-12,1196.745886277601,0.7456667222485862,37.29991,8.72662461471918,80.80467164748462,37.29991,8726624.61471918
1030234.3098426559,3.95251566749382e-05,7.045181316616132e-07,1.044993305445152e-05,6.583035661805745e-07,1.246967024653321e-05,1.5367739157342473e-06,5.2864158157398874e-05,5.376573984764315e-07,2.5710835610797627e-05,1.9794550913852442e-06,5.179148999065077e-06,1.2049342156922438e-06,1.4465474026638538e-12,371.9845564787694,0.4153465726192642,68.53639,43.165828915625866,29.76569015734411,68.53639,43165828.91562586
0.31057215,3.920931363646647e-05,1.8127709701817593e-06,4.721404583881482e-06,1.1752231469754701e-06,4.630427935058002e-06,5.365969393632383e-07,3.517607176322292e-05,4.598054559789242e-07,4.811944324496054e-05,6.891334529188588e-07,3.435644584416457e-06,9.715704221070874e-07,2.271848817935424e-12,1037.0351021524677,0.5217159959973543,38.59038,11.289999203092957,84.69814763013677,38.59038,11289999.203092957
0.37794839999999996,8.752325313903137e-06,7.377029354308507e-07,4.056934071978366e-06,8.926387861765475e-07,6.692974587622238e-06,5.340744557801051e-07,2.1166434371222903e-05,3.7530189158463925e-07,5.615869489914392e-05,6.708002362158138e-07,4.275476195160681e-06,1.7616947264277742e-06,1.1760598016789002e-12,440.2920039589849,0.7793312743046473,29.60688,12.461793064274657,79.10502024386663,29.60688,12461793.064274658
0.16081785,1.064919020540182e-05,7.62449341229355e-07,2.4311527673378306e-06,5.095597279932197e-07,9.721413833828393e-06,1.6516964141573854e-06,3.165478215355103e-05,6.506887912088428e-07,3.3006952158114366e-05,1.471835681427824e-06,4.684774753007427e-06,8.36933308234856e-07,2.847764601693484e-12,473.04329246003454,0.5536197426534628,58.55762,11.546576267364593,64.41142394645406,58.55762,11546576.267364593
0.250461825,3.1636311382830334e-05,5.991423883254488e-07,8.929754026488089e-06,5.907864712340049e-07,1.028131948660527e-05,1.770741556921836e-06,4.9543998897477405e-05,4.1912396152491096e-07,5.312239192012321e-05,1.8037523558985447e-06,2.2561532234867982e-06,1.066702630560367e-06,1.7365024272837198e-12,1142.9558568928992,0.7958578460245967,46.60509,21.800240914624236,64.61289322398797,46.60509,21800240.914624237
0.3617418806034137,7.610152929859913e-06,1.358052198239475e-06,2.184577204332942e-06,6.522122552799001e-07,9.701523959143104e-06,7.095867693802496e-07,6.74655350197768e-05,7.116463422428861e-07,7.030511693886567e-05,1.9322105548573827e-06,8.44398316311461e-06,9.310718703214997e-07,3.1724097038797186e-12,1384.1039334756395,0.42708339835053866,45.79188,5.792760775863449,89.42463635256921,45.79188,5792760.775863449
0.41755826694188747,1.1950015448485426e-05,1.8183937796847902e-06,5.520095784133183e-06,5.153947679649055e-07,1.0491810291278155e-05,1.3134965903375152e-06,2.3914215636515725e-05,3.7330373603874036e-07,4.384309169292815e-05,1.5039751819191332e-06,6.109106765894911e-06,1.3961272032714586e-06,1.8959909617724567e-12,1090.1025629953353,0.748102287988328,36.91686,6.222611322324499,80.58576768736394,36.91686,6222611.3223244995
0.26610134999999996,3.770132566371106e-05,6.289583721698912e-07,9.077427841125839e-06,8.516312766595735e-07,1.4022251840495453e-05,8.715757240854382e-07,2.9139747532540053e-05,4.1699841500216476e-07,2.496671672971262e-05,6.762438360932588e-07,6.137868766916773e-06,1.6915080391864678e-06,3.569755334072944e-12,792.073283008956,0.6831016085165118,44.51982,23.129467705743163,68.23639814622676,44.51982,23129467.705743164
0.5041423868575634,1.4899042392291936e-05,7.614495414487632e-07,3.117724823984183e-06,1.3346943607366984e-06,9.727403316511012e-06,6.338521178132337e-07,2.1305485563385046e-05,4.354247360968871e-07,2.1113728240937465e-05,6.139865480154967e-07,8.291662558223254e-06,1.8081268757060052e-06,1.5453464261172155e-12,1227.8077137989994,0.6569652497173061,19.44246,8.001566525697463,83.73682023375285,19.44246,8001566.525697462
1007679.685648523,8.39163726619825e-06,1.5657138106871525e-06,5.872639006021948e-06,5.009713215957783e-07,6.997218509375264e-06,1.1569440294910473e-06,3.336233635826757e-05,3.8474344203706884e-07,5.3181461852517735e-05,1.0706969108469224e-06,6.393548595735086e-06,8.806775315638032e-07,2.675516291880902e-12,622.0256826344107,0.4229053724585632,26.89695,2.3203143514769526,90.49530881298142,26.89695,2320314.3514769524
0.105176325,2.7278540710004673e-05,1.566846198765196e-06,3.111093568906221e-06,1.9058768865782845e-06,5.316093640127955e-06,1.922800934758968e-06,4.2127940515760804e-05,7.865476695862593e-07,5.882265839449816e-05,1.4753184264658675e-06,2.373724284489483e-06,1.4059444348672404e-06,1.8492398580156974e-12,1049.9721343409174,0.7480103153772045,65.97649,11.530488868100834,60.90954270577975,65.97649,11530488.868100833
1005498.8948444867,1.869842330427482e-05,1.0730784913207747e-06,1.0371013257260862e-05,6.78903333864614e-07,6.165078160424238e-06,1.1198671528728223e-06,6.128210790084816e-05,6.567468534692596e-07,2.4816212655507286e-05,6.894158083429127e-07,6.436980757533324e-06,8.335149687892332e-07,4.271579278679177e-12,321.7983807977254,0.4726054175477925,33.79307,4.501105155513252,84.56137661718283,33.79307,4501105.155513252
1002475.4128991759,7.3462712317951105e-06,1.6525619354648696e-06,2.9261325630531804e-06,9.869416973889232e-07,1.2940308337039503e-05,1.2269942969624286e-06,2.059215199866672e-05,4.100158536302157e-07,2.5588020401806732e-05,8.63575769848939e-07,5.319605120423087e-06,5.505357818608656e-07,1.122948586712937e-12,518.8299848998442,0.763652421966549,60.33065,12.780608625296074,57.524587100824064,60.33065,12780608.625296073
1001940.0224781235,3.7611045098928325e-05,5.745353621393136e-07,5.780873940708069e-06,1.3693860775908889e-06,1.4683266152111484e-05,1.153955054141636e-06,3.377018913783006e-05,3.6600458088428007e-07,6.290281129911605e-05,1.4408213977918395e-06,5.642916980879333e-06,5.312563498090061e-07,1.491366106784405e-12,308.674209922205,0.45705424230873104,30.00724,30.81493140948926,58.059977521876455,30.00724,30814931.409489263
0.36819074999999996,1.8431239936463686e-05,5.094434118022655e-07,1.4016993296353791e-05,1.8858767360214061e-06,4.746655620305783e-06,1.3872838645070803e-06,3.1971353780178055e-05,6.333434794117041e-07,2.6475231227289418e-05,9.732287612103931e-07,4.948187244987123e-06,9.257229515664464e-07,1.3002685886144848e-12,631.2832156015999,0.4618053294533755,30.9079,13.550919368975698,65.59112137462012,30.9079,13550919.368975699
1008413.2618922158,5.616045463095956e-06,1.3050294789870638e-06,7.0813907437222045e-06,5.930193274445198e-07,1.5088906009528916e-05,5.765951566451964e-07,3.0177577166239724e-05,5.416253833178779e-07,6.377392916429562e-05,6.086437954208508e-07,8.68175130880973e-06,5.169159914848847e-07,1.988633978082735e-12,391.5894631989514,0.6621458389963097,18.05572,1.5867381077842058,95.40454695174502,18.05572,1586738.1077842058
1008536.7830694412,7.997678414254312e-06,1.691121374336145e-06,4.342145757746228e-06,1.7034360971050889e-06,1.5037025477872162e-05,5.843146405547939e-07,2.529966221176342e-05,3.930937757855567e-07,2.302933112376772e-05,1.8812585477336904e-06,3.5544916872501395e-06,1.1739683677347621e-06,1.2098284090097245e-12,1400.3154896357125,0.7679494413280615,16.26539,1.4632169305588032,94.7251264850783,16.26539,1463216.9305588033
1008053.4554493852,3.2193277771356834e-05,1.155896933082784e-06,2.8631902690694556e-06,1.0431605970500411e-06,1.0499543894421533e-05,1.2824180382467235e-06,2.4630400237155517e-05,6.133446205520677e-07,3.038011926591472e-05,1.5530724045071227e-06,3.503814763413171e-06,5.774808959644414e-07,4.36938518063057e-12,1060.2512298512925,0.7731527336400776,24.58533,1.9465445506148273,84.11234975469316,24.58533,1946544.5506148273
1007989.9565265221,2.6985010423067215e-05,1.3403533349826362e-06,2.332695117566518e-06,5.015124876964946e-07,1.795830616537879e-05,6.144152356905649e-07,4.9647058524689056e-05,4.6490399173558714e-07,3.4371174452336955e-05,1.3591332705363383e-06,7.081139536325116e-06,9.70542992060755e-07,1.1144233716983628e-12,951.1957433498583,0.783834125777208,7.418835,2.010043473477916,111.39526730650248,7.418835,2010043.473477916
0.4671733854045304,8.921934287473182e-06,5.66793075042561e-07,1.4842811125384732e-05,6.433807484138491e-07,7.433196323702242e-06,7.784258687305623e-07,3.599169733154765e-05,6.26285228947701e-07,3.550171431401025e-05,1.5021232388977836e-06,3.4206774884967727e-06,1.5202218304382689e-06,2.8648005114410303e-12,519.680558131194,0.5674638526121952,27.9943,6.914774583818786,77.27639779357855,27.9943,6914774.583818786
0.33073695000000003,1.4057176859770633e-05,1.0479292324098205e-06,5.847601181974641e-06,1.5613656069121975e-06,7.428530389064731e-06,1.118781167838216e-06,3.589247781409867e-05,5.710877158830171e-07,5.230677800412076e-05,1.4108523361587552e-06,6.201134226101567e-06,6.927401214553224e-07,1.0046234746991369e-12,1492.0769058598103,0.4068618606400443,35.90174,17.853915409383465,73.53469023227767,35.90174,17853915.409383465
1008364.9334755953,1.5967333470098914e-05,1.8858717171964962e-06,1.279020488751949e-05,5.430491861600886e-07,7.0184860173494e-06,1.6216955483224254e-06,6.650878966951144e-05,6.923490119708271e-07,3.0092304130128947e-05,6.105919543210639e-07,7.897136266863647e-06,1.923373841260697e-06,4.346377038164158e-12,515.2466310110582,0.7311287230985976,30.67667,1.6350665244047027,88.33234152445611,30.67667,1635066.5244047027
0.4502774856145757,5.615930542221015e-06,6.052498096312828e-07,1.389582773075511e-05,1.3267768199560914e-06,7.343342027458862e-06,5.185998754463589e-07,7.620186910978587e-05,4.843930920211994e-07,5.288298185859084e-05,1.2530939993732341e-06,2.2521287751194455e-06,1.59645776810616e-06,4.059170526940959e-12,239.2414494674851,0.5460976873078272,34.71685,5.5738455754169705,84.55267191410516,34.71685,5573845.57541697
1005869.944185082,5.892614849011873e-06,5.56375421260045e-07,6.296513314676748e-06,1.544802621666146e-06,5.089883483183626e-06,6.438734303684245e-07,5.6065600960134865e-05,6.542393923436723e-07,5.267534474435324e-05,7.573412378668948e-07,3.8785720863569754e-06,7.981180080187448e-07,3.51700511634047e-12,1103.8211317149717,0.5147076282240948,28.45097,4.130055814918061,91.89159796080628,28.45097,4130055.8149180603
1007149.3786279663,6.914333077565889e-06,1.6962094004389079e-06,2.133713879554093e-06,1.4164364335150573e-06,8.991836370193159e-06,5.075898594156622e-07,6.343856727046836e-05,6.195616699767535e-07,6.736284299406562e-05,1.077966125243909e-06,7.600433385625306e-06,1.7879426484439357e-06,2.242816692860056e-12,1122.1586599611437,0.5694681046350307,31.45606,2.850621372033755,89.3393928902022,31.45606,2850621.3720337553
1007392.6766992367,6.927476955030564e-06,1.9268505239067775e-06,5.7197277657944215e-06,1.939725585192683e-06,4.892428120572994e-06,6.706948767671181e-07,4.717712559556207e-05,4.287622146059302e-07,2.5800294713119018e-05,1.4063848893181798e-06,4.919941359888072e-06,1.6059488897420446e-06,3.7217751590074225e-12,808.9669244039144,0.5252758641621469,43.65957,2.6073233007632455,86.10194972101762,43.65957,2607323.3007632457
1008315.1145660892,1.8995695075516638e-05,1.5740783571615e-06,2.7877986789029594e-06,1.522749384424236e-06,1.1325228795364574e-05,6.549520431086105e-07,2.3243088176517514e-05,3.830765270121489e-07,4.6151589429924444e-05,1.616886655898778e-06,2.0923546926202145e-06,7.393932934017065e-07,2.390780626375475e-12,284.9149173161605,0.6388443023293525,8.643849,1.6848854339108197,106.79987765114218,8.643849,1684885.4339108197
0.465379951759738,2.4108874825018464e-05,7.675008349791706e-07,6.0784626041184506e-06,1.2114861587367094e-06,4.213892069684834e-06,7.261482508956519e-07,7.74532777271536e-05,5.65154210906683e-07,4.369531625418001e-05,1.4953170466955448e-06,2.152580361119422e-06,7.733324112359189e-07,4.56546048967206e-12,211.02235000360088,0.5426596574535353,33.66092,5.286525929610479,82.97670238865342,33.66092,5286525.92961048
1007672.6178309066,8.995070783971196e-06,8.683043864078519e-07,2.9618644431823614e-06,1.4178299802005574e-06,1.2861577029366786e-05,1.9287972323199533e-06,5.2975071180257374e-05,3.891101945165333e-07,3.5175553440084866e-05,1.3975526971078254e-06,2.3530328016920823e-06,1.5315459654486162e-06,1.2734326158313726e-12,963.3281620956218,0.5528446926979811,15.80621,2.327382169093353,96.86410171699734,15.80621,2327382.169093353
0.4780358624743557,1.6924047154604392e-05,1.629076318337381e-06,3.5884113999026896e-06,6.168859193723302e-07,8.428636995612263e-06,1.7057518081825802e-06,2.2761280615729215e-05,6.389345559025105e-07,6.81542741849813e-05,1.5315071133024227e-06,5.732053783808371e-06,1.4516075145348614e-06,1.2958867243757763e-12,1452.7675669797202,0.6065203189619746,29.86952,5.91770950102577,84.7504189199106,29.86952,5917709.50102577
0.35372669999999995,2.2754658255697504e-05,1.2335274580059811e-06,1.3032741688500863e-05,8.026431257250994e-07,1.4157852495239792e-05,7.999830944007618e-07,3.295809169236374e-05,7.130765177096343e-07,3.634615851730865e-05,1.7187501768633515e-06,6.952725755465553e-06,8.557543010200002e-07,1.3994563734795858e-12,993.5034028361749,0.42999931561355487,32.83644,17.932053268692684,62.61230805844947,32.83644,17932053.268692683
1009344.4015536646,6.8643937755884014e-06,1.193815005426995e-06,5.449955382292862e-06,1.5256805173546353e-06,5.0320952799025585e-06,1.6712354039774273e-06,4.270106655703495e-05,7.804071438552467e-07,5.908905943813667e-05,5.642222122175021e-07,2.3270882563119104e-06,7.724092788272802e-07,4.496525972793778e-12,409.9142304704367,0.5120469289318074,23.28889,0.6555984463353537,92.97101377769187,23.28889,655598.4463353537
0.4110576,1.0643589665553203e-05,5.658370237421851e-07,2.869650089004145e-06,1.4578891416553068e-06,6.058361440402078e-06,9.636104255904652e-07,2.8521554349254716e-05,7.249640641845386e-07,4.9265720831094945e-05,6.074739661725237e-07,2.441623341002943e-06,1.099972076045742e-06,1.0657959575487677e-12,1316.7042320416315,0.5603756857187546,25.19232,11.40556525461343,85.30233609770059,25.19232,11405565.25461343
0.2041326,2.9711117666694663e-05,1.7829672863123782e-06,2.5935767623296587e-06,8.313134922195803e-07,1.5580262296951493e-05,1.87136362668265e-06,3.357450643169898e-05,6.206992703815878e-07,4.0330879300169855e-05,7.197934431713676e-07,8.184717923321162e-06,1.2879808763809644e-06,2.7151284299093196e-12,1037.0268208844682,0.6964170241075476,52.78232,12.511826068402227,74.40875469815057,52.78232,12511826.068402227
1008961.68176707,8.318817404892664e-06,1.560999494509798e-06,2.032266039870577e-06,1.6314101902709752e-06,6.385913511247961e-06,6.226147274067385e-07,3.478730317059617e-05,3.8160195652245e-07,3.425812037447581e-05,9.490507517657678e-07,2.324801472166745e-06,9.537976888881866e-07,2.8124018932171677e-12,1370.1644701046994,0.5859411987934084,18.2135,1.0383182329299818,95.98563876436369,18.2135,1038318.2329299819
1007661.8582341669,5.9768930763350974e-06,1.3789367143700495e-06,1.2701763153246867e-05,1.796241708875687e-06,1.377274119891131e-05,6.59270302236338e-07,3.154565429395486e-05,4.6380232412767595e-07,7.960596091505532e-05,9.811802043349393e-07,6.193130423923465e-06,9.675706664506204e-07,1.5652215506310816e-12,249.76704052541834,0.4622964470044782,21.98975,2.338141765833087,90.83162436151515,21.98975,2338141.765833087
0.3598841335947238,1.3285961468586781e-05,1.21455915994395e-06,3.8125267822869323e-06,5.221899177593202e-07,1.0524344933143015e-05,8.470797156160922e-07,7.3254598839205e-05,4.804671124177997e-07,3.630628909579488e-05,9.638090672942365e-07,2.181868420962046e-06,1.6655991107225457e-06,4.633085196380276e-12,1088.772872461352,0.5079392440678814,43.56834,6.534132656211048,92.63546049251157,43.56834,6534132.656211047
1005610.5702977818,1.8752226215834777e-05,5.614317533134108e-07,2.299513200773534e-06,8.76688944566971e-07,6.46529681673918e-06,1.3420267278938462e-06,6.692653203510418e-05,5.473799989908126e-07,5.0605310874861045e-05,7.164284089638167e-07,7.613053780214409e-06,5.683622024956279e-07,4.267961851685851e-12,644.6248922674022,0.701270420244053,31.86268,4.389429702218213,88.64558477232386,31.86268,4389429.702218213
0.17637809999999998,7.039768264060294e-06,8.114378576634697e-07,4.653386380333432e-06,9.66605317047413e-07,1.2120815601495179e-05,6.247618735294201e-07,5.253868791895416e-05,4.778651711000759e-07,5.2263468509833635e-05,8.575400366438561e-07,2.0322251536105675e-06,1.480561837725008e-06,2.6144178927603344e-12,301.1513273383735,0.6671849953487199,56.48292,12.106980717208147,75.73542649329404,56.48292,12106980.717208147
1005202.5556446406,1.8019226995647364e-05,7.832067747942156e-07,1.4593597956454189e-05,1.8377469376635782e-06,1.3221487425585006e-05,1.3884147258183438e-06,3.1016385656064e-05,4.0597210649734783e-07,3.7772025109621776e-05,6.134310814099238e-07,8.0380501792803e-06,5.852860312873109e-07,4.764136718207637e-12,728.3026296022795,0.608276679284233,30.91866,4.797444355359455,87.6462391531992,30.91866,4797444.355359456
1009013.648015243,5.0383759238447815e-06,9.3375627288391e-07,1.0703553213242084e-05,5.951950404453851e-07,8.243796077873454e-06,1.9170859541394906e-06,2.2892771126867564e-05,4.2866511546372e-07,7.770804560891315e-05,8.952436079280569e-07,4.816459231716011e-06,6.294667402861948e-07,1.8361185507444856e-12,652.5112202219068,0.7809507524703712,15.63126,0.9863519847570204,97.64148631029659,15.63126,986351.9847570204
0.18295177499999998,3.771748591778322e-05,1.1123978476787606e-06,2.0587590284728745e-06,1.544948447759721e-06,4.105605367746987e-06,1.7330458546380804e-06,4.011579532950008e-05,7.198303731177033e-07,5.273037629661366e-05,1.2292883424143034e-06,4.166376948810522e-06,8.831764583005888e-07,1.7627270884159957e-12,905.2071210265453,0.6092679291190808,55.60643,15.168094950678958,61.39250318891655,55.60643,15168094.950678958
0.303493875,2.4541840035444374e-05,5.851019773630938e-07,2.850216474377007e-06,9.054878749615132e-07,5.317462091982248e-06,1.140592633540565e-06,4.2442974219627636e-05,4.882293531287516e-07,6.453953651262716e-05,1.2987298019499694e-06,4.0441285249543915e-06,7.404615488547819e-07,2.714091954381233e-12,1402.6762759510248,0.7427989068604263,39.53415,10.310080728058704,84.6001734554133,39.53415,10310080.728058703
0.5475021975,3.961617695112628e-05,1.528248896250604e-06,2.4653120028537877e-06,1.2305038506385065e-06,1.0784686023685096e-05,8.842702934896437e-07,3.98011428848652e-05,6.561330796508237e-07,7.232316522107184e-05,5.741120114455356e-07,4.08737910697764e-06,1.119199454069897e-06,1.0539287740301047e-12,576.8757969678702,0.5682563430424664,6.999707,10.834608222992818,108.64282361163491,6.999707,10834608.222992819
0.35148675,7.947858608920602e-06,9.390408079653863e-07,4.310207657181578e-06,6.557057614040993e-07,8.516836334485174e-06,5.941425930815326e-07,7.648793527401065e-05,7.469240278118144e-07,3.545206059729955e-05,1.5592323740720916e-06,6.208540499463313e-06,1.396974913816112e-06,1.0123152078576772e-12,687.0369413260732,0.4895746395217204,33.1351,13.36651812871818,73.31103791188855,33.1351,13366518.12871818
1008029.8416173559,9.017586538089577e-06,1.692568616509382e-06,3.4078689573388817e-06,1.5987765856945854e-06,1.4382611481636043e-05,8.884934518774104e-07,2.7955049086270932e-05,7.387137375043086e-07,3.553186266096144e-05,5.108813338333374e-07,2.559969337990716e-06,8.402039544276017e-07,3.722662833186233e-12,1266.0447073252428,0.6399782696886985,30.25812,1.9701583826440898,90.6630493598385,30.25812,1970158.3826440899
1008527.7872664205,1.0036594364171689e-05,1.8899147851783672e-06,1.4784828935648763e-05,6.991443336396287e-07,1.9164633867882433e-05,6.530750992871929e-07,4.8867276993486116e-05,6.976429946519187e-07,6.0740689797520594e-05,1.1139675686676285e-06,2.4609715026837296e-06,1.2079384818255685e-06,4.821057065946048e-12,425.8324520591998,0.7616685489360242,26.75952,1.4722127335795019,89.23377074785436,26.75952,1472212.733579502
0.4531780843338149,1.4659452614190623e-05,9.168789454411425e-07,2.4443690693569085e-06,1.5181811548271516e-06,9.005763573983625e-06,1.1998733529906445e-06,5.932180879356398e-05,7.057566959597465e-07,4.7721413077971716e-05,7.172063892056126e-07,4.8696120271955406e-06,1.8627068042065603e-06,1.3881101476632932e-12,321.245029071959,0.5749684155331198,24.93326,8.392898626647401,82.74485976942472,24.93326,8392898.626647402
1060000.0,1.8489194562766023e-05,1.138059813203617e-06,2.1153037648788856e-06,1.3334389994061567e-06,1.7600615636870453e-05,5.57693750288216e-07,3.398291708096097e-05,6.512332900076594e-07,2.3967775742686297e-05,9.37839223429849e-07,5.526253539814692e-06,8.214488809093745e-07,1.4708162060497308e-12,1367.2820127627388,0.5187690025384096,-32.4252,0.0,0.0,-32.4252,0.0
0.408758441333711,1.5222989045154643e-05,7.024701538806495e-07,9.629486230843085e-06,1.4866823184053407e-06,1.3821036092680296e-05,1.2470466118473674e-06,2.9280286089759214e-05,7.595221443455163e-07,4.7729327790042e-05,1.2114821427421258e-06,5.081377567605089e-06,5.770780893043687e-07,2.0937099018589744e-12,974.6627744994283,0.442830661361919,26.89192,9.58208634665156,81.34937085232917,26.89192,9582086.34665156
1006341.8548812914,8.996209199344085e-06,1.7281273978539591e-06,2.411102525203945e-06,9.920536871034941e-07,7.155926582252062e-06,1.5984036322673523e-06,3.4380735709295195e-05,5.328291459640762e-07,2.0618136375608704e-05,5.536906018425727e-07,9.364703407957812e-06,5.557952346664399e-07,3.022926125519534e-12,687.8306802855996,0.5254339743660444,42.20237,3.6581451187086516,86.1977956018887,42.20237,3658145.1187086515
0.3218429097775658,3.305588636181234e-05,1.53378696115827e-06,2.873238271383426e-06,5.070783496887184e-07,5.332733801322594e-06,1.0977790403546329e-06,4.637379254059971e-05,3.691553199330033e-07,7.737308234333649e-05,1.9827175277568077e-06,4.357819765295015e-06,1.1712182936428293e-06,2.4097670696202904e-12,405.90474887395726,0.6966787316039236,41.09788,8.796919608897367,78.61745105267156,41.09788,8796919.608897367
1008950.3899535909,3.433665584908292e-05,6.532424811659818e-07,2.122719667405388e-06,5.16226586717518e-07,9.114948120875541e-06,6.175774724916101e-07,6.651817171210111e-05,3.945569531492558e-07,2.7017900506937334e-05,7.873513386512969e-07,2.8486324728301107e-06,1.3712463667080426e-06,4.538638920319077e-12,547.8676919323684,0.5926299488521741,5.115115,1.0496100464091187,121.20908101560418,5.115115,1049610.0464091187
1014860.4427682287,3.629291867362792e-05,8.106251038884976e-07,6.076083830116309e-06,7.51915139457405e-07,1.3271761344135899e-05,9.941968316669548e-07,4.070802117412783e-05,4.954472636662251e-07,2.6137270273120305e-05,6.354801782662122e-07,6.043138519485415e-06,1.7107509901780962e-06,1.5720574778986778e-12,710.6737020147068,0.633459302166561,59.96411,41.80942561215455,45.13955723177132,59.96411,41809425.61215455
0.4148908741924704,2.461173905620209e-05,7.701280552303461e-07,9.906397042876092e-06,1.8758235796813435e-06,8.770811540159947e-06,1.7002120226640305e-06,3.598697017350145e-05,6.537026459924992e-07,6.197921141706689e-05,1.185768128115553e-06,5.315099987365508e-06,9.066552292950792e-07,2.4912382908100275e-12,686.1486328189303,0.6530793870071819,33.08089,7.480098032301183,80.2321125309412,33.08089,7480098.032301183
0.25230712499999997,5.714894451589095e-06,6.304693344523501e-07,2.1407801709570093e-06,1.0158684697257742e-06,1.0286413740743705e-05,7.510324205757496e-07,6.291364011163298e-05,6.025795716559661e-07,7.622638709676301e-05,8.147936666155946e-07,2.098732669364041e-06,6.416277624608448e-07,1.6809099702241557e-12,1228.1652841097814,0.5430978067079728,46.35905,16.167009119570668,82.7767348533822,46.35905,16167009.119570667
0.4419045762164163,5.815281736408417e-06,1.2430714503414646e-06,4.231764902472889e-06,1.473277409540615e-06,4.870197156120173e-06,7.776421277316641e-07,2.0304535852454613e-05,4.681125552615258e-07,3.812542062456891e-05,1.5057464340361473e-06,8.496206805792925e-06,1.0892092707284452e-06,1.8600150631256454e-12,982.3424844132938,0.6109049445911152,37.43945,5.091981951343348,81.08924609970984,37.43945,5091981.951343347
1006639.2048432631,6.193215623531483e-06,7.351430619821003e-07,6.807435974190242e-06,1.7013975094747521e-06,1.5962949225942444e-05,5.54649542468033e-07,6.8939366438513e-05,5.04150464787343e-07,5.705694120696157e-05,7.767738774092328e-07,3.347998527333299e-06,6.571280834271305e-07,3.63982774400954e-12,848.2462589504524,0.7961038865876658,26.59582,3.360795156736806,90.15796465653385,26.59582,3360795.156736806
0.41212306299769047,1.2005635215574982e-05,5.93856127091378e-07,2.823499682056571e-06,7.866258596067655e-07,7.407401965768807e-06,1.1117463250111943e-06,2.9691990829397046e-05,6.018912445782037e-07,6.553229848608459e-05,1.966880804623384e-06,8.674435210126799e-06,7.416095039470188e-07,3.875101801177259e-12,723.6540268965858,0.7583318100376935,37.39046,6.2979394800923805,76.28605583011739,37.39046,6297939.48009238
0.43478189145760615,3.3731663061751534e-05,5.278648435412624e-07,7.3324347155799365e-06,5.505357780303969e-07,4.661716845530551e-06,1.5210067591572178e-06,5.450948686160984e-05,4.4828669505861227e-07,5.685883575889853e-05,8.709662286794455e-07,4.897472379201051e-06,7.718269487857915e-07,2.679129863054966e-12,711.3257392345142,0.6785827755450213,32.60449,6.827377341695754,86.4589604433459,32.60449,6827377.341695754
1007356.9730744617,1.2867619882130117e-05,1.6215175355697995e-06,1.4039372868927436e-05,5.916541047853509e-07,7.301450205372903e-06,1.1776852412847108e-06,2.0828751479207727e-05,3.7401654676189e-07,2.0290326133426428e-05,5.784528956283481e-07,3.362782514186696e-06,1.2970173907082439e-06,2.0161784692247832e-12,421.24888833181365,0.47646387733253215,22.71782,2.643026925538335,88.29986881354452,22.71782,2643026.925538335
1008573.8537440661,3.264426263239795e-05,8.337917866225993e-07,1.2334053262599983e-05,1.9712763772488763e-06,1.7987678262510314e-05,1.6655858818149928e-06,2.86666909683853e-05,6.737693790946443e-07,2.3320636967224273e-05,1.8586945735467695e-06,2.256743629683631e-06,7.893067261741154e-07,2.6809845584551094e-12,1256.231184254761,0.507964821751907,39.95425,16.51586258059736,51.426146255933894,39.95425,16515862.580597362
0.2161332,7.125266550496971e-06,6.052179372801466e-07,5.060171795318672e-06,5.956667823769453e-07,1.6013957543844133e-05,1.4201759236445726e-06,6.847592383597861e-05,7.784709856889278e-07,3.546971739153585e-05,9.28877003283951e-07,2.4353717731053535e-06,1.0389871822112312e-06,2.5346855378039192e-12,1059.649668165557,0.7905397810952115,51.18224,12.343225272979911,74.34863114829992,51.18224,12343225.272979911
1007015.3449548148,9.765285232726834e-06,1.3771914803566093e-06,3.152430599561254e-06,7.207765936080662e-07,6.4434550503310844e-06,5.608117757661296e-07,4.3380012511674485e-05,7.227759656320405e-07,4.989729320980102e-05,1.385624704740732e-06,2.7857477771961557e-06,5.571097451551065e-07,4.777874437547421e-12,278.34700700803177,0.40525124272852825,34.75381,2.9846550451852223,86.64414991246268,34.75381,2984655.0451852223
1008040.7459697812,7.837179276199691e-06,1.5551167435838416e-06,2.9205810248554574e-06,5.779711699553307e-07,5.596391541678442e-06,1.1337057167005967e-06,4.156269707228869e-05,7.145050158846505e-07,5.739702323412699e-05,7.703846482390268e-07,4.1531510891808325e-06,6.189942230787225e-07,2.2523627793450427e-12,1388.3628440579673,0.48751393233745466,26.21564,1.9592540302188006,92.29545706607988,26.21564,1959254.0302188005
1006742.8794504944,1.0650575216571269e-05,1.932045896956695e-06,1.1493693250754984e-05,1.0188404086152133e-06,1.4036903513468409e-05,6.488275323518216e-07,2.9397161690236758e-05,4.1043437933040824e-07,3.0616164541452125e-05,1.669785469447366e-06,5.678455644564032e-06,6.132637020211439e-07,4.096706840372988e-12,1168.5337911789038,0.4962249845760701,36.76251,3.257120549505617,86.47544015880636,36.76251,3257120.549505617
1060000.0,3.209378985422707e-05,6.479972214453753e-07,2.1185792549569086e-06,1.251597782672886e-06,8.287860154533307e-06,7.225440505694827e-07,7.229297388702878e-05,3.849956329459025e-07,3.637500064075063e-05,6.161015594551839e-07,4.487929397146676e-06,1.0110495115455225e-06,1.0893193014873465e-12,554.3655267411089,0.4391250790629816,-40.5502,0.0,0.0,-40.5502,0.0
0.292035075,1.9263438490931277e-05,1.3793639996391607e-06,4.686198821997175e-06,7.515868806947811e-07,7.647679733841018e-06,1.1392610237195577e-06,4.16733623691094e-05,5.339276740038538e-07,3.648063099244562e-05,1.2854923723102043e-06,5.659859668617462e-06,1.8894199998609566e-06,1.4239005867828077e-12,269.07910230439893,0.414275183007808,41.06199,16.722974209979483,68.25276779244565,41.06199,16722974.209979482
0.5218749915419022,8.696668417756833e-06,5.477899761079157e-07,2.4515410926565604e-06,6.844087129464592e-07,1.0853646815830682e-05,1.3487721349056297e-06,3.443357991176394e-05,3.903314587013624e-07,5.532182482022061e-05,1.6923821115860162e-06,3.0799278770449628e-06,6.649928580883402e-07,3.5416044930388805e-12,651.9230472145152,0.515197019892494,27.08019,5.0009433383239115,87.39733951937436,27.08019,5000943.338323912
0.39178966473055177,1.7278047437905163e-05,1.3829649005426926e-06,2.418232285930638e-06,1.004501908427193e-06,1.2350040105536258e-05,9.68293730351223e-07,3.0538905901827536e-05,7.425462965707928e-07,2.7841539176355815e-05,7.73903182779332e-07,2.2365401628197567e-06,6.482799342484609e-07,4.255803759748034e-12,384.38375183132234,0.4050939311564904,38.72855,6.709848410777929,78.902474240576,38.72855,6709848.410777929
0.29991592499999997,1.3414581736740567e-05,7.944940386352017e-07,2.860003347150757e-06,7.207967326152792e-07,4.527564571301803e-06,1.282008550769136e-06,6.525911107144953e-05,5.784902655710473e-07,7.669237043876586e-05,1.1221905867623857e-06,4.3887635154681485e-06,7.046705656487204e-07,1.1924976478130523e-12,1264.6043704644446,0.6269066920281835,40.01121,14.721500181250681,82.35370920813943,40.01121,14721500.18125068
0.329965125,3.921048005936451e-05,1.5918650780552474e-06,5.763319706215667e-06,6.305180055997646e-07,5.064272695974008e-06,5.695207051084302e-07,3.050835817838631e-05,6.480414026810175e-07,3.7456931169693234e-05,1.3847542901848642e-06,9.837068508028226e-06,7.143381239470378e-07,2.1879844623519265e-12,673.5761314360498,0.405424421512334,36.00465,12.771840184549175,72.30334978377192,36.00465,12771840.184549175
1006328.8724442828,1.0409343869171373e-05,1.3382190642006713e-06,1.2051343585514762e-05,1.4631245555411906e-06,1.5887173653344616e-05,1.7463390145575986e-06,4.567760730567699e-05,3.939187270837672e-07,5.17503390624108e-05,1.3721432315243108e-06,2.0678438528574004e-06,1.9416388427460343e-06,3.967381073225111e-12,1057.1769870244948,0.4566532503282857,35.52087,3.6711275557172267,89.54257138728184,35.52087,3671127.5557172266
1005626.8483180751,1.4078529907588497e-05,7.016072738156543e-07,8.901460486189238e-06,1.9273000267062515e-06,7.1331891503915e-06,1.4032093229472906e-06,2.6165833659869447e-05,7.716496948922861e-07,4.84826146774748e-05,1.9064730286537174e-06,8.20592165423393e-06,1.281295335218365e-06,4.251368726905114e-12,784.0501508379814,0.783322450149336,37.46918,4.373151681924928,75.86155615640412,37.46918,4373151.681924928
1007948.6939290751,1.4955961237578024e-05,7.222742619050751e-07,7.856962219779999e-06,1.712364469138576e-06,7.5054302610707016e-06,8.916741951022146e-07,7.933114745379133e-05,4.608631134799909e-07,2.117262217774386e-05,1.028224622963152e-06,3.475109827887036e-06,1.1685624687993904e-06,2.008978433764109e-12,791.5359760572102,0.7872612142340111,17.05878,2.0513060709248228,94.46268543420356,17.05878,2051306.070924823
0.5207663715940221,2.5973159778760938e-05,7.457774432100064e-07,1.410507963583807e-05,9.985136382137568e-07,1.2056537235035236e-05,9.543794903629539e-07,2.463066370281519e-05,7.789903352244625e-07,4.7488897631316096e-05,1.2558295303133119e-06,3.2603870665328977e-06,7.45623847248999e-07,3.6226449390598615e-12,220.27011953305927,0.4163812375584999,23.68854,6.062783136239116,79.13288930711744,23.68854,6062783.136239115
1006861.083821013,9.006583775492016e-06,1.137718179222309e-06,2.22626765426572e-06,7.639991834858689e-07,7.995446850327804e-06,1.248769000943347e-06,2.0017799934928395e-05,4.400443805389045e-07,3.2499926852742656e-05,7.404791783490836e-07,7.969894987586547e-06,1.2575815856002813e-06,3.446893112022537e-12,401.5481199308547,0.4344013861215028,30.98963,3.138916178987013,87.65622302746732,30.98963,3138916.1789870127
0.3796903157335993,8.778258653825095e-06,1.988703933375934e-06,2.9728879068711835e-06,1.1254092082730644e-06,4.554905897229507e-06,6.772289402701334e-07,3.853997232300433e-05,4.778422240299768e-07,6.162083266936321e-05,1.2092305203803783e-06,3.948108312772148e-06,1.910319078431944e-06,1.1711054585061899e-12,539.6391845960345,0.5208090621144736,38.63912,7.220651370656028,82.29241047771812,38.63912,7220651.370656027
1006951.7973216082,9.54096701730663e-06,1.0926377878589044e-06,7.85469631231292e-06,7.818478594408285e-07,1.0143356123831202e-05,1.2893485917617787e-06,2.637211594505385e-05,4.011976268989573e-07,4.312628782733106e-05,7.58975137449446e-07,2.2954105804447494e-06,1.096822582458298e-06,2.7490080616894255e-12,909.5798785864101,0.5503863775205783,25.93734,3.048202678391823,90.48116598527987,25.93734,3048202.678391823
0.2956554,3.090337568374077e-05,9.162324924352155e-07,2.6443694316612323e-06,9.22616285068895e-07,6.622464789773493e-06,1.8273584149394948e-06,5.371023413724817e-05,5.232755383695057e-07,3.618365992819992e-05,8.956527038888186e-07,3.870690692360187e-06,5.195540964160089e-07,2.4584461418893403e-12,1444.7392798721835,0.5683674487126738,40.57928,10.276750153373248,86.38813586276727,40.57928,10276750.153373249
0.5538269314559782,2.407556017631793e-05,1.173174079511188e-06,3.6782374188333027e-06,6.999342501601542e-07,9.1217292511413e-06,5.964816748725091e-07,4.247279653360942e-05,5.655053197312772e-07,3.0035868353063272e-05,1.424712032732681e-06,3.7625916201384974e-06,8.74108487549452e-07,1.0096267781830301e-12,1249.7253342859012,0.7499643490255126,19.36293,6.038043741760871,86.18877935019836,19.36293,6038043.741760871
1060000.0,1.3019393642487106e-05,5.391252811673331e-07,2.2330040289896363e-06,1.5798510856089407e-06,1.1384306408441095e-05,7.938657219248861e-07,2.289127981869346e-05,4.540157738987676e-07,3.8985450361802484e-05,7.914747292745789e-07,2.205833073486895e-06,1.3956584066558868e-06,2.960700364110147e-12,1161.1724490824101,0.4212081065820833,-16.8107,0.0,0.0,-16.8107,0.0
0.25399078398591235,7.65881634463625e-06,6.106018225378318e-07,8.890915043845396e-06,9.935120048619217e-07,5.73205370693991e-06,1.2757640433211987e-06,6.518370658924937e-05,4.577708703492577e-07,3.077548639027265e-05,1.9701660929164723e-06,2.0208724895394897e-06,9.793593957233664e-07,3.0250592331157743e-12,349.1215228087058,0.4000142847091618,47.22716,9.672220640563507,77.58169899524407,47.22716,9672220.640563507
1007703.5893727032,1.754879520160103e-05,5.913437140634471e-07,2.431037241859121e-06,6.636926986886703e-07,8.574162714632815e-06,1.5860661086220803e-06,3.700273091448489e-05,3.7635901291721056e-07,2.3679240845403393e-05,8.760679461874444e-07,9.725349313998338e-06,1.5589146191473136e-06,3.875587920580691e-12,910.7350218173339,0.7286745834730866,22.58911,2.2964106272967886,90.83662446181275,22.58911,2296410.6272967886
1006342.6958391138,2.0618813859895592e-05,1.6456160564610978e-06,6.9355596020804215e-06,9.104851534349656e-07,1.1136346272242601e-05,6.460043147113017e-07,6.22080033186033e-05,6.085598009978624e-07,2.534236179812155e-05,1.3979661621760288e-06,4.821072189175972e-06,9.674887548486958e-07,1.5948748004239436e-12,1067.7961880715607,0.783636565770995,22.94359,3.6573041608861776,87.1952368597876,22.94359,3657304.160886178
0.1447810867866496,1.3936732997457504e-05,1.2617265896981734e-06,4.398904455046144e-06,1.315221152575948e-06,4.754277456652284e-06,8.911825796196953e-07,3.604167129581123e-05,3.6813098701858484e-07,3.7689549739028155e-05,1.0930945289935548e-06,2.0357872790438693e-06,7.607651898369471e-07,2.824306541878041e-12,1361.1872654732233,0.6479505850210172,61.39795,9.789371528534016,83.82102673263697,61.39795,9789371.528534016
1007582.6724330083,5.4634925242114735e-06,1.758221547092472e-06,1.3916689555903771e-05,9.564849775048296e-07,1.2807398560806177e-05,7.339776704864086e-07,7.800179756518589e-05,4.790324275307986e-07,6.550836510276798e-05,1.0044538236849803e-06,3.506344272415042e-06,1.3309434123883512e-06,1.8751442681826493e-12,281.59550224874863,0.6623676990014395,28.75179,2.4173275669916983,88.65201326119971,28.75179,2417327.5669916985
1008950.1777719643,1.0392919686499084e-05,1.3551177510152162e-06,3.962145993600595e-06,1.3475741566255115e-06,1.4188533306725038e-05,7.354403761358986e-07,5.7565928345757765e-05,4.585163157526254e-07,3.453017052852699e-05,1.7805464185488134e-06,5.648840527528593e-06,8.426733873559676e-07,2.136686057584251e-12,1056.6633532530582,0.6304155817881232,13.90756,1.0498222280356218,99.82212515981483,13.90756,1049822.2280356218
0.4410084930299698,3.43959031199476e-05,1.4648937180491358e-06,5.765232875317571e-06,5.982597624056685e-07,6.738757409672066e-06,1.879552473999875e-06,3.240441615098419e-05,5.894339033239833e-07,3.500467724110439e-05,5.321328099143677e-07,7.880871317472762e-06,6.23455869124504e-07,1.1680969031588164e-12,338.0865659509901,0.7736935635784933,31.84365,6.806565278801209,80.28784728610967,31.84365,6806565.278801208
0.23259329999999998,1.346523136984005e-05,1.4337749212345457e-06,1.4446161373659043e-05,1.5338006290214103e-06,1.3006435892957898e-05,6.941091113150227e-07,6.962418905832747e-05,4.1365932177777385e-07,6.892109879390426e-05,1.425657814148205e-06,3.932209508330049e-06,5.466691261804962e-07,2.6773323103948455e-12,348.81591758611603,0.7387207411227672,48.98756,10.66620678731852,75.78374053485967,48.98756,10666206.78731852
1006463.2423156858,5.818201163289558e-06,1.440634041211248e-06,6.788655845161421e-06,1.6036493391322658e-06,1.7684562889743085e-05,7.80417713620359e-07,5.2687161316618564e-05,4.866979238162257e-07,7.877521177932287e-05,1.1076939468137897e-06,2.7582801244932915e-06,7.095567030836976e-07,2.0221331991622076e-12,571.9161323692314,0.4804770968620595,31.16416,3.5367576843141775,88.14016227332273,31.16416,3536757.6843141774
1006966.1557420371,7.004086208430039e-06,1.5450735128553255e-06,1.0201586782844993e-05,6.527450989569935e-07,1.020789008773792e-05,1.1960115537217226e-06,5.0536175924583446e-05,4.235332301949873e-07,6.147576124227515e-05,1.7249828553563327e-06,3.5674044591525618e-06,8.802924138021667e-07,2.4101474550991916e-12,293.554650566911,0.4741217424939907,30.22555,3.0338442579629343,87.35497186129275,30.22555,3033844.257962934
0.32904412499999997,2.2814188641448923e-05,1.7678268789667688e-06,7.294955905364527e-06,9.947121051725232e-07,1.527160407291974e-05,1.1024705658422856e-06,3.856964160154072e-05,4.768793024181497e-07,4.714019503007008e-05,1.084774089215215e-06,2.4968902987170082e-06,5.487836321852862e-07,1.9898387725366376e-12,688.9536949706821,0.4283470468793882,36.12745,10.825049454399823,81.08774104455588,36.12745,10825049.454399822
0.4117108039558282,5.882214986127646e-06,1.4791565122072158e-06,3.647513233936762e-06,5.888022096967222e-07,5.797275712989777e-06,1.1510728720344486e-06,3.1641973648192646e-05,4.305169533077527e-07,7.367805810707043e-05,1.795700389542831e-06,2.997356267348377e-06,1.3255091487810298e-06,1.1155703980871999e-12,1332.9153366775952,0.7872459271194607,37.32494,6.334085841766872,82.41510883040995,37.32494,6334085.841766872
0.48841088894294793,5.841178462705107e-06,1.110117009390379e-06,1.1159072003396307e-05,1.819595913697502e-06,8.944948628090986e-06,8.696093264119575e-07,2.1633939446293745e-05,6.283375043911215e-07,2.33229283812898e-05,9.605665086556186e-07,8.755057902951783e-06,7.200186314334216e-07,1.0494306484065762e-12,639.4588153647437,0.5043524420276619,27.62643,6.175635442282084,76.94545456117103,27.62643,6175635.442282083
1005743.6327897827,1.0025149398252612e-05,1.4434006708701338e-06,2.6479884018842525e-06,1.067454587788959e-06,1.3032117117403891e-05,1.800438754880753e-06,5.016469068553824e-05,7.258980145550144e-07,2.7725902143340767e-05,5.531811124010958e-07,9.19712056875851e-06,1.7515688899860465e-06,3.100554722868396e-12,1195.2464897165726,0.41414482994629614,37.23664,4.2563672102173165,89.87981077895819,37.23664,4256367.210217317
0.06785647499999996,3.8454918302614554e-05,1.8658274400889662e-06,6.674916163663591e-06,1.168668129644202e-06,4.553993665387154e-06,1.0738931860376723e-06,7.429171615747581e-05,4.4679821670191767e-07,2.1191444833991685e-05,5.252951500622952e-07,4.527204902795307e-06,1.2317196615046157e-06,2.002702477239841e-12,594.4438570440141,0.7399334009779984,70.95247,15.898374191921086,66.55360715930354,70.95247,15898374.191921085
1060000.0,3.7695621197778334e-05,5.150864609291538e-07,2.2359926209801245e-06,1.4612737625094177e-06,1.4763132223186785e-05,1.0485326037500517e-06,6.591418365604032e-05,6.205705774513211e-07,5.562938438239212e-05,1.0754883670488714e-06,2.175076737253456e-06,1.4452940370938885e-06,3.0626126460483202e-12,758.6342432479495,0.5707334326194076,-49.1309,0.0,0.0,-49.1309,0.0
0.39644465103149834,6.658694657898583e-06,9.17579909735748e-07,1.2192375949122544e-05,1.9521570393151465e-06,7.228984981850775e-06,6.539676868632031e-07,3.6630608329953854e-05,3.7704162736561724e-07,2.7588496763041808e-05,1.1307146928938544e-06,2.8825986394314413e-06,1.4092732593079836e-06,4.177531711170111e-12,1231.1350948891256,0.6272194446497551,43.58565,5.0665189587400645,86.52089057380192,43.58565,5066518.958740065
0.25554547499999997,3.925336159901845e-05,5.104342776265078e-07,8.529480638871274e-06,1.542471447258437e-06,4.524902801536047e-06,5.960196451582958e-07,2.568964502749155e-05,3.7278965437729315e-07,3.2475121616025196e-05,1.240066856661667e-06,2.9631215445567245e-06,7.499287525951512e-07,2.6525427180356775e-12,822.3117750499969,0.44895054297623127,45.92727,28.646144807581067,61.54229324150874,45.92727,28646144.807581067
0.48748869261382677,5.86584762954714e-06,7.073017378168584e-07,5.980723469277698e-06,9.92995099936854e-07,1.3060378364946513e-05,8.201255155547805e-07,7.11173579401178e-05,4.292352457968976e-07,5.375011039596249e-05,1.8440195810970156e-06,7.0205682914257124e-06,7.502102233362223e-07,2.863369925190255e-12,884.8974441056848,0.5070140997137396,30.07135,5.479047295446928,89.05366609725637,30.07135,5479047.295446928
1060000.0,2.133637463950838e-05,1.0047877670529187e-06,2.2298782223112147e-06,1.7421281541471204e-06,1.2450434283769185e-05,1.1840611263200398e-06,2.9476550264374014e-05,4.2353841303824947e-07,2.4187522063516367e-05,1.9343874798242415e-06,2.898462549830913e-06,1.3984389928713856e-06,1.4038530520479403e-12,684.1069805799721,0.7265518837807776,-33.5692,0.0,0.0,-33.5692,0.0
0.4433132231420478,6.716975613812599e-06,1.9396809938430077e-06,8.168117475218096e-06,1.2309875517569277e-06,8.302840731952927e-06,5.85798851459844e-07,3.9939464254522356e-05,3.6983560787243497e-07,2.9402415084868977e-05,8.516622552824836e-07,7.571870895375181e-06,5.621342366156449e-07,1.5670298648850254e-12,992.6720432871366,0.5981429994668022,37.30132,5.07707507431809,84.27527084706495,37.30132,5077075.07431809
0.26401020378674167,3.0069865835912627e-05,8.522369450303932e-07,2.1872394129561196e-06,6.65015670233064e-07,5.382311022856874e-06,9.08885164126516e-07,2.1502722035728697e-05,4.593291778281054e-07,4.237162132186212e-05,8.097840189429709e-07,2.085439981615729e-06,1.1626997454046555e-06,4.210159915369045e-12,1399.5082875833275,0.7629798330740116,47.69517,9.131040848530333,85.23001770211387,47.69517,9131040.848530333
0.515821120850478,2.6958328730454924e-05,1.1343904194448617e-06,9.197548296085838e-06,8.021193215355577e-07,1.5194048095827533e-05,9.126616529029048e-07,3.617764199742814e-05,6.444496597494488e-07,5.5436223380183744e-05,5.412012912017439e-07,2.3843206106103556e-06,8.563195248024087e-07,3.192750523777858e-12,1081.3603823903502,0.743405637117896,26.80828,5.324671165980879,90.42524402927974,26.80828,5324671.165980879
1005348.053802756,3.515983307613801e-05,9.506624445883526e-07,6.340044544040644e-06,1.0993159679722964e-06,9.22071324635317e-06,6.263746532447512e-07,3.393048543885096e-05,6.529486018954759e-07,7.206617516461184e-05,6.002957777526147e-07,2.049475572429602e-06,1.514853047154295e-06,4.6205914509142024e-12,311.19792758262093,0.4999730460981703,24.78714,4.651946197244026,88.96157745770915,24.78714,4651946.197244026
0.3416643,1.5458642867550396e-05,7.98334191671613e-07,4.429250303338663e-06,1.1737250564011784e-06,7.1593542810264055e-06,1.2469986359607894e-06,5.916945370942361e-05,6.875279448033266e-07,4.6460296197298296e-05,5.94032111454999e-07,4.992904469842007e-06,7.802340055489625e-07,1.530699108536866e-12,432.4197149049586,0.5850897074260315,34.44476,12.015974879759945,80.74316352015909,34.44476,12015974.879759945
0.41365395,1.2480950758541966e-05,9.545409536223159e-07,1.4003576728669809e-05,9.729353306632536e-07,1.556747121165803e-05,6.762764402623854e-07,2.1692099183250373e-05,7.618657902925667e-07,2.9340457000726748e-05,1.1652641597344798e-06,3.3153174814441265e-06,5.464218107132687e-07,1.3356034727491691e-12,1195.7698786464066,0.5104577370272303,24.84614,10.272923978233052,73.32203287384888,24.84614,10272923.978233052
1020384.7959889091,3.0465282431771384e-05,5.964383630415443e-07,7.122205795267325e-06,6.129339706938363e-07,1.0814041186565121e-05,5.355745635903012e-07,2.343870928128076e-05,3.712397192966233e-07,5.1654096478195845e-05,1.648484766378476e-06,5.085764096904138e-06,5.299437622679839e-07,3.1725721859879507e-12,279.0567281634727,0.6858198255061243,61.52029,28.04455200695472,39.61520401109097,61.52029,28044552.006954722
0.130117275,8.568795044893478e-06,7.144426682906524e-07,7.846227533484635e-06,1.641461161631166e-06,7.063673014794092e-06,1.353447188162012e-06,4.598481950456301e-05,4.7597524615286225e-07,2.226778849793255e-05,9.250641807861323e-07,4.552275040587831e-06,6.944570724029201e-07,1.6893388547674957e-12,682.7671705028356,0.7290771772891768,62.65103,15.143649849254494,60.41372819568411,62.65103,15143649.849254495
1005961.7884371737,1.1874847705523168e-05,1.217375346288895e-06,1.1680330981477536e-05,6.096947229951402e-07,6.765533287412996e-06,1.491050296393052e-06,3.1820832277183203e-05,4.987001471297812e-07,4.938101274822512e-05,9.601755263519717e-07,9.582484683964434e-06,1.1841343184275788e-06,1.2943563300359249e-12,257.99375011127,0.7721234057845571,25.84372,4.0382115628262625,84.8021009218615,25.84372,4038211.562826263
0.23675947499999994,3.33022113417797e-05,5.180167210615304e-07,6.823004930150168e-06,1.5326926545576962e-06,9.101043145834788e-06,1.4760560467156693e-06,4.045630447588302e-05,5.72736342677569e-07,3.222332779315671e-05,6.73494205970495e-07,7.615231132613093e-06,5.231146421202795e-07,3.218353826153924e-12,695.4165621950877,0.7991283406293752,48.43207,14.423192603279238,68.06566392395611,48.43207,14423192.603279239
0.49028471013668756,5.885899919781057e-06,5.56565304880755e-07,1.3172416212041435e-05,6.826235133299866e-07,8.99473791522485e-06,1.1087072629105515e-06,4.276605292697571e-05,5.026751936165507e-07,5.525447539000029e-05,1.6190978300963736e-06,4.676445615387182e-06,5.369512468104306e-07,2.1386706757867293e-12,881.7824920746444,0.5764069656042438,26.79292,6.350735594532499,84.94425721664538,26.79292,6350735.594532499
1009045.5663782122,8.75117208745036e-06,1.5932999399661617e-06,3.609774686200333e-06,7.012778134293373e-07,5.91508468558035e-06,1.4492302537490691e-06,3.303350182338814e-05,5.180546542285175e-07,5.642664445091485e-05,5.86756506047429e-07,2.9479102185285348e-06,1.3808883340453438e-06,4.12336818397415e-12,670.4455077916167,0.5407938437475477,25.44966,0.9544336217878276,92.41116621329938,25.44966,954433.6217878277
0.3761680511862401,1.4309074161372557e-05,1.776787346636451e-06,7.4599120499901505e-06,1.1570387380251486e-06,8.239012679914216e-06,8.935996090809304e-07,4.4036032984843464e-05,6.966599066559823e-07,2.3793417725518432e-05,1.0535302904261214e-06,6.978210201316882e-06,8.797922999447109e-07,2.5628691884836707e-12,379.58220010406785,0.5041115814323901,40.86794,6.692895952550396,77.12763063328516,40.86794,6692895.952550396
1007354.4612581504,9.079316308236196e-06,7.725438228426491e-07,2.35696265641304e-06,8.962947682029483e-07,1.946797033664908e-05,1.1111268288450117e-06,4.80740894492222e-05,6.671847479822076e-07,6.963173332663501e-05,1.6850733520118577e-06,2.0505605327863226e-06,5.911424342726087e-07,1.5278897220563529e-12,920.9524126708242,0.7720500662024625,14.39263,2.6455387418496277,96.61499081999489,14.39263,2645538.741849628
0.37158164999999993,2.343332990193365e-05,5.957569999940593e-07,2.1421421828346977e-06,9.093072299525383e-07,1.2144561594094226e-05,1.9722835344267872e-06,2.402864856943415e-05,7.193257925716202e-07,7.146545334882274e-05,1.7514147725150694e-06,3.537711702756104e-06,8.73351919276415e-07,2.4506703705035144e-12,1125.578565011989,0.4476118574643382,30.45578,12.65883437637854,80.7291233492969,30.45578,12658834.37637854
0.34659495,3.23166793178312e-05,1.7371324809686736e-06,6.58581434126929e-06,1.1754874919634234e-06,1.9812072569257992e-05,5.323604855886627e-07,5.5693032362489143e-05,4.779663978859441e-07,3.7264210234218415e-05,8.813270863231669e-07,4.124718851226826e-06,1.5906421923408732e-06,1.5929635208983913e-12,820.2378616493031,0.45384221593571644,33.78734,17.76040482341453,75.37811204961547,33.78734,17760404.82341453
1008612.4702185161,7.322216499533816e-06,1.4458435251485643e-06,1.2673169698901799e-05,1.8317757450570061e-06,4.577478703283377e-06,1.7305112772345696e-06,4.553912506427501e-05,4.836933803005108e-07,4.920515677817829e-05,8.460114897600002e-07,4.0512512834989906e-06,1.0120877518359114e-06,2.5766230856730966e-12,1428.198529071422,0.43875944087583885,27.46606,1.3875297814838818,91.01675946084309,27.46606,1387529.7814838819
0.4600337690307015,9.279028036304066e-06,8.02311522568174e-07,6.232746697387188e-06,1.7346002845290634e-06,1.0170504946088647e-05,1.6111947131177741e-06,3.6134553312081926e-05,4.658493851301814e-07,3.1105217670769526e-05,6.403051968833182e-07,2.5183732424647064e-06,1.5453936342506377e-06,3.261980515311585e-12,1485.966985302272,0.484272275658064,34.0743,5.376359238771941,91.48061792482822,34.0743,5376359.238771941
1007260.4477410393,1.4716197177769053e-05,1.1097814901500099e-06,6.912107947746195e-06,5.739245806502732e-07,6.32587094519922e-06,5.893114307418778e-07,2.923500828174794e-05,5.11108772663337e-07,6.824381628645557e-05,7.4585011468527e-07,8.7593105037541e-06,1.969202052556752e-06,3.362421034085388e-12,1401.870608338542,0.6665734448392056,23.5226,2.739552258960636,93.7852172428702,23.5226,2739552.258960636
1007028.5577992997,6.703606521328928e-06,6.660425372844999e-07,1.0839833940449417e-05,1.4237831940630117e-06,4.180006028370633e-06,1.7472458316190042e-06,7.566957835177864e-05,5.539986452736237e-07,6.054400042629869e-05,5.046413093343303e-07,7.637050561868575e-06,5.181905499134965e-07,1.386722055420017e-12,1424.347745867399,0.628466065008946,25.03964,2.9714422007002503,91.31911274845643,25.03964,2971442.2007002505
1005232.6211588252,2.2914618320404688e-05,1.0293886567840122e-06,1.0671832404519635e-05,7.525624244517736e-07,4.771748022809689e-06,1.3311234732968793e-06,6.450845431192156e-05,5.133536041791844e-07,3.641497606551998e-05,7.200220853672392e-07,8.040656097247369e-06,1.980897870439996e-06,3.2463103790821464e-12,351.401432297911,0.5414884650815758,33.91082,4.767378841174763,85.47908525510277,33.91082,4767378.841174763
1006659.9085656799,5.893519053960132e-06,1.5017456764180974e-06,8.659961230605931e-06,7.868886647985017e-07,9.046484479175153e-06,7.331681705311514e-07,4.794059731283212e-05,5.421886494968819e-07,5.872973555374674e-05,1.3320235626905464e-06,3.3195001326850936e-06,1.801826328393043e-06,2.0087133223470647e-12,1412.0784008252233,0.7176789597311521,31.34316,3.3400914343200974,88.35124679061936,31.34316,3340091.4343200973
0.3679852186221332,9.676663480113779e-06,1.605321304880482e-06,7.5780876211981145e-06,1.687803633266346e-06,4.2361235343188105e-06,1.204967563340084e-06,2.022221707285661e-05,4.0157708640825515e-07,3.3692281238539e-05,1.8484611689000207e-06,5.911256332531147e-06,7.222509460204004e-07,1.2759897891180965e-12,1258.0295074227176,0.6934242740175915,41.07475,6.958166255114674,71.29895514755894,41.07475,6958166.255114674
0.4514819326864992,8.99876561014857e-06,6.584500634483999e-07,1.168058537929159e-05,1.8682215032409387e-06,1.589230461828223e-05,1.4131278071313151e-06,2.0088856162661158e-05,3.7986376341686907e-07,4.3333246383677085e-05,6.676176231354968e-07,2.663956051337445e-06,8.927441602941422e-07,1.527146513222868e-12,694.377298804628,0.63355958233689,25.07617,8.417871692540029,82.63766659507104,25.07617,8417871.692540029
0.38795467499999997,1.883144727088901e-05,9.783795307873503e-07,7.514387515505846e-06,6.417701835501262e-07,6.483675769926096e-06,6.895784882616952e-07,2.998481005198213e-05,5.30292178583828e-07,6.0355797379968003e-05,8.611999326208604e-07,3.5534619193216904e-06,9.739489805581307e-07,1.16808335227631e-12,346.07764744605583,0.7523580756688666,28.27271,11.202765678550701,78.42270900372509,28.27271,11202765.678550702
1002690.8031388653,2.4030777127790252e-05,7.446026766901021e-07,1.410201775810561e-05,7.850160698994247e-07,1.1616369994495527e-05,5.87083802877692e-07,3.809157297625408e-05,4.644030839401533e-07,2.34091505927735e-05,1.3139743940349182e-06,6.218379115076085e-06,1.4614126116349916e-06,2.1783058865253852e-12,1246.137702638,0.5956697511704528,58.71017,31.630738346957347,57.30919686113474,58.71017,31630738.34695735
0.376857675,1.1777299377109475e-05,6.924203740774539e-07,3.5942789169544653e-06,1.0104338009320281e-06,1.6749849896939967e-05,1.480060129887044e-06,2.17589135414441e-05,6.667340225750505e-07,2.8742997158177386e-05,7.765962879475593e-07,3.754842745740163e-06,9.226805130651587e-07,1.8996125057727813e-12,1386.079349152918,0.5073268934652371,29.75231,11.429338580960444,81.06139457847091,29.75231,11429338.580960443
0.3311523,2.272941482778207e-05,8.008939428044509e-07,1.0406127738777777e-05,7.668526511236792e-07,7.735813080123345e-06,1.1057393856161954e-06,2.5193826978291602e-05,4.2443419430116e-07,4.758718156609997e-05,1.8605840813545212e-06,5.366746419189009e-06,7.896954882751629e-07,2.6475839305301073e-12,225.8958916020551,0.6888914883766106,35.84636,10.016146116537035,66.7460799859338,35.84636,10016146.116537035
0.3498288,2.652290194634535e-05,5.666404198474512e-07,8.273940156339878e-06,1.7708685537301225e-06,1.3742304987709128e-05,1.076082269999914e-06,4.958360495446721e-05,5.447076607213193e-07,3.303958357099752e-05,6.583285307964647e-07,2.5749175743600556e-06,1.0507340985140723e-06,3.9895184163728944e-12,498.1348088178316,0.7205141578954583,33.35616,10.271568576605064,76.52636818431229,33.35616,10271568.576605065
1060000.0,3.321791082326709e-05,7.916881847435913e-07,3.0882070891045274e-06,1.3819148265991448e-06,1.8159397638257503e-05,5.256410836549607e-07,2.0563085339379338e-05,7.627916218831985e-07,2.305438947221314e-05,8.680649015587085e-07,4.3647614500685265e-06,6.215278798335872e-07,1.6244860850658254e-12,499.0068109409671,0.7089646538736524,-33.6153,0.0,0.0,-33.6153,0.0
1060000.0,8.362036329140038e-06,7.294679468375414e-07,2.5658132720630073e-06,1.4825771929882709e-06,1.1483604613048826e-05,5.997305537016627e-07,5.58304224664178e-05,4.466163909393474e-07,2.249856924663138e-05,5.539318835467298e-07,6.393891041719674e-06,1.4387061768822655e-06,1.9513634980572398e-12,219.1643190789786,0.7321006075790464,-0.5121,0.0,0.0,-0.5121,0.0
0.429784400049319,1.7588294361222597e-05,6.171508665874797e-07,8.809764539808254e-06,1.5002885622792228e-06,5.468380622791462e-06,1.1577976728002968e-06,3.083095136690298e-05,4.6619421524133696e-07,4.069104305748135e-05,5.165084666366603e-07,3.1087267026129855e-06,6.621974619572112e-07,1.5300892775777714e-12,1052.86592132644,0.5885601412552021,27.29864,8.619031998027241,86.08289559045468,27.29864,8619031.99802724
0.3564586524048357,9.161882474193422e-06,5.68851816278061e-07,1.4031844682893011e-05,1.0882367976865464e-06,8.707767140352498e-06,1.7597024641615424e-06,4.1884249045718876e-05,4.3765469119997323e-07,2.0482972068490976e-05,9.958979218972805e-07,3.7685663866305682e-06,8.382632767952563e-07,2.410149676119475e-12,340.7955839332301,0.4896243440445646,34.96736,9.251445903806571,74.16264597636747,34.96736,9251445.90380657
0.49448815623430986,3.79887379736712e-05,8.67356644926452e-07,3.192605960292873e-06,8.348814459624617e-07,9.901186324283705e-06,1.2189484627745796e-06,3.1708528983548095e-05,6.87210308517629e-07,7.736252351350277e-05,5.706895575900153e-07,2.6262415126962697e-06,1.6582429920341606e-06,2.199700329169365e-12,524.9597758729412,0.4565322262143942,23.6199,7.134503750627603,89.72078407330042,23.6199,7134503.750627603
0.4837169638793032,1.8018331346218976e-05,9.639493948067587e-07,8.584750013263073e-06,1.0967832252035198e-06,5.814621106358147e-06,1.448758331525307e-06,2.8363738451667937e-05,4.616482381831169e-07,3.194825117649357e-05,6.160946655006287e-07,3.355127262979423e-06,1.094767658439973e-06,1.9237793994140356e-12,207.24330059132245,0.6761589354551558,30.84736,5.397113444827874,82.22711079343648,30.84736,5397113.444827874
0.3451025728426047,2.4034616619705807e-05,1.5046120832662003e-06,6.004178068676278e-06,7.71657391435463e-07,1.1423375755479243e-05,7.811523836544088e-07,5.3433197189609105e-05,5.42876164801535e-07,6.576435413303848e-05,1.9800141189663404e-06,2.28008026129595e-06,5.783792711223646e-07,3.0814751126580068e-12,688.391865532601,0.7027546823430793,38.52278,8.63906308629581,78.87275674586726,38.52278,8639063.08629581
0.36659504512729474,7.0041376538749635e-06,1.410588834456857e-06,2.7955195215800127e-06,9.171327775880921e-07,1.911614489266215e-05,5.278221851289428e-07,3.600917258880326e-05,4.1257868197705784e-07,6.089430294687752e-05,9.82402919850713e-07,6.6765781807556065e-06,1.067451187571373e-06,1.9018338576819286e-12,585.7763301794101,0.5741917610041628,39.14351,7.59314519490821,84.15214338252082,39.14351,7593145.19490821
1006024.0297956422,9.218928412980052e-06,1.794945991378594e-06,7.819324134386065e-06,1.0316547223818358e-06,1.0764572362736264e-05,8.369791710136072e-07,4.9260846913941056e-05,4.0306866074853623e-07,4.131032702871616e-05,6.638474612746631e-07,5.372760148068781e-06,1.3462530376476007e-06,2.3069112663023597e-12,526.6111717652011,0.5851520663816248,33.73773,3.975970204357704,87.51190156976591,33.73773,3975970.2043577037
0.2207049,3.5030400834832856e-05,1.8077049052920563e-06,8.534696627886703e-06,1.6299100510730047e-06,4.973453536508455e-06,1.0343732765284343e-06,6.315145753229797e-05,3.628343247141135e-07,3.561798461311701e-05,6.158701682778378e-07,2.2278941119786947e-06,1.9371722852623015e-06,1.6518368957495597e-12,443.9767551351183,0.6776180687363382,50.57268,15.81368605844381,70.08830265728652,50.57268,15813686.05844381
1008471.6069730667,1.5296424683209637e-05,7.9117583139572e-07,2.2620544511470178e-06,9.575290788185758e-07,5.14536230276032e-06,8.127624107021987e-07,4.341856900810939e-05,4.312078977033778e-07,4.78209737186149e-05,1.8097105882281383e-06,3.1113839655104713e-06,1.5599598103700947e-06,4.0436269163785764e-12,959.8089005658034,0.5223001282431925,18.19395,1.5283930269332882,95.00105334130481,18.19395,1528393.0269332882
0.24370829999999996,1.832105787083269e-05,8.745038969718891e-07,3.341575773925137e-06,1.0585093305504504e-06,1.155947592478987e-05,5.566923842237048e-07,2.47056944014853e-05,6.451869567933176e-07,2.948479302718034e-05,7.199033984857149e-07,2.3580341571072846e-06,1.509184263424248e-06,2.5734575522754127e-12,1195.870645328093,0.5320640759934655,47.50556,19.497241743935472,65.37987793175816,47.50556,19497241.743935473
1007505.5496168996,2.489638107326368e-05,1.1362969846729934e-06,3.49646992172222e-06,1.5311325310752498e-06,1.6259160837173083e-05,1.2631218572469444e-06,3.855221296883634e-05,4.1171554531194267e-07,5.924649602344719e-05,1.969971081049378e-06,2.3167155082026413e-06,1.5227801368394946e-06,1.2658821410752704e-12,414.2639034845172,0.7498456358916965,12.50564,2.494450383100385,98.60058518080842,12.50564,2494450.383100385
1007227.6821633222,9.794295492083759e-06,1.731361140222243e-06,2.221768124943457e-06,1.016359311930167e-06,8.116885660053178e-06,1.2567384745502385e-06,3.147439677666142e-05,5.368170803055756e-07,2.353149519703309e-05,1.086953535657182e-06,3.6707774456879414e-06,8.532614163452521e-07,2.1460799187720066e-12,605.2903822827656,0.6087942818313,30.47028,2.772317836677806,85.69691989003618,30.47028,2772317.836677806
0.4235948631410085,1.507393965212705e-05,1.7012217652199372e-06,1.091437595785573e-05,1.879983821383786e-06,1.8320152892482777e-05,1.5879988501031198e-06,5.361718048704446e-05,7.039811386487121e-07,4.349868328667421e-05,9.86360553096107e-07,7.120211662251127e-06,1.2930115571476233e-06,2.454476732039875e-12,766.0373847761731,0.5392721956313027,36.65922,6.058439474359658,82.57641390033463,36.65922,6058439.474359659
0.5119176542270623,5.2700430925652145e-06,8.30109954869e-07,5.115345175909633e-06,1.265825200761239e-06,1.2919737815406174e-05,6.724784406572694e-07,4.345698379809608e-05,7.986597031764261e-07,7.355453521873943e-05,8.496348398401797e-07,2.6677771024672363e-06,1.4095718226016256e-06,1.0173249661911095e-12,774.7047377324759,0.6104010379162091,23.7064,6.411373830917508,87.89945514149443,23.7064,6411373.830917508
1007378.3907258702,5.058717622015621e-06,7.688539068167518e-07,2.417579055792003e-06,8.337777931251874e-07,6.017704362984039e-06,1.7939353590684984e-06,4.638147910527702e-05,3.6976828406270556e-07,2.927974189477441e-05,9.70950557116863e-07,2.146480425392263e-06,1.3113003331337748e-06,1.5026780401372363e-12,1012.8515353381267,0.7884562777643828,25.80658,2.62160927412982,90.03835877831092,25.80658,2621609.27412982
0.40043056237378394,2.7701750150088546e-05,1.6544717332721164e-06,1.2963277155486654e-05,1.9923390129591306e-06,1.1065647836231688e-05,9.866436162248625e-07,3.855443517156704e-05,7.239684578918171e-07,5.66145431260387e-05,1.5314108359581176e-06,2.1267976511896864e-06,5.203931728461041e-07,4.217591425283793e-12,399.1492757002372,0.6944784676340451,40.19567,5.924076505048644,76.03324519683677,40.19567,5924076.505048644
1015338.740318433,3.05832062837579e-05,6.001089750614206e-07,4.657809371114864e-06,1.615080718876387e-06,4.37759780651632e-06,1.2099574480072172e-06,2.180487840099164e-05,3.8913990695305996e-07,4.2520747853632584e-05,1.9545098517493463e-06,2.7337428085467463e-06,1.171216335567449e-06,1.0271998402672302e-12,1288.4555866836622,0.7392920103659227,44.14938,21.533332434772884,44.66125968156696,44.14938,21533332.434772883
0.4428616509377488,9.655620350516095e-06,1.3366464418713954e-06,1.2404939162155707e-05,1.1279436373738626e-06,1.8285129803395604e-05,1.0229111932463452e-06,7.367066794631588e-05,4.96727130674227e-07,6.388305681665625e-05,1.2651271159984e-06,2.2204015553758825e-06,1.5692716216450247e-06,2.241565410060283e-12,1147.6441863672935,0.4335874801057137,33.46496,6.2460459624900455,88.64957072062654,33.46496,6246045.962490045
1007078.1852460661,1.2571846938059551e-05,7.325762883358056e-07,2.9846275512060474e-06,1.0076060306076159e-06,5.283960766181509e-06,1.408009293500979e-06,6.389572432630623e-05,3.6092808421910024e-07,2.9231548957986285e-05,8.130238365666125e-07,3.464934619812085e-06,1.0991181910936975e-06,3.0668133953912795e-12,936.0460751455628,0.5852021488194524,27.15118,2.921814753933903,91.32811568344506,27.15118,2921814.7539339033
0.36333466743761283,6.367438700132176e-06,5.668832073244493e-07,8.698237676087247e-06,6.467669119672805e-07,1.0357503339732998e-05,1.9072992167944e-06,5.7895256008799975e-05,6.758129521225593e-07,2.703918568690964e-05,8.403481867229315e-07,2.2794954836496554e-06,1.364671329917552e-06,1.487504710249104e-12,1288.5008192446662,0.65692695660191,32.56359,9.697536302495488,80.09055762476841,32.56359,9697536.302495487
0.4048316043633944,3.2590186218061646e-05,6.516513144469672e-07,9.171276270646457e-06,6.01013636602784e-07,4.3585272870395914e-06,1.3303703550094981e-06,2.559759149510242e-05,4.027175034129902e-07,3.097452073328825e-05,6.839300861680203e-07,2.7077452806550524e-06,1.7018892509806773e-06,1.329829725765171e-12,583.4120484975003,0.6790232641684959,28.85669,9.149728825464225,77.7575951826012,28.85669,9149728.825464224
1000431.5266525868,8.667185155020044e-06,9.86076391142265e-07,6.418367679336545e-06,8.109688432035324e-07,1.123769008834123e-05,9.326103136308751e-07,4.796735251796195e-05,6.994170414806149e-07,2.104477649214489e-05,1.5904647358022598e-06,3.7205678618240023e-06,1.054016584978613e-06,1.4036116886395567e-12,1112.8437069357142,0.538768612283492,44.45282,15.477245056876104,59.568473347413224,44.45282,15477245.056876104
0.181933575,2.699561283045688e-05,1.5079021380838532e-06,3.0377973054659518e-06,1.3188748328468724e-06,8.998638215056688e-06,1.5797709143035862e-06,6.015105576736358e-05,3.8705801605166274e-07,5.8434402661548625e-05,7.152044901041937e-07,4.2455114548714975e-06,5.22280267045813e-07,1.203898777103005e-12,1055.8318355712872,0.47457020424368923,55.74219,29.831725814516407,69.44525773165083,55.74219,29831725.814516407
1006937.2734618362,6.687068706379638e-06,1.1279018442699424e-06,4.234481181606361e-06,8.442957247976486e-07,1.0311634208313372e-05,5.240221033437042e-07,5.287466315199841e-05,5.951076607047208e-07,6.674492771198053e-05,5.05504767687314e-07,3.9407726592628585e-06,7.952194540046935e-07,2.836936431412367e-12,330.2699941638482,0.7652595292270319,28.5357,3.062726538163789,89.69717475092598,28.5357,3062726.538163789
0.49569490526772686,9.45288683535571e-06,9.550727030287508e-07,2.910261648359155e-06,5.153055150947564e-07,1.4712329036477737e-05,9.414075654103715e-07,4.4442205133081514e-05,5.094999262562743e-07,3.4789862116409195e-05,1.5890811735257777e-06,3.0031165230082543e-06,8.388179019057076e-07,1.722529900348144e-12,1082.1225942782985,0.5200693191293746,25.40722,6.5500377892909265,86.19729384663383,25.40722,6550037.789290926
0.3418114201513963,3.764079283879471e-05,1.6874741784144844e-06,9.307930190808803e-06,1.7431914783553302e-06,9.045037139945686e-06,8.962492862426231e-07,5.848817185173223e-05,7.711369257617641e-07,3.4858252695754537e-05,5.201899174980431e-07,4.5608466758311846e-06,1.7959002189127076e-06,4.165848607539712e-12,1454.8062943437765,0.7771385327699347,43.84521,7.173980193944146,88.90159524656912,43.84521,7173980.193944146
0.4320525452419731,7.554386118384002e-06,1.9249960757278254e-06,9.09797809839842e-06,5.986487422597106e-07,6.837854121610645e-06,1.891887887608653e-06,7.6775726334252e-05,4.6084480278520414e-07,5.782311072657056e-05,1.5188498421890767e-06,4.184629250188845e-06,6.288048115425893e-07,1.0013580145487407e-12,391.7383123973643,0.7531818961264742,36.95481,5.631455190321076,81.0901636518735,36.95481,5631455.190321076
0.4340530306717273,9.355242793939358e-06,5.58934270740853e-07,3.2188823231753834e-06,6.627992905362725e-07,4.624704049487339e-06,7.019621003877707e-07,5.167359125192315e-05,7.07244726806061e-07,3.360126670415068e-05,9.690803392837966e-07,3.4831585872287253e-06,9.603294919427573e-07,3.020251577834485e-12,1108.4136730152327,0.7651332183847008,34.31897,6.342187773130908,83.12117679115124,34.31897,6342187.773130908
0.23567505000000002,2.0073755536659704e-05,1.583035912134253e-06,8.298877411752487e-06,1.440043454265895e-06,4.667009621011453e-06,5.974975851039966e-07,5.760078983752274e-05,4.0050481326456567e-07,5.842236976170662e-05,1.7363317016838863e-06,7.482373232834623e-06,1.3762515752972963e-06,1.9805115500705245e-12,712.0054684158393,0.42866271837612147,48.57666,15.171228858256006,76.47057099313835,48.57666,15171228.858256007
1006358.1676137376,1.3802484551010873e-05,1.3955736237951905e-06,6.519154268626918e-06,6.798969899975187e-07,1.0651207615765432e-05,1.4496331502164053e-06,3.336337256796036e-05,4.7223541950943834e-07,6.261361005251448e-05,1.1656486909106825e-06,6.705557423140412e-06,1.7766653972174598e-06,2.8264359359525695e-12,379.50387038241763,0.4751882196791408,28.76865,3.6418323862623545,87.87659249880775,28.76865,3641832.3862623544
1008249.034806711,7.757679249277385e-06,9.143391228345759e-07,3.964506403024642e-06,1.238067411465103e-06,7.936324821217482e-06,7.422248702695363e-07,3.4191341578361934e-05,6.936020985611799e-07,2.098928935240278e-05,1.8882182008628565e-06,3.942860678061809e-06,6.272383844000656e-07,2.9987139258155764e-12,1284.5022435364106,0.5859690809435515,20.09623,1.750965193288981,90.39076701199087,20.09623,1750965.193288981
0.4762680483228887,5.937474901381281e-06,1.2942633859326528e-06,2.4533847843544947e-06,1.6528238298409165e-06,1.4578656987895556e-05,5.085455755016691e-07,3.112451931526385e-05,5.696329458600082e-07,3.405768964396307e-05,9.391217643445966e-07,4.373476962749912e-06,1.8919082221306682e-06,1.9088799691296287e-12,1202.7675581787876,0.5211818052082694,32.65979,5.151341067084453,83.85717665264596,32.65979,5151341.067084453
0.4229070795915809,8.561569192185407e-06,1.2043330035254995e-06,6.749141256738343e-06,1.5208066972573696e-06,8.256294469257562e-06,8.383651378317839e-07,3.85597198597061e-05,4.704335995718345e-07,4.1990074032783914e-05,8.291606604021112e-07,7.080554111601717e-06,1.9472917041267872e-06,2.353154700760577e-12,698.5133702412886,0.6698875638246808,37.15166,5.9382188163367635,83.98167119987275,37.15166,5938218.816336763
0.4569596707229022,6.83570318780468e-06,7.978731924628473e-07,1.3136878043015695e-05,1.1331242272802073e-06,5.497757571519989e-06,1.5429274416066964e-06,5.484110091859171e-05,5.177106723996416e-07,2.1392234665183435e-05,7.38888157337527e-07,2.4321525431507554e-06,9.857152310474961e-07,1.8054886764687095e-12,1355.9157153898975,0.674555055407573,34.19132,5.464217171083912,83.02099806099098,34.19132,5464217.171083912
0.5850569683397833,8.449749128385816e-06,7.982560513548696e-07,3.632239990765089e-06,1.556535720712596e-06,9.58131042877989e-06,6.405825309541494e-07,3.280170311177475e-05,3.650714479545003e-07,3.136738149450574e-05,1.2074516328856259e-06,5.217489454569015e-06,8.204509347538205e-07,1.0606960094350697e-12,1160.2843978634396,0.4994506870962192,17.23845,5.426186266408668,91.9251335980305,17.23845,5426186.266408668
0.332328225,5.954864470702157e-06,5.700439856387776e-07,8.649948064167761e-06,1.2023359365303958e-06,8.00546092758107e-06,7.317346424256018e-07,7.693849187820805e-05,6.240742894882016e-07,2.8053901222381316e-05,1.5704116922134348e-06,7.66677230837803e-06,1.3806767172002681e-06,2.3224793437030573e-12,795.9454398813342,0.43061445750769517,35.68957,10.116995028113754,79.35955344493979,35.68957,10116995.028113754
0.17680357500000002,1.0855197587978833e-05,6.128053911157168e-07,1.4316199985365251e-05,1.2105217207543524e-06,1.654159253158652e-05,8.48993839532494e-07,7.784114729674529e-05,3.833691576286684e-07,7.234438780208302e-05,1.4127772323150135e-06,3.947896223064082e-06,5.15758268518998e-07,4.6160696270982465e-12,533.9154052590737,0.6611581735094931,56.42619,12.729907870003242,84.17879541022594,56.42619,12729907.870003242
0.513824722380691,3.135675104863283e-05,1.5951660768713885e-06,4.789745326072158e-06,5.875774202766264e-07,5.445191341339597e-06,7.179481174567405e-07,3.0449168639925706e-05,5.427064610330594e-07,6.536359341644031e-05,7.010089678496436e-07,7.235606600288995e-06,8.400067194836959e-07,2.1406998384843492e-12,1188.934759170724,0.5747782536589705,27.48544,5.201379104772361,90.24167230852329,27.48544,5201379.104772361
0.2672187,2.3629832095610185e-05,1.470817195221725e-06,3.493767827555565e-06,1.268285269917609e-06,1.0584565393855983e-05,1.7647854720423204e-06,5.1209678364507075e-05,4.475734389851967e-07,3.5170493628466536e-05,5.131448026044212e-07,3.8961048041229645e-06,5.985459395874645e-07,1.5369588220260105e-12,978.8032861600494,0.7903590489472647,44.37084,12.593107146042081,76.69830417215512,44.37084,12593107.14604208
1006651.502097144,9.68939292816751e-06,6.795480029804656e-07,2.074172685484297e-06,7.841587561225909e-07,4.4320033344853386e-06,7.451809114334705e-07,5.3668189083082594e-05,6.967661985211149e-07,4.518451161131932e-05,1.2054278696309272e-06,3.394828137337205e-06,8.574230015622608e-07,4.466353796767265e-12,216.33739207562752,0.5362383911599005,29.7429,3.348497902855979,85.7100061392332,29.7429,3348497.902855979
1007112.5518129141,1.0274719040124515e-05,9.257959311233918e-07,5.072971283747087e-06,1.399723932880389e-06,5.614217219922988e-06,1.3153536405346833e-06,5.0840277432068314e-05,4.415434977430524e-07,2.0914927833027555e-05,1.6296739534225048e-06,9.493793269199413e-06,1.1997785357843098e-06,2.468026691744881e-12,648.8889501096278,0.48302048071626097,26.26465,2.8874481870859494,88.10511233516398,26.26465,2887448.1870859494
1007786.1940023594,3.87610006239556e-05,8.341524094752869e-07,3.6007505523083264e-06,7.741452433223288e-07,1.1844485950148137e-05,5.209183400022968e-07,4.755923124161514e-05,4.112670077189006e-07,3.2563431923855195e-05,9.094470718763763e-07,9.93304464735923e-06,5.164915631388465e-07,4.790131042596385e-12,923.3713333850176,0.5963027506759174,11.73983,2.2138059976405744,101.51051207584871,11.73983,2213805.9976405744
1008299.2344200332,8.145954673562828e-06,1.792971507506103e-06,2.6077939866720946e-06,1.1600954289938081e-06,1.570191313068399e-05,5.719494875847406e-07,2.7068421546441812e-05,7.949889345223066e-07,4.4121750549705726e-05,6.404886352887376e-07,2.583737377736603e-06,1.469218899456676e-06,3.261114193048396e-12,721.4514621726531,0.5634064744473237,27.05006,1.700765579966876,90.61437943352308,27.05006,1700765.579966876
0.4068941053339344,2.3847578163238917e-05,8.927697136905953e-07,6.689739066385555e-06,7.785205331064151e-07,7.176425820343514e-06,5.788564616899093e-07,6.818789899363716e-05,7.749996538704381e-07,5.749778035988875e-05,7.767650495945426e-07,4.7360604416391366e-06,8.611561310752935e-07,3.985242808194378e-12,843.2831785371649,0.5855655768104894,33.07649,7.801288786642627,89.8350839959099,33.07649,7801288.786642627
0.37684859313746377,2.7864249741969468e-05,9.32329519149798e-07,1.2867919494924905e-05,6.396050591316233e-07,6.362801863193718e-06,1.046325271056487e-06,3.177979231566581e-05,5.214580132013009e-07,2.5394944770422565e-05,1.7587638333217889e-06,3.7066581959459877e-06,1.2364539269346158e-06,4.796999835484834e-12,733.3819452340709,0.6545667500169308,40.39627,6.8071752745014455,70.58471736557813,40.39627,6807175.274501446
1007384.155681821,1.810800865729018e-05,6.05896838770864e-07,6.974261576684297e-06,1.9969798387622962e-06,1.0498811971087574e-05,1.3796439463697956e-06,7.417731454600592e-05,4.666760111820804e-07,2.8281948296654868e-05,1.1008457204538785e-06,4.274481162899737e-06,5.672013536539663e-07,1.8147873165903401e-12,1165.8549873660904,0.7534049921926256,16.56057,2.615844318178914,94.87221327465281,16.56057,2615844.318178914
0.3126026957539745,1.9484786648267134e-05,1.074834637174676e-06,1.1391774543726284e-05,1.6252008535128553e-06,5.186319443182533e-06,8.34005407595066e-07,6.723909906402441e-05,4.1406019352546086e-07,7.332381114487545e-05,1.7934920735335291e-06,3.3620528213610637e-06,7.505207328012768e-07,4.218816981180769e-12,469.1094521498897,0.5844718350744037,46.08554,7.67023016984102,83.19982975983385,46.08554,7670230.169841019
1007280.28689952,8.32280022179486e-06,1.1538838214544371e-06,1.469230010856498e-05,1.5089103721714854e-06,1.9143516074015197e-05,1.0002980132978677e-06,2.3332074619862863e-05,5.831288106856142e-07,3.165686671276806e-05,1.7904368444676118e-06,2.5843573284415477e-06,9.489634752073053e-07,4.706959638831539e-12,208.9483080297049,0.41292902732498526,30.0935,2.7197131004800146,81.6164331057127,30.0935,2719713.1004800145
1009666.8997968986,2.0428979341810266e-05,1.6633888058200556e-06,1.4865643613654823e-05,1.6521422872856763e-06,4.479643410262185e-06,8.914212277734955e-07,2.8680267817521635e-05,6.376674051792588e-07,2.365202895778516e-05,1.4673296842442528e-06,5.666645367048609e-06,1.0485107285805222e-06,1.0389141386990007e-12,825.0498330301044,0.690412700354416,40.55627,11.980696284869552,50.333100203101424,40.55627,11980696.284869552
1007778.3004330717,9.194794355409659e-06,8.686178305873389e-07,1.0485922937201647e-05,1.4514783285643018e-06,7.178719858205069e-06,1.350271246234862e-06,4.064616951236733e-05,6.047640792141233e-07,3.62298058732766e-05,5.93826628428057e-07,2.5296955147290524e-06,7.194658920098837e-07,3.774070702835988e-12,1179.6512136541614,0.44471349335311117,25.6741,2.2216995669283506,92.09710785580398,25.6741,2221699.5669283504
1006941.1175317359,7.104772693658669e-06,8.862502955751309e-07,3.966487693463635e-06,1.772700953531171e-06,1.4392218525956525e-05,6.690425947317923e-07,2.2882606704607477e-05,6.011078542911669e-07,2.2162783888511362e-05,1.739159949531721e-06,4.411918943640673e-06,7.019581315755753e-07,1.5196091118155883e-12,583.8796905871656,0.5778688261826671,16.85599,3.058882468264138,88.23475175339574,16.85599,3058882.468264138
1012944.3904580696,2.5706297729553936e-05,1.3187063538217122e-06,6.284447442290476e-06,1.1398596990435213e-06,1.3620772796005372e-05,6.13888244473296e-07,2.9832003270271696e-05,4.2948698222516907e-07,3.344295287752412e-05,8.267072649076309e-07,3.1958239762517464e-06,1.8526416101150527e-06,1.2901751151877728e-12,1024.0629538607877,0.5901139369996752,59.79048,36.271883417720105,47.05560954193034,59.79048,36271883.4177201
0.32460855,1.2479732921692875e-05,7.524977811091045e-07,8.950392477926812e-06,1.3105433110460533e-06,5.0638096032818976e-06,7.498457512340353e-07,3.406885233088141e-05,5.985820765759788e-07,2.079172431149265e-05,6.705069015430609e-07,3.256773449433596e-06,1.1238656237348418e-06,1.518195214128748e-12,1137.4811780539826,0.6981828953928726,36.71886,13.131398101130156,70.16877140615273,36.71886,13131398.101130156
0.5166850861685561,3.967836458288099e-05,8.776327480786079e-07,6.9537708810291235e-06,6.332382258563334e-07,6.96073231625801e-06,6.20607791199009e-07,6.52157734627016e-05,4.626968063334578e-07,3.360614750826457e-05,1.6595790800854306e-06,4.367191574250254e-06,6.321074633133929e-07,2.328760456570405e-12,428.0035632043924,0.7588534426089298,24.40055,6.012431553257757,82.97985319427816,24.40055,6012431.553257757
1008765.497334357,5.150190804150461e-06,1.8581880439353505e-06,3.986778347805787e-06,7.677010727340743e-07,5.739128458238326e-06,7.35415300361143e-07,5.8808664145735915e-05,6.761031083929126e-07,4.924554865992183e-05,8.196062708186726e-07,4.188727369720115e-06,1.7720324351983035e-06,4.300093829032529e-12,1291.9702766100581,0.7382983738747134,34.75726,1.2345026656430398,90.9682719686277,34.75726,1234502.6656430399
0.3303510150725469,2.5478181598095044e-05,1.034000344695957e-06,3.1686107527700526e-06,6.620719751447356e-07,1.1650556835504459e-05,8.687316152148417e-07,2.2937052962809706e-05,4.683539716046134e-07,2.1952655327628743e-05,1.076664649873366e-06,4.729409424304011e-06,1.3971779456870808e-06,4.073166275066497e-12,1461.5683856404808,0.42238991989681973,36.29402,9.89775339709812,83.1879993526021,36.29402,9897753.39709812
1007217.7690029991,1.6246246997472754e-05,7.051215570810644e-07,3.3504932481359018e-06,1.3936531562215707e-06,1.2137770767034923e-05,1.2325228825721399e-06,2.809228746346861e-05,6.243960378449829e-07,3.7636490368279914e-05,5.28679607555609e-07,5.3308809311722836e-06,1.074712900864285e-06,1.1583967696107722e-12,447.0184166233123,0.7322769520207252,40.32371,25.06610000322235,52.78223099700095,40.32371,25066100.00322235
1006201.7291941643,5.7078004679003205e-06,1.7486810507513519e-06,5.731918374781486e-06,5.440194835891325e-07,5.769470441231997e-06,1.1261154820727745e-06,4.477026553696418e-05,5.215620400059713e-07,4.210137319145776e-05,1.4771590502809474e-06,3.3411995183657167e-06,1.203979980724254e-06,1.3718156797138644e-12,351.3283094351551,0.43335448347340766,31.30252,3.7982708058357475,85.77306578191025,31.30252,3798270.8058357476
0.3794588315109463,7.537660519571396e-06,1.06049488855278e-06,3.084344411157916e-06,9.824537082374167e-07,1.0000093788427248e-05,1.1199443845417525e-06,6.599140829929323e-05,3.935297723557291e-07,6.835443595887779e-05,1.4689565550783555e-06,2.736456122889931e-06,1.5278805197371893e-06,2.6881682934292222e-12,793.1307687603608,0.400198049103462,40.37734,6.7084447395621485,88.10719816854761,40.37734,6708444.739562148
0.268130025,2.4010754693065432e-05,1.1508567693474623e-06,5.396220300634803e-06,6.386351000334961e-07,9.04987476205481e-06,1.0198807470034403e-06,7.47913484494159e-05,4.5731237696276046e-07,6.655384114088371e-05,7.0614874036011e-07,3.114930016752212e-06,1.0886412705638762e-06,1.6437839870690013e-12,772.0569405325581,0.7908915989297993,44.24933,18.329480554701142,79.29322552439845,44.24933,18329480.554701142
1060000.0,3.572888903733374e-05,9.829302037841614e-07,3.805013098724478e-06,1.9301443950460512e-06,8.529622331031291e-06,6.268802340919457e-07,2.190285522352172e-05,5.082997170837842e-07,3.0509995318741287e-05,1.8032390635045617e-06,4.081429851509607e-06,1.2106366657608287e-06,2.379349943839288e-12,437.4523725485366,0.7115167174002877,-5.33513,0.0,0.0,-5.33513,0.0
0.379871025,2.4428375798133826e-05,6.71953309940706e-07,5.4969014123679565e-06,7.791817119625005e-07,9.392762603518541e-06,5.766765388622867e-07,3.0316912550970182e-05,5.857047264554671e-07,4.4137865199149786e-05,6.195082069749289e-07,2.572410803071129e-06,1.4467290619395206e-06,3.5420803379685005e-12,1308.0644697347739,0.6440492917972528,29.35053,10.003779132417174,92.3478029801297,29.35053,10003779.132417174
1007441.3865743342,6.932261457667987e-06,1.8834972990586152e-06,1.4441097880501279e-05,1.237116408545203e-06,1.4235463967660046e-05,1.4737683992279366e-06,2.9054595562944278e-05,7.582300092815009e-07,3.847612067644599e-05,1.638612895723448e-06,3.260242878744978e-06,6.113087213833764e-07,1.7110463843791122e-12,660.1136429458907,0.6980855742554266,28.7866,2.558613425665753,82.87588695720005,28.7866,2558613.425665753
1008260.796244165,1.2737866230533067e-05,9.016227511202484e-07,4.419809343299871e-06,8.914632785843219e-07,1.3640516839515484e-05,8.754897621451017e-07,7.660082368018586e-05,4.774530839958151e-07,6.108175495137322e-05,1.931834519803692e-06,6.873437033188383e-06,5.136862090187623e-07,3.1067890855626733e-12,471.19175464414803,0.6866690792320053,16.64926,1.7392037558350086,95.8029031273083,16.64926,1739203.7558350086
0.4643035073654102,9.229923981018163e-06,8.391207720861496e-07,3.82529368949638e-06,1.4967569193562103e-06,6.756225399473322e-06,1.0866930749697288e-06,2.6370122822272785e-05,4.274199843238943e-07,4.0163551438650745e-05,1.6389898096349574e-06,2.3752217407991737e-06,7.00411963169199e-07,1.6885070557304243e-12,823.587507932949,0.6885055917291053,30.42043,6.3017307053835925,79.32955523659226,30.42043,6301730.705383592
1006470.7589069253,1.3283315412960972e-05,1.921544442535407e-06,2.194233140174978e-06,1.2473241803735334e-06,1.2100748520083292e-05,1.7626850151261074e-06,3.9287835776503505e-05,4.502486851098254e-07,4.637700600603887e-05,8.409185203133973e-07,2.3546884535466374e-06,1.21357000450965e-06,1.559365882192443e-12,680.2834776756292,0.7694424369461398,30.6948,3.5292410930746994,86.45713849273677,30.6948,3529241.0930746994
0.5395971001722728,6.298553167781726e-06,6.023063890376936e-07,9.060952731804649e-06,7.840899289863125e-07,1.392937177785542e-05,8.873374475630518e-07,2.4683469185951207e-05,4.059440002499596e-07,3.0266277754599236e-05,6.597487489458838e-07,2.3043209152910234e-06,7.0244313164748e-07,2.513757068754545e-12,1191.6233089484126,0.5042876528402401,23.4692,5.375355993109088,90.91077539544666,23.4692,5375355.993109088
1006415.0149388398,1.5084662713341821e-05,7.488967682718456e-07,2.090025895884095e-06,1.458212961458415e-06,4.462648513893409e-06,1.486378377080797e-06,5.3621269646468484e-05,4.625730524803135e-07,6.529020888622493e-05,1.753463003122769e-06,4.098821845877029e-06,1.7042895188765574e-06,1.344956867558371e-12,808.8243186174851,0.5843214761084432,22.78497,3.5849850611602103,90.27237385245243,22.78497,3584985.0611602105
1007603.5494871358,9.993322330969056e-06,1.2792849111726081e-06,8.26277449954782e-06,7.123783382315925e-07,1.332432173601455e-05,5.16298251064506e-07,2.359335970836703e-05,4.997531041443457e-07,3.464425090989497e-05,9.81265240846431e-07,2.160738856697946e-06,1.040152284874094e-06,4.3465749661724894e-12,865.9401698821534,0.4064805077484685,25.44194,2.3964505128641918,90.22689093115936,25.44194,2396450.5128641916
0.4241198030024375,1.2411011923529362e-05,5.227409318939006e-07,5.5239024366678394e-06,1.5121030781182054e-06,1.4267320116456391e-05,9.889839005431978e-07,4.4371426615915553e-05,5.974415341954575e-07,5.5360908403306216e-05,1.0947592286385248e-06,9.593693099666843e-06,1.47547187512057e-06,2.353347133365061e-12,1238.1682698991183,0.7385197366818367,26.73136,9.015799879902499,83.48000718210143,26.73136,9015799.879902499
0.30978989864601797,6.000650321328613e-06,1.7962569792527603e-06,6.836674698168019e-06,1.9805477046051667e-06,1.3415926628134193e-05,1.4481695990809597e-06,3.6348440238291085e-05,4.490718039105261e-07,3.7388048617567615e-05,1.6947602237104492e-06,6.56938185627705e-06,1.231901918248208e-06,1.124715899250677e-12,1042.1918224378742,0.535923887652299,44.16913,8.35766505415928,73.59096065441176,44.16913,8357665.054159281
1006358.8871150814,1.4981082807683712e-05,1.306015784515171e-06,1.0441495492580241e-05,9.105400257485351e-07,4.140724475384502e-06,1.1091662959158607e-06,2.0176947256962253e-05,6.974607124545331e-07,2.0530137648561198e-05,6.832378821265255e-07,3.977358943106788e-06,7.158384289306233e-07,1.4315067982779556e-12,1076.8998063960112,0.5306477115522751,24.98998,3.6411128849186167,84.7469180840523,24.98998,3641112.8849186166
1006393.418991721,1.2952763755575786e-05,1.2577138645199748e-06,9.435480332294539e-06,1.1087059837215883e-06,7.0785845837489744e-06,1.6942226482702304e-06,6.655219483418153e-05,4.066529523474014e-07,5.840063282697906e-05,6.653974961371172e-07,2.678882509269913e-06,5.185118914473659e-07,2.6346628728294785e-12,1298.1078129357722,0.7117852870444166,34.29665,3.606581008278947,90.40183824166934,34.29665,3606581.0082789473
0.275279175,1.5371188865864865e-05,1.8781615867984762e-06,3.868819552342488e-06,7.741432721482755e-07,5.792895364718177e-06,6.678585616064556e-07,3.043769297358792e-05,5.051714023058343e-07,2.9122937483397003e-05,1.8309654053885828e-06,2.8370782235606793e-06,8.182930649278023e-07,1.2473176990808663e-12,1368.54352152126,0.5758563760611716,43.29611,13.359931506037716,64.10120714978036,43.29611,13359931.506037716
0.5051925182130895,2.8332771431254812e-05,8.410292512525723e-07,4.892328364825052e-06,1.4023872236808684e-06,1.3159422167258143e-05,8.472344335213808e-07,3.715676173334648e-05,4.95145122847912e-07,2.6597018597303466e-05,8.473381769276423e-07,7.418919457841041e-06,5.686857798122821e-07,1.325523402579176e-12,1387.2681740805103,0.6898073360815531,19.52598,7.934505271476417,85.77407949438181,19.52598,7934505.271476417
0.4354262378271438,6.439904761154724e-06,1.4272249230040996e-06,2.548888886300907e-06,9.850144902264675e-07,1.0588413351835639e-05,1.4135914124372897e-06,3.103205336729806e-05,4.193072499366982e-07,7.837014723156525e-05,1.515277920997096e-06,3.5691128377385197e-06,7.123060126488747e-07,1.1975104156291441e-12,794.039873935201,0.40290223771342376,33.48896,6.536262486914248,85.89265701857087,33.48896,6536262.486914248
1028112.984044064,2.6578045574959434e-05,8.70922769280341e-07,1.125612657020447e-05,8.175405523574666e-07,1.832728528978454e-05,1.5944615075837363e-06,3.651015439817378e-05,7.08454169209479e-07,3.0343528832779943e-05,1.9991865884086103e-06,2.2911791112291414e-06,1.2202391387030931e-06,1.8723152412230906e-12,812.7698959455269,0.7805236576921775,68.28953,21.369013451452762,31.887015955935997,68.28953,21369013.451452762
1007477.5470080994,8.85244811583957e-06,1.2266462325405013e-06,3.8362938536023044e-06,6.077170348533567e-07,5.9717581311938655e-06,1.0936556017978648e-06,2.388155215192749e-05,4.076782435909505e-07,5.242083816175841e-05,1.438510429620544e-06,2.2069576591518807e-06,1.520726326523938e-06,4.032266344634603e-12,1059.2378473357107,0.5486816156433673,32.24233,2.522452991900561,89.83610758425554,32.24233,2522452.9919005614
1009069.4633188923,1.184788145593358e-05,6.219909043563949e-07,2.8307925827967387e-06,1.8309382978374835e-06,1.8913672656975144e-05,1.3985514625012766e-06,6.15022567373079e-05,4.1618287247282835e-07,6.765304280754947e-05,5.818758002453916e-07,2.5973133723357384e-06,9.966167890494076e-07,1.6365531964829875e-12,1012.90623385563,0.7635923410696537,0.6835343,0.9305366811077536,156.96332587371631,0.6835343,930536.6811077535
0.34845367499999996,8.678658943334929e-06,7.803241580595195e-07,9.692554862841825e-06,7.917759186496011e-07,1.6723178504860025e-05,5.242931290997903e-07,6.699513760077193e-05,7.466542631388393e-07,2.1331699353613052e-05,8.432740952958623e-07,5.240452264052505e-06,1.0355586039522098e-06,1.2899054799452635e-12,219.41999981750786,0.7588754779776922,33.53951,15.725026546420807,60.21624049045403,33.53951,15725026.546420807
1008288.854195226,6.055725420437812e-06,1.9675264310322216e-06,2.508396282156931e-06,9.668598861793524e-07,1.9471763086208693e-05,1.6383923146207902e-06,4.208932583431247e-05,4.007860622817071e-07,4.615676749639764e-05,1.2089130421456658e-06,3.301496498042986e-06,9.585821375301009e-07,4.27649629174678e-12,366.6581945101871,0.6625497089027944,38.07353,1.7111458047739743,87.9827941831378,38.07353,1711145.8047739742
1019630.3056291677,1.0693604163222967e-05,1.1705764378442282e-06,8.469343757083154e-06,9.696793663625431e-07,1.3347257999657426e-05,1.6289439270398965e-06,2.6254672378524667e-05,4.2890079973998103e-07,2.3943187450722365e-05,1.8462248394533325e-06,2.875305314193773e-06,5.603413905376255e-07,1.16480922242526e-12,724.9900919719763,0.754767169401093,68.06984,17.132445060044567,40.36969437083225,68.06984,17132445.060044568
1006650.5610824329,6.223010689877759e-06,6.841795116866118e-07,2.9012804936508846e-06,1.2472396680717013e-06,6.788276745529237e-06,1.9290806895529952e-06,5.051503078807083e-05,5.452594290559445e-07,4.451631635262879e-05,1.7019228973657932e-06,6.7947399659076716e-06,6.001579702940078e-07,1.972331844835298e-12,1059.562376803065,0.6317474238169501,27.49108,3.3494389175671366,88.3008371252296,27.49108,3349438.9175671367
1005770.4170486132,3.491563546820225e-05,5.242949757788362e-07,1.2412184292874109e-05,8.526703686226632e-07,4.32138972214887e-06,6.578325520905966e-07,2.5745939911280366e-05,4.0353138748991757e-07,2.09685642087001e-05,1.5047715041447356e-06,2.595272100402809e-06,7.81904738721471e-07,2.5111431225879324e-12,828.9983184261961,0.5375607078902371,41.25117,20.640592649361626,54.229582951386796,41.25117,20640592.649361625
0.15957406734020127,1.8482229056985842e-05,1.5518390953257123e-06,6.399066936100005e-06,9.357585485214507e-07,5.652284908199673e-06,1.1831435464861393e-06,4.262674379487811e-05,3.955129429997976e-07,2.945699756056311e-05,1.4509744410953421e-06,8.84704709708824e-06,7.98026844453292e-07,4.205808477361125e-12,531.8697507923684,0.7227953996419045,70.42885,6.48838230639195,77.48408914498833,70.42885,6488382.30639195
0.37718523763941303,1.3775125338077983e-05,1.0701415019318044e-06,7.610491233055035e-06,1.262274229195361e-06,6.940166072818043e-06,1.0267933404665634e-06,2.1828841133309473e-05,4.819770535171672e-07,4.872240630446132e-05,1.9046251651045652e-06,2.4505281723339535e-06,6.850352403385697e-07,2.0880084529868042e-12,344.4780562546928,0.6201859078189592,35.83034,8.16348849442348,72.4589116225735,35.83034,8163488.494423479
1008445.1182967573,9.247532041504464e-06,1.6778496900086093e-06,3.7127902095335035e-06,9.153073781529526e-07,1.9501335059460166e-05,5.60946267294512e-07,6.652676969245156e-05,5.386843660406608e-07,3.4704342550339194e-05,1.843566477534158e-06,9.976606762341686e-06,6.550858839882118e-07,3.864948948616517e-12,488.41421908650375,0.4066876953800831,25.08547,1.5548817032427151,90.89703836975839,25.08547,1554881.7032427152
0.5125353258639589,2.2977741007822347e-05,8.166970913092958e-07,6.71252742441554e-06,6.170855357849363e-07,1.596329757930578e-05,1.0353298303772747e-06,6.0650518459479704e-05,4.809136626917385e-07,2.7526994316597703e-05,1.8587426014037913e-06,4.6999393476991e-06,8.402812749424027e-07,1.1748799963288292e-12,415.3261708123947,0.6537250484792614,18.62161,7.912103965441642,85.11090087962812,18.62161,7912103.965441642
0.4027063987355239,1.808198156378838e-05,1.6093494080861194e-06,9.08431467630532e-06,6.173250161421492e-07,1.822317010751601e-05,1.1641936929662638e-06,6.57317498939875e-05,4.4963028049361204e-07,7.55857110713271e-05,1.8632202396618743e-06,3.2230875875334377e-06,1.7434116308506828e-06,4.779748443016933e-12,1361.8678429686247,0.5872016588506737,40.38693,5.775665050579044,94.68056727504354,40.38693,5775665.050579044
1007862.0358366274,6.635879680187361e-06,1.8356444666565263e-06,2.0014254978144993e-06,7.084109817801041e-07,9.784028940011367e-06,7.701496441716768e-07,7.190560862373772e-05,5.873864131171121e-07,7.560866102338367e-05,5.427818761052107e-07,3.871419034450164e-06,6.102968862109966e-07,3.757177950640593e-12,1193.9708096066379,0.722795310546324,37.17814,2.137964163372658,91.71209390296043,37.17814,2137964.1633726577
0.334941375,3.6118346266434934e-05,6.997571000787884e-07,9.752184548252427e-06,1.2244800334865617e-06,7.505109420032058e-06,6.53719027862555e-07,6.358374770137817e-05,3.808570421838608e-07,7.603768914241486e-05,7.332798205721052e-07,8.413128686761146e-06,5.933448914616198e-07,3.2884909275833484e-12,1427.6434374899604,0.4607384807045194,35.34115,18.363521347292533,103.88937804084165,35.34115,18363521.34729253
1007783.818204373,1.2571389046590201e-05,1.2696898570627067e-06,9.259512291118471e-06,5.075205249020159e-07,4.831072892484214e-06,7.696749406267053e-07,2.305731338169064e-05,5.946676267040911e-07,3.842961877368432e-05,1.2490600766848524e-06,3.2351748729533037e-06,5.944918700689404e-07,3.3057729044869887e-12,790.6776592119006,0.428161093235692,23.32107,2.216181795627039,89.15787391622207,23.32107,2216181.795627039
1007392.4078222838,3.829029774323319e-05,1.7666452001479847e-06,3.978835197319712e-06,7.291085756249137e-07,1.9616159436819907e-05,8.4850991397088e-07,6.879165169627577e-05,3.9394279231697287e-07,3.8186200209302326e-05,1.1250250682977953e-06,8.194021434077007e-06,1.3039367098273195e-06,3.5917048726807674e-12,1185.9973928216025,0.48985336578738486,19.97933,2.607592177716143,94.7579757408572,19.97933,2607592.177716143
1008672.8120060536,6.19488968321182e-06,1.993371509446807e-06,6.744791308604277e-06,1.1471817384642291e-06,7.1692072271536085e-06,1.668697647505384e-06,5.027430461063191e-05,7.022031158513596e-07,7.602578659585646e-05,8.971046754171488e-07,5.58489139227165e-06,1.6590236896893923e-06,1.5698345636814627e-12,1141.268077881451,0.5103462544224601,24.84157,1.3271879939463576,91.9990120639536,24.84157,1327187.9939463576
1009616.3376915951,8.438230574117421e-06,1.0109047738588414e-06,4.658492426688556e-06,1.593934664822234e-06,1.9462922086291956e-05,5.610443485445475e-07,2.3010015656012834e-05,6.851888123637942e-07,2.800119578363057e-05,9.930595684601074e-07,5.1782175039086515e-06,1.2581090479043809e-06,1.1821395125045073e-12,1215.1985054771533,0.6834116354222952,39.61748,15.990726598545862,50.38366230840494,39.61748,15990726.598545862
1006885.8620982763,1.604375989929366e-05,1.5964020676545774e-06,4.26478917633329e-06,1.026642272951307e-06,1.7732793610918608e-05,8.497877483379783e-07,4.6053940980906734e-05,5.768010970618426e-07,6.009312450878547e-05,1.876628337496695e-06,5.050972117453431e-06,5.884316398687595e-07,3.4200662889549346e-12,668.9110759955545,0.6690437576452055,28.05998,3.114137901723735,86.82626845645706,28.05998,3114137.901723735
1006060.9851546821,3.2747137889771836e-05,8.972977216593273e-07,4.421616581534745e-06,1.4031016699417606e-06,6.995445646837331e-06,1.4909921922625502e-06,6.518165876194209e-05,5.690249970365355e-07,4.128251262116299e-05,1.8408779799035375e-06,7.402951661840584e-06,1.194359125710308e-06,3.4957517523720605e-12,1069.7888752855786,0.41025622849476195,27.53934,3.9390148453178973,89.17926397198256,27.53934,3939014.8453178974
1005272.5352039445,1.6253945839135815e-05,5.170188717220014e-07,1.3452220769016731e-05,5.733978502236325e-07,1.760274876385938e-05,1.519704149378068e-06,5.4949819231097584e-05,7.093722971352746e-07,2.8422401367529653e-05,1.5548084624865333e-06,3.479448663005648e-06,1.9280722656143097e-06,1.4922259799824302e-12,779.8090861650015,0.4191196451321614,35.58056,28.287522803603036,54.727464796055514,35.58056,28287522.803603034
1005571.0518870045,1.2964923719105497e-05,1.975135158506153e-06,3.3987803915126837e-06,1.502413622372993e-06,5.602876407497773e-06,1.4556038868647304e-06,4.270945334037746e-05,4.655076858782658e-07,3.4885844199262764e-05,8.106091044235262e-07,7.430511017047423e-06,1.6126570791974248e-06,3.969813549502966e-12,633.8922467630066,0.6465610907621228,63.17091,4.428948112995504,83.90003780476343,63.17091,4428948.1129955035
0.17455077106434508,2.3287858501062922e-05,1.593800769977142e-06,3.1635047838024095e-06,1.5772006616039128e-06,4.708302655115068e-06,1.360258962628581e-06,4.85308953083321e-05,4.621902159888163e-07,3.984463237063071e-05,6.472452112404642e-07,3.7027406077274863e-06,7.216447871740179e-07,3.1221131999639007e-12,655.7720760859669,0.7223589999609265,63.61397,7.933778157426196,79.98842087677795,63.61397,7933778.157426196
0.39907880132247897,3.220625011019238e-05,1.4235978831570135e-06,1.3819220904866276e-05,7.821512669718932e-07,4.786098017671919e-06,1.1201513460598789e-06,7.05018273849207e-05,6.296988686934189e-07,4.34986486264163e-05,1.4275498798027544e-06,4.756129241112943e-06,8.681056065127157e-07,3.0635767050560723e-12,458.2054959339855,0.43621688697238437,37.36087,6.8285869471008445,80.8663774123806,37.36087,6828586.947100844
1011917.4763549382,1.7337647389092214e-05,1.686305704609358e-06,4.51972736678554e-06,7.203350907385e-07,1.2660308835287273e-05,1.046560348427688e-06,3.4665810191095346e-05,7.512480534601777e-07,2.308974200433477e-05,1.8818477563920462e-06,7.419799145105246e-06,1.7110740619468338e-06,1.6048551965808479e-12,941.1388163415256,0.432884640466679,65.36552,17.762569540803568,48.082523645061805,65.36552,17762569.540803567
1060000.0,3.995335548296631e-05,9.234284648313392e-07,2.1712444957089198e-06,1.0687870501422182e-06,1.171217024718047e-05,7.308142102818452e-07,3.969578577871195e-05,7.002650765830177e-07,7.816509935798964e-05,7.025649340270167e-07,2.87660509485207e-06,1.2275570744530214e-06,1.4156478082337002e-12,216.14386056237723,0.49747208048281216,-17.1153,0.0,0.0,-17.1153,0.0
1008357.0297122296,5.220724234923089e-06,1.1683244944030926e-06,1.0821082547128677e-05,8.882586153840706e-07,9.712936255775105e-06,1.0989847777752807e-06,3.542203583201916e-05,7.085088287869506e-07,4.474700819180504e-05,1.1929306846519439e-06,8.358678783054196e-06,1.94296803467915e-06,3.3264864052241705e-12,1118.7697070526817,0.7927664767622021,27.47233,1.6429702877703545,88.76626921485551,27.47233,1642970.2877703544
1060000.0,2.6578842116738896e-05,7.205221469711041e-07,4.216990438150773e-06,1.741228717897456e-06,1.8069264946959875e-05,7.793317219472504e-07,3.2810289961558446e-05,7.736713281195274e-07,2.4099205824854394e-05,1.6470557627699973e-06,9.781224145272174e-06,7.040699688891779e-07,2.3781452479784243e-12,367.39407722359755,0.7924044099971039,-13.0368,0.0,0.0,-13.0368,0.0
1004279.195955162,2.55381820154024e-05,1.0103867804605731e-06,5.215904571173104e-06,7.721588421923496e-07,1.4665808886375616e-05,1.1552324501185333e-06,5.4272166211935015e-05,6.384764783667135e-07,4.890330342768978e-05,1.0778419562663885e-06,9.762686195185167e-06,9.530163506537384e-07,2.5199383901042935e-12,269.1618919246682,0.6475223762925594,63.46598,22.707111937532414,55.72080404483798,63.46598,22707111.937532414
1008505.0002695357,1.4058072881604853e-05,9.153329373260497e-07,1.3649190636127214e-05,6.340560842095948e-07,9.850410897440781e-06,1.0852234165337943e-06,2.1660875128082687e-05,4.751676945627435e-07,6.658301946470468e-05,6.137658345328447e-07,5.994216687082735e-06,5.47460020980433e-07,3.1802973264753903e-12,940.6797142894244,0.7789404508368043,17.03176,1.4949997304643239,95.76849398255352,17.03176,1494999.730464324
0.3835311618517592,2.2709272731735154e-05,1.3446441051733449e-06,5.376735265681698e-06,1.3272458580250113e-06,1.823948920192549e-05,1.96211987905929e-06,2.6952297889920863e-05,5.165224339072302e-07,4.218679246631438e-05,1.27397347753341e-06,3.4045743250083436e-06,1.1016872530230766e-06,4.0952068687383895e-12,1430.1481226778374,0.4576932274290927,38.97821,6.9652905259296345,89.84331456824441,38.97821,6965290.525929634
1005145.8690003731,1.535637653620759e-05,1.2857796827175737e-06,3.768777765765784e-06,5.047184335374936e-07,1.0669601915425333e-05,1.341853739253476e-06,3.286834984668934e-05,3.9610215060295714e-07,7.75274760577064e-05,1.1709674068360866e-06,4.691640410114091e-06,1.3762672869381262e-06,3.2511342709111975e-12,523.4393922516444,0.6406101875714487,33.23294,4.854130999626899,87.55874056621691,33.23294,4854130.999626899
1060000.0,2.4224434864532927e-05,6.411268043779235e-07,2.881538523283189e-06,1.2301327625996783e-06,8.872228221487284e-06,5.900872499000921e-07,2.262960577507264e-05,7.663276379022959e-07,4.432147145576591e-05,1.8635580769079776e-06,3.7311844698611537e-06,8.797395481985246e-07,3.0674199247898463e-12,380.0623543668181,0.5373181348532129,-8.45829,0.0,0.0,-8.45829,0.0
0.49175818405253147,6.1029974795033465e-06,8.180800383885369e-07,8.3162666782777e-06,1.6912958719319585e-06,8.939692854066699e-06,6.457880997496909e-07,3.4891013610466454e-05,4.314182249805193e-07,7.842273985015204e-05,1.2024814609617352e-06,3.4552876251700314e-06,1.4177771400718257e-06,2.3236328660170374e-12,226.52099015631993,0.642463770690265,29.98145,5.335237637898743,84.50556250236978,29.98145,5335237.637898743
1005880.5011321858,3.8531286828168314e-05,5.427246727425179e-07,4.241861309975085e-06,6.315751108272833e-07,1.8861981611784787e-05,1.0411961871803766e-06,2.012964950020262e-05,4.894746525924354e-07,2.0781605528337022e-05,1.7535640073146706e-06,4.95227809007808e-06,1.6457181170301666e-06,4.6560090094184375e-12,445.0267242448499,0.6483489587849419,16.63424,4.119498867814158,72.4112501793883,16.63424,4119498.8678141586
0.4873630202119118,7.296922899575763e-06,6.767747809141366e-07,4.009988376319094e-06,1.6750384237319356e-06,1.7376017411641998e-05,1.148249862302927e-06,4.432037300787185e-05,7.335700911235254e-07,5.324828764786587e-05,1.692720631565849e-06,2.6612862348276313e-06,6.145914101323837e-07,3.7363990478553206e-12,239.44416723182343,0.41550971250323365,30.58904,5.328767191523528,80.67986417761144,30.58904,5328767.191523528
1006559.3607996075,1.5291919828402072e-05,1.8869585593734488e-06,1.3310784008765789e-05,1.5309314330619222e-06,6.6054851588337085e-06,7.489087687870936e-07,3.244751610615673e-05,4.1578495963557517e-07,4.10384913534508e-05,1.7416578151162406e-06,4.4552610072714606e-06,1.1542908100565128e-06,4.978655499594537e-12,1395.9988820449687,0.7751273049553248,44.2086,3.440639200392535,85.77488083416902,44.2086,3440639.200392535
0.33719342025731414,3.448142532881403e-05,1.06877700096868e-06,4.3781832142156344e-06,9.303665685486628e-07,4.823999545774356e-06,1.07842338762402e-06,3.19693161722933e-05,4.82081464929949e-07,2.7873665050040963e-05,1.5531218315475919e-06,2.7081588574291957e-06,8.757368878297431e-07,1.7801471977874102e-12,1391.5936520475843,0.7684498592627746,37.66759,9.211986189707435,71.54657606093132,37.66759,9211986.189707436
0.2926418078241276,2.69955589445783e-05,1.7645938061969358e-06,8.322544068090487e-06,1.6000582272958332e-06,4.6892620927857665e-06,1.0278912274443132e-06,5.017696462114159e-05,4.650142823526475e-07,4.15450034405069e-05,1.1097029835620024e-06,4.70793103110787e-06,8.635609016021267e-07,2.409372861758362e-12,461.21171390511114,0.5281265680059066,44.54082,8.932081687034897,77.90939179264926,44.54082,8932081.687034898
0.48100401566888074,1.2690190358307819e-05,6.579651293202497e-07,1.3406154300647565e-05,9.029001768538368e-07,8.057660729324663e-06,5.604966976069816e-07,2.0671861374132868e-05,3.912720734879851e-07,4.354496716919138e-05,1.1641899528967917e-06,3.272225540523927e-06,1.978729929603973e-06,3.45720140406567e-12,1202.0955569242547,0.679560661480175,27.87571,6.39712637324477,85.53698727263885,27.87571,6397126.37324477
0.421810125,1.4975979752105102e-05,5.297064877957146e-07,1.3474739314055209e-05,7.653755189449543e-07,1.0296361955710702e-05,1.7417682619240227e-06,4.2444395358428107e-05,6.005785905345243e-07,5.573231595415071e-05,1.0486870876303232e-06,2.1578768524621954e-06,7.609596408525306e-07,1.3538589558931027e-12,1453.4432455829738,0.42097410209103264,23.75865,10.850219596194167,86.97632344875204,23.75865,10850219.596194167
1027685.8126064845,2.7821163712495085e-05,1.678776773398933e-06,8.857227855765453e-06,1.0338084339127406e-06,5.32941371953661e-06,8.360423037759457e-07,5.272057950005624e-05,7.449184341369287e-07,2.2931034939447577e-05,1.8659736354875278e-06,8.409305432363924e-06,1.3424060827208296e-06,1.1246031224280467e-12,464.690703480376,0.4826947765682499,61.68564,24.923716784301885,32.314187393515446,61.68564,24923716.784301884
1005658.4852778144,1.8937730197203675e-05,5.109257026811203e-07,1.2820708681426902e-05,6.652920402660029e-07,1.2131725839734133e-05,1.8007831619391315e-06,2.01318195180142e-05,4.36180089978353e-07,6.178580807085207e-05,1.5829416509869592e-06,9.75208417844638e-06,1.9645120112808414e-06,3.782240860525051e-12,683.3189106945604,0.7351149243174754,25.59434,4.341514722185566,81.79898185944612,25.59434,4341514.722185566
0.37284022499999997,5.487687974912883e-06,6.085040789412592e-07,3.2843285429155643e-06,1.2631847078914096e-06,1.6539140820052178e-05,8.985565462418277e-07,4.4109196068438667e-05,7.175264184712413e-07,4.7646849473109975e-05,6.642289746202324e-07,8.22624595607391e-06,1.3882497505714592e-06,1.5507781147125426e-12,1097.3656342424126,0.5663549477563945,30.28797,10.927079592641542,84.30846315934794,30.28797,10927079.592641542
0.41482222572261485,1.1817456557503211e-05,7.351820088322554e-07,1.2289282487878769e-05,1.5512694325619197e-06,8.776243703677132e-06,1.148904795626364e-06,4.766975446217888e-05,4.936805516062136e-07,5.248857871328368e-05,9.319060409038005e-07,5.813280353353147e-06,6.811050258692531e-07,2.790366288248808e-12,349.86192216426855,0.7608868562912645,35.0234,6.900090971095404,80.64006605775668,35.0234,6900090.971095404
0.5099047438927418,1.3809015006799085e-05,6.447077016371936e-07,3.8681766250562225e-06,1.8493345667278212e-06,6.044288879347464e-06,1.2850381597548415e-06,7.266389189886506e-05,4.94760308087361e-07,4.2062079322619055e-05,7.41958115059867e-07,5.00632016387577e-06,5.811506506634486e-07,1.211874121344477e-12,1269.7407249456608,0.7536106234852258,26.1079,5.771440244290328,87.66332078785935,26.1079,5771440.244290328
0.404641125,3.606569494311036e-05,1.0788542496779066e-06,5.454837479883647e-06,5.963495257044523e-07,1.9857542226604914e-05,9.578781010368674e-07,2.3273493573805456e-05,4.3210943884920775e-07,6.347504302326445e-05,6.457092755460457e-07,6.823757254672787e-06,1.5292435882574307e-06,1.4756293628520309e-12,999.9170749051308,0.575243424589474,26.04785,16.846744609512374,85.46371911325237,26.04785,16846744.609512374
1009651.0389148263,6.728123645944702e-06,1.1439333144482883e-06,2.172465703979093e-06,1.8241586175676882e-06,1.3741157820267411e-05,6.497419899311943e-07,2.677455719189151e-05,4.640380926415176e-07,4.400302488929159e-05,1.8624204839147522e-06,3.464349137164872e-06,1.867138305972427e-06,4.40898226103677e-12,655.1523827064487,0.48025971919763927,1.927591,0.3489610851736977,142.10119536950253,1.927591,348961.08517369773
1002371.07129266,1.9084554511886375e-05,8.601282701714242e-07,2.7226994439500525e-06,7.492978400611555e-07,4.431482096042134e-06,6.452482925627741e-07,2.618386706895584e-05,6.088255970103805e-07,3.674997287095925e-05,1.6732750650655502e-06,2.2362819030058193e-06,7.029783885024707e-07,2.3412360928410818e-12,923.9090711580767,0.4573453800294499,61.11402,18.4960958685167,57.62892870734009,61.11402,18496095.868516702
0.3961344,3.712856646874055e-05,5.408971701818673e-07,7.947662594256904e-06,8.826102069325909e-07,9.451512824279135e-06,1.1786802912068942e-06,2.5312157535320307e-05,7.582039861922059e-07,3.342075425812618e-05,6.100388184644631e-07,2.363621372458679e-06,6.912712973884973e-07,1.8469567444138686e-12,931.5251534874945,0.7254824262485721,27.18208,11.471942459278914,76.16267657198837,27.18208,11471942.459278913
1008289.1498354021,2.4726984300518394e-05,5.902034198606113e-07,3.144105171973485e-06,1.1946377249437563e-06,9.908925806583468e-06,5.539578164643252e-07,4.9168190361019226e-05,7.450072800067524e-07,7.3330931889504e-05,1.2222846516620726e-06,3.1511347126027583e-06,1.174541902128259e-06,2.062085585077512e-12,1172.4902295244465,0.6731524690704416,0.6985852,1.7108501645978695,155.469989729026,0.6985852,1710850.1645978696
0.203742375,1.7873541299544945e-05,8.068053228078231e-07,1.4641002582186256e-05,9.395022762192343e-07,1.7567564294936146e-05,6.182558267391535e-07,4.207342755030921e-05,4.799465378072089e-07,2.4432725420708992e-05,1.2093119357912527e-06,2.647875885431403e-06,1.911546125459805e-06,4.993088066241255e-12,1346.5187371403847,0.5472312383055853,52.83435,15.526663235502847,89.01811577168974,52.83435,15526663.235502847
1007795.2424639275,5.222495961785639e-06,1.5272126500434686e-06,2.6731579387540835e-06,9.459685591684302e-07,1.2554749914571119e-05,1.0592161700257373e-06,2.739611311019726e-05,4.963535821513721e-07,6.409761585724634e-05,8.155712057407972e-07,9.107027072773766e-06,8.964414789756315e-07,1.9587440158893654e-12,1153.4840784073274,0.5775571553479855,27.36866,2.2047575360725267,91.29249870039342,27.36866,2204757.5360725266
1008661.4327270275,1.1214214459773458e-05,8.276659569631237e-07,3.857532376307555e-06,8.692036399681634e-07,1.2812396932013266e-05,6.651862077978886e-07,2.7017957625806458e-05,4.193018700038403e-07,2.619340974058331e-05,1.6785462299845868e-06,5.779351078771808e-06,1.1791542884943918e-06,4.259127776754095e-12,912.6671710697583,0.705590631938214,15.25886,1.3385672729725804,94.84803246453086,15.25886,1338567.2729725803
1006875.2207745205,1.1684728960080622e-05,1.2209465943227126e-06,3.0751588080467006e-06,6.08219079950678e-07,4.764345075433187e-06,1.2349690463218623e-06,3.0327793718596822e-05,7.000637664020166e-07,5.852914982706596e-05,1.1868948925155247e-06,2.17068887094432e-06,6.756538761301503e-07,2.4300595145942254e-12,403.7351508255816,0.5537162004027426,29.27438,3.124779225479478,87.44047489359774,29.27438,3124779.225479478
0.4014590143019606,1.4666275800441143e-05,6.419934426074862e-07,4.882754997694305e-06,1.3085229408842406e-06,7.444609343942718e-06,1.260492098594202e-06,2.9213596171053808e-05,6.531247646372682e-07,4.367258749145874e-05,6.205895743931852e-07,3.818823647440154e-06,1.478073307621396e-06,1.3748745770305099e-12,734.6766509967885,0.5874319054058149,27.05947,9.823798427921574,83.1879303899085,27.05947,9823798.427921575
1001157.8150882438,3.0400399809581042e-05,5.992002654935235e-07,1.3059692674817596e-05,7.75086487444294e-07,1.7956146363938814e-05,1.168493569669544e-06,5.54287796441905e-05,7.245350613077006e-07,5.1066557837095136e-05,1.4885673655572957e-06,2.295972671266732e-06,5.0604492230691e-07,4.005773372684826e-12,268.5785176676602,0.7410403701363414,41.55879,16.74256833885822,58.84218491175624,41.55879,16742568.338858219
1005299.7713455322,9.591854260638258e-06,1.7454602640447192e-06,3.0107425409969345e-06,6.160869461774054e-07,5.635713266924801e-06,1.6036474680511098e-06,3.3078186135092146e-05,7.440763458099071e-07,4.490565207967224e-05,1.5762638190203603e-06,4.296371137259103e-06,1.3261154991277043e-06,1.594117400284793e-12,331.94933565733356,0.624755022406019,36.60838,4.700228654467844,80.84177286609162,36.60838,4700228.654467844
0.368830875,3.254534424516241e-05,6.172957605894802e-07,4.616821324744814e-06,1.0458024540696835e-06,1.0819953173913179e-05,6.226791351395115e-07,4.3009114113708325e-05,5.237725028260348e-07,7.81695124734672e-05,1.3012763922616759e-06,8.563580148341065e-06,1.934887188647035e-06,2.9108818668262367e-12,390.64017744317846,0.5779615554126172,30.82255,17.377180775818005,71.22660490593265,30.82255,17377180.775818005
0.31115894999999993,2.4066403145597315e-05,6.034045503394925e-07,4.3090728273140525e-06,8.460058287942701e-07,5.262656094862299e-06,5.140242183684265e-07,5.191829460985795e-05,6.917639346045227e-07,7.269642216797698e-05,1.1248888129814902e-06,2.6799474214080835e-06,1.7266504966095267e-06,4.7665954430277795e-12,1430.5853014684487,0.6267132024283076,38.51214,11.180597512903718,98.53141502242913,38.51214,11180597.512903718
0.4449605993838776,3.153188870798793e-05,1.966500560586083e-06,1.1933385551153626e-05,5.501054051267287e-07,4.970286010918675e-06,7.579681236931565e-07,3.451519185630649e-05,4.056414948393379e-07,7.92160960932873e-05,1.4968556253136854e-06,5.869130066250451e-06,1.8962513676802651e-06,1.6755550093426087e-12,1124.830635865155,0.779504709799818,32.00985,6.5986210246448955,81.8551090629971,32.00985,6598621.024644895
1008081.0262603138,5.942813800366191e-06,1.1531859114737526e-06,1.00111028929195e-05,5.111827540376986e-07,1.678323226227506e-05,8.922236668504115e-07,2.5282170347104013e-05,7.104055217625684e-07,2.609993644951515e-05,7.373858722280063e-07,4.6216396285863265e-06,1.7799665280593125e-06,2.1989838506033012e-12,1377.5616490613409,0.4208044280094061,18.02531,1.9189737396862305,94.39969922555973,18.02531,1918973.7396862304
0.3265818966959822,8.215451589899542e-06,7.648624560172298e-07,4.9416522843704395e-06,9.112377021105276e-07,4.269109937828151e-06,1.4142089026810599e-06,5.73395319131708e-05,5.1899302547543e-07,2.2353308382048824e-05,1.073668205083316e-06,2.4680293852966416e-06,1.940592665912382e-06,2.7307117975295076e-12,1155.0336453746881,0.40768486351582545,44.66475,7.53729913216071,86.3197909621164,44.66475,7537299.13216071
1008261.9382455287,1.1034439474032206e-05,1.7520812029953386e-06,4.300986639015306e-06,5.255741832142453e-07,1.1795074154774187e-05,1.3137695050103874e-06,3.184948014397204e-05,6.836337481328732e-07,6.530771002489969e-05,1.482714374726191e-06,3.851652629923963e-06,8.034373162935242e-07,4.5610327386825455e-12,1134.8522390429998,0.6209530597713693,29.24495,1.7380617544712704,90.56458217123273,29.24495,1738061.7544712704
1007173.9615400028,1.3817448721133597e-05,7.23640500568212e-07,1.2597188638361386e-05,1.7870156012381774e-06,4.5848946817324425e-06,1.2591456618033867e-06,3.110675376461426e-05,5.404368456237917e-07,2.3408792915470438e-05,1.5384847730568208e-06,7.320794963386644e-06,5.799897129650874e-07,1.1272327348879232e-12,685.4047781560341,0.4616024511215353,38.45984,16.692410284771384,52.826038459997115,38.45984,16692410.284771383
1005777.990095484,2.647023806496219e-05,1.4719751905093479e-06,1.139756316063544e-05,5.067304703980491e-07,4.087513470868668e-06,1.5304675860133123e-06,6.682181600368208e-05,5.89427146706134e-07,2.4836942441294612e-05,1.191065503175516e-06,8.12974783443848e-06,9.47058857946016e-07,4.078320997026363e-12,1221.9711226554177,0.4423330951111471,38.24374,4.2220099045160735,87.24554653672918,38.24374,4222009.904516074
0.3271482111658094,6.44358366074287e-06,1.327116719574815e-06,2.989670769410106e-06,1.4065181430536935e-06,4.558115451100844e-06,5.677815065873554e-07,7.47868097381177e-05,3.6110587844797213e-07,5.992614042920096e-05,6.907097500353337e-07,2.1675919991503772e-06,5.581883476513417e-07,1.674763357543695e-12,888.1335254790645,0.5904176438377826,44.12112,7.677735553367626,86.04252214489564,44.12112,7677735.553367626
0.4159930572414232,7.536148307358918e-06,1.966812129701384e-06,6.773960894437661e-06,6.471310294869454e-07,6.359276863099117e-06,1.2766107205638668e-06,6.634632029668593e-05,3.780497037372482e-07,2.5844471393025094e-05,5.043953159299966e-07,2.654266396792343e-06,6.576723851225292e-07,1.2605983408273865e-12,904.5979659860157,0.7890894865672159,39.26509,5.58075071034307,84.30910504210897,39.26509,5580750.710343069
0.382822195200509,2.1433999265231778e-05,1.3247647490787422e-06,2.3299249283558383e-06,6.480136500902909e-07,6.709849164380049e-06,1.977888125224887e-06,2.5050634626354732e-05,5.978820628531519e-07,4.5460589944667555e-05,1.1511756086682564e-06,4.520289618384461e-06,7.426766007790554e-07,1.9866757834400778e-12,1271.8091416968907,0.6941772617124637,39.10776,6.9547841919796385,81.5934936686206,39.10776,6954784.191979638
1006965.5107929833,1.5069719201834676e-05,1.2394364783273813e-06,1.4067307128008346e-05,7.087439128293729e-07,1.3467625591501935e-05,5.468839679813122e-07,2.181871221649036e-05,4.7388702431123794e-07,5.524440501049178e-05,1.1807395580701793e-06,7.457276091622825e-06,5.586060962535151e-07,3.422286010603372e-12,1130.9426246561975,0.40479957752575774,21.30393,3.034489207016711,92.12579626357304,21.30393,3034489.207016711
1006852.3318183189,2.350236751376555e-05,5.650550646851329e-07,6.541650274510468e-06,1.7809743867679343e-06,7.1568764409599485e-06,1.285350331966151e-06,5.1208776904693486e-05,3.7944466291779486e-07,2.877617041990035e-05,1.6015294779426394e-06,4.131583674320055e-06,1.3989896545425481e-06,2.166802385783299e-12,849.6034099930622,0.7053649916919692,19.54316,3.1476681816810568,90.61796760545992,19.54316,3147668.181681057
1007907.8065405111,9.595460979858244e-06,1.997499102082043e-06,2.934547021999724e-06,1.128540546467977e-06,4.284554284631177e-06,8.155187373480734e-07,3.8102604924897346e-05,5.204674234512546e-07,7.194488102432278e-05,1.61660051448471e-06,9.563608754033261e-06,9.508223468921089e-07,4.250466926485669e-12,787.829330552297,0.45683315616208076,38.19566,2.0921934594889406,89.31146259606011,38.19566,2092193.4594889407
1007441.2414084023,2.3811462775228443e-05,8.945253836457694e-07,2.1011223295058003e-06,6.066196147693271e-07,6.6594784286387675e-06,1.9718150909011035e-06,4.804499254519393e-05,4.952400428331507e-07,2.0390544906923924e-05,1.4977016016061273e-06,5.802148279547912e-06,6.353220063283973e-07,2.5968405961473566e-12,439.0825046754771,0.43793848161813426,22.4671,2.5587585915976443,89.37477717941931,22.4671,2558758.591597644
1008253.8921717209,1.1280843394972105e-05,6.154867289505916e-07,3.94640339988593e-06,5.152560138151691e-07,7.520008345559439e-06,7.615677345252988e-07,7.518222031133322e-05,5.582166641519735e-07,2.742475213559827e-05,9.81506374618104e-07,6.410545703273505e-06,9.111196854596559e-07,4.593628577697096e-12,407.7668445821462,0.7876399656110681,19.71728,1.74610782827915,92.17430605671184,19.71728,1746107.82827915
1007505.8976390713,5.6615981185484745e-06,1.8958946941576474e-06,2.288636995361071e-06,7.827182566641862e-07,8.615077085170003e-06,7.467222949847161e-07,2.770804341738807e-05,7.646105926832496e-07,6.093385823784732e-05,8.905020436889788e-07,2.0421796991386617e-06,7.663181358065016e-07,1.2907981012785638e-12,1019.5967458471321,0.6736230272605425,27.07105,2.4941023609286463,89.70427143516362,27.07105,2494102.3609286463
0.36418612499999997,1.2200939943928518e-05,5.92010543990551e-07,2.595897217150053e-06,7.390758024637288e-07,1.2842312101872295e-05,1.530760489478041e-06,6.626261195970147e-05,4.835750651123791e-07,7.678696417523217e-05,5.457264915423461e-07,4.106995745193723e-06,8.913112109342567e-07,1.4008881236169149e-12,624.0608021226994,0.49337533983631765,31.44185,17.30612376411622,86.45448663670727,31.44185,17306123.76411622
0.1463319,3.064435503606897e-05,7.71145010372354e-07,1.2657757446761379e-05,1.9252632762064353e-06,1.4191028796982717e-05,1.0792218749259425e-06,4.451956805661863e-05,4.6893237320815055e-07,2.6185271140966363e-05,5.96364256039362e-07,3.357232632179916e-06,1.2019388201525907e-06,4.773036025914668e-12,497.6047115067865,0.6371339130681369,60.48908,17.20387070015259,68.17097105542938,60.48908,17203870.700152587
1009483.3752897709,8.18499606387507e-06,1.5575883188963653e-06,5.35271793188427e-06,9.589351003748835e-07,4.126844603697711e-06,1.0153104548637706e-06,2.2833710514227382e-05,6.553296391799765e-07,4.74765135533397e-05,5.596572040762091e-07,4.407401988779626e-06,1.1528457970028062e-06,4.194882175474811e-12,1445.7545693678771,0.5064029278365536,19.68289,0.5166247102290803,95.6232485565825,19.68289,516624.7102290803
1007740.7397763185,1.2731962163079547e-05,1.4690326246846538e-06,9.850308993707767e-06,7.33272190523671e-07,5.035828917905203e-06,1.6194967419283943e-06,2.1705226925741307e-05,4.3834424278475816e-07,4.8103425761096575e-05,7.869962986022029e-07,7.543383084367638e-06,9.76103639933545e-07,1.2651255723768763e-12,554.5848372851901,0.528014267935448,20.78404,2.259260223681508,91.70247214553257,20.78404,2259260.2236815076
0.25738859999999997,3.8794542365256054e-05,1.1563210777731627e-06,5.8929702485059495e-06,1.5672907970548424e-06,1.1310554105685552e-05,1.8861591222585513e-06,4.5794501166142226e-05,3.9631698120526403e-07,5.52831505365805e-05,1.3860600495412953e-06,2.7370917924641324e-06,1.5132989282626428e-06,1.5755364393651702e-12,1227.9220960200694,0.569196530284423,45.68152,23.546739934293136,68.84214625765237,45.68152,23546739.934293136
1005668.0213488468,2.743009471882265e-05,5.076225379653787e-07,3.383844357441523e-06,6.105236981899265e-07,4.166127293020094e-06,1.2339380215120406e-06,5.754726079171626e-05,3.8335226193649683e-07,3.810232310292965e-05,1.7649327929373374e-06,2.5363446862782904e-06,1.1906750526785028e-06,2.4440671496175922e-12,971.9985848470111,0.7033846268477649,26.16583,4.331978651153158,88.50204233724689,26.16583,4331978.651153158
0.5484043611883994,6.255662636396194e-06,7.305749093391635e-07,3.487407280371282e-06,1.3310764765247865e-06,8.297103331434702e-06,6.266805774824802e-07,2.390100637831769e-05,7.724456726706979e-07,2.3748392872151695e-05,1.664946011063889e-06,4.867023367292706e-06,8.337252817309493e-07,1.6609761120274049e-12,1136.6516209210288,0.6200508476062574,23.52117,5.007474552464022,77.86706413713465,23.52117,5007474.552464022
1016955.1142788251,1.848904894854602e-05,1.2248937695410697e-06,4.437615946327203e-06,7.863377008075765e-07,1.5362085044696315e-05,5.245193784560062e-07,2.9604527701421053e-05,5.655244159049241e-07,4.3986452627873884e-05,1.7011604580444636e-06,2.188133874661546e-06,1.3514802801245758e-06,1.2364339106030342e-12,283.0412730949621,0.42715786141130757,46.3901,29.6969548586065,43.044885721174886,46.3901,29696954.8586065
1008505.4124655625,6.852535385406408e-06,1.0320845525669908e-06,1.329520477249144e-05,6.925677888325408e-07,1.3475484580577512e-05,1.924707038501746e-06,3.19610786541253e-05,5.004970353831189e-07,5.663529373961116e-05,9.895958827599996e-07,4.808908347651499e-06,1.034804825732793e-06,2.80938995449907e-12,714.7872187417938,0.4619936035516784,18.97033,1.4945875344375,94.3591136136999,18.97033,1494587.5344375
0.40997212499999997,2.7674127907003504e-05,1.5462014579907736e-06,4.937343578905597e-06,5.866200535606183e-07,1.7342763060529813e-05,7.1772813591819e-07,2.786647947759149e-05,6.024162909855611e-07,4.333008769218301e-05,5.377345979582211e-07,7.765815100306365e-06,6.835125528757117e-07,1.0706135015086173e-12,484.7011751389955,0.49306626006950743,25.33705,13.779791109901463,81.58341451031741,25.33705,13779791.109901464
1006190.467143943,6.867668168377363e-06,1.671294851313e-06,5.483673052483457e-06,7.823578267588957e-07,1.3503784743101727e-05,1.2662181720448151e-06,2.0541071821949465e-05,6.634085128570803e-07,3.957130181599812e-05,1.265128692589479e-06,6.141851076373451e-06,1.071819643996832e-06,1.066718140516532e-12,966.5692601115053,0.48353464373798966,25.06165,3.809532856057051,86.50955279863737,25.06165,3809532.856057051
0.34420995,1.679716265701354e-05,5.049823073783379e-07,8.225630116008121e-06,1.1197420565947736e-06,7.233751615670861e-06,1.7376745938160779e-06,2.5111676663650056e-05,4.2666926852352146e-07,4.2060324074097467e-05,1.7781799436077467e-06,6.625843026239654e-06,7.385841954736911e-07,2.447997418071034e-12,864.1435109447368,0.46394532869703276,34.10534,11.130990111785565,76.28373127814986,34.10534,11130990.111785565
0.22155097499999998,7.603616901035944e-06,1.1608946260353848e-06,3.923968484839457e-06,7.868257987211323e-07,6.081785995443679e-06,5.898153691456022e-07,2.970618748728647e-05,3.683799983263937e-07,4.616295940052093e-05,1.2335508903282258e-06,4.5579170190592966e-06,8.774456317561279e-07,1.3464556403550208e-12,254.1581146693801,0.7218543264470387,50.45987,14.292826620327501,66.4180874105823,50.45987,14292826.6203275
0.378119157498167,2.3431352371040773e-05,1.6800086259916205e-06,2.9934159113399137e-06,1.1022213296738005e-06,1.3316234350555615e-05,1.5865130591120555e-06,5.092636221449121e-05,7.307727968621601e-07,6.214854368764546e-05,8.246630331816661e-07,2.1828871559664493e-06,1.19105106378203e-06,2.4900540023851193e-12,1349.6945574628621,0.5009330308938207,37.1394,7.733413700073319,89.36111643077383,37.1394,7733413.700073319
0.262814025,1.4472339432233692e-05,7.683327373245885e-07,3.093241762720104e-06,6.425311459039611e-07,6.846497477795637e-06,9.99435540548686e-07,5.425981792432295e-05,6.397036604786855e-07,3.7731479411841465e-05,8.594638010245004e-07,6.729062683879976e-06,1.7920835524399093e-06,2.165849738033638e-12,975.7624869864077,0.7180012702547944,44.95813,13.855524273202269,75.04950643427122,44.95813,13855524.273202268
1006778.6655686921,2.001487963937561e-05,1.8348350220897376e-06,2.338835159067423e-06,5.801601786649496e-07,4.001743324437878e-06,5.221006548899298e-07,2.1436302498164524e-05,3.63237477023707e-07,2.9250527517915125e-05,5.000065706621219e-07,4.09368116432987e-06,1.373156878421448e-06,4.697381546195611e-12,326.4024709880291,0.5472199058988948,35.10223,3.221334431307811,86.96796791242198,35.10223,3221334.431307811
1007792.172833572,1.9149627744794875e-05,1.9210304622508756e-06,8.916432351490698e-06,8.383600834177177e-07,6.2770659417520175e-06,1.237348544546317e-06,3.020819231084689e-05,3.7020096787239685e-07,2.3622358840447664e-05,6.086463745344576e-07,4.172618858682797e-06,1.8206975463504086e-06,4.867269204330195e-12,1388.9358830903898,0.44813000833811273,32.86384,2.2078271664279208,91.2886349463578,32.86384,2207827.1664279206
1002322.8955288436,1.879213985239704e-05,1.8723497950785512e-06,9.879745852285291e-06,1.6941729203006948e-06,1.79279327351981e-05,6.369105077231993e-07,2.337835686245951e-05,6.421806305794287e-07,3.759365417477188e-05,1.7086773656968415e-06,6.120081935135049e-06,7.301521889271479e-07,1.0369743826871432e-12,932.1998478743619,0.425313537512523,35.78048,16.488408475273346,57.67710447115637,35.78048,16488408.475273345
1007740.3671764893,2.1073129180838047e-05,6.740610412596969e-07,4.45554586455617e-06,8.437280938978145e-07,4.246533288594747e-06,9.106540830470392e-07,3.8142599406853615e-05,4.1399800628932125e-07,2.0371301102796923e-05,1.7348563705173697e-06,5.754143778449418e-06,1.8906178283637977e-06,4.097891119962627e-12,1122.8722681555091,0.6875483348344897,24.41231,2.2596328235106578,88.33847162849676,24.41231,2259632.8235106575
0.28302005390553997,7.6212307120357156e-06,7.242546143989103e-07,7.73407461808796e-06,1.900500252386805e-06,5.4139613436109244e-06,1.300756034832675e-06,6.15051772084929e-05,7.973453547745419e-07,2.1261541660322005e-05,1.0915845933289715e-06,7.94412450999871e-06,1.0851457222934546e-06,3.099836745113643e-12,1229.5529045237388,0.6862277294649379,52.08029,7.055110843778402,76.7338938239474,52.08029,7055110.843778402
0.35809522499999996,2.3417351168475795e-05,7.438245228198705e-07,2.390008315943729e-06,8.319647493092802e-07,1.4986996309329681e-05,1.0637664820220206e-06,3.35551666822349e-05,7.39677999299588e-07,5.47324791379383e-05,1.0581425748238585e-06,3.3511782695864103e-06,1.2130410470290073e-06,1.9252269924867126e-12,954.2753288322161,0.5488439663275605,32.25397,21.75247851814929,63.703748365510464,32.25397,21752478.51814929
1008450.9287965471,3.865187430091527e-05,1.4485671637878567e-06,2.6928866790939607e-06,1.2704291184825685e-06,1.6739567774560152e-05,1.275816988247445e-06,3.520185746464508e-05,7.757098016892593e-07,2.2546306598769326e-05,7.10250877161275e-07,2.495957981636326e-06,1.80179908875919e-06,2.8259213672283487e-12,785.9993679807656,0.6156847174817323,1.964044,1.54907120345289,138.96778540567138,1.964044,1549071.20345289
1007234.9658334439,2.0576719658611892e-05,1.7165142259314887e-06,3.995517874555e-06,1.785833236595746e-06,1.945125664446859e-05,6.11362931522319e-07,3.211616784068378e-05,5.966423243546131e-07,5.6161745930901594e-05,1.6269790971384278e-06,5.0352832795264444e-06,1.9378594740880587e-06,3.579137780036996e-12,1272.091155508006,0.5585400703005297,17.69661,2.7650341665560756,93.05034672256343,17.69661,2765034.1665560757
1005366.4443896953,2.770852882789838e-05,1.6951888817237751e-06,1.4715723494321393e-05,1.0628908659711862e-06,9.230453316055025e-06,1.1102843320714802e-06,2.8469838842120326e-05,5.587160851218778e-07,7.384906834589945e-05,1.3941854996645873e-06,6.013578028259148e-06,1.4901406286776307e-06,2.197465883293328e-12,623.1334883824818,0.7345875137952358,29.67962,4.633555610304701,82.59383180122752,29.67962,4633555.610304701
1006723.3511624406,1.086709536211907e-05,1.832554536245191e-06,5.738428068301836e-06,1.5569491208774924e-06,5.6909444228392364e-06,8.135307120074537e-07,3.5210284775487056e-05,6.560486056069996e-07,2.3179561208767473e-05,1.2149851615808608e-06,4.15069284501344e-06,1.5896383241021777e-06,4.224175554026295e-12,444.8304722537283,0.40023844806308606,41.75846,3.2766488375594176,83.12961746886997,41.75846,3276648.837559418
0.36063825,2.604094827991641e-05,1.0062732891449549e-06,2.4852058020516686e-06,6.10774230730336e-07,4.49293660093382e-06,1.8663521223547806e-06,2.7965860058514262e-05,4.978973212633656e-07,6.278691430313025e-05,1.0599041216378419e-06,2.3363697200922474e-06,1.546480562997516e-06,1.0385555206413388e-12,240.4266773500986,0.4484302139493448,31.9149,10.497034519826869,80.66649362463882,31.9149,10497034.519826869
1005090.2575754055,7.356759584814477e-06,1.4662546679293872e-06,2.3091571920120816e-06,7.104809158003089e-07,1.8483717076050728e-05,8.974074431704069e-07,3.2830314695668405e-05,4.966588040046441e-07,5.262094032447822e-05,7.580847012263281e-07,3.7329634408407704e-06,6.675264044002704e-07,1.9930827874460953e-12,966.5980353610395,0.5913757939196217,32.5479,4.909742424594417,88.59358650455778,32.5479,4909742.424594417
0.33295695,1.7955297177627724e-05,5.298844759231744e-07,5.382411309231889e-06,5.223309429269973e-07,6.690723229233929e-06,5.219851396139847e-07,5.282654312704454e-05,7.160562998407656e-07,3.404659554355973e-05,1.0555790376548655e-06,2.3417138338380087e-06,1.2988026954420691e-06,2.713459670092397e-12,656.3713977773411,0.7885449400092607,35.60574,13.915147560118033,66.21880683135133,35.60574,13915147.560118033
1060000.0,1.3859982064910095e-05,5.193058051074311e-07,2.162071206731664e-06,9.827502970983866e-07,1.718856949021643e-05,9.657646568318523e-07,4.2500208148301e-05,3.846569773715218e-07,5.458699464998572e-05,1.3483705096919558e-06,8.824653098721314e-06,9.391141244226718e-07,3.338604962523469e-12,513.7922315649043,0.7936000986971841,-10.6193,0.0,0.0,-10.6193,0.0
1006792.9310437549,5.370120809552302e-06,7.68239024623649e-07,9.574054767094824e-06,1.634992918139672e-06,5.66794579333652e-06,8.834462000512683e-07,2.0287455095950048e-05,3.988637050891195e-07,6.613588918476285e-05,1.4759765619466395e-06,9.014530742472788e-06,9.25856136319938e-07,2.2435393715389426e-12,802.1339711335561,0.6788524197490512,26.4947,3.207068956245117,87.0627619271328,26.4947,3207068.956245117
1005024.7602692825,1.1208042456891323e-05,1.802452131973142e-06,7.465511533141359e-06,5.349328682848858e-07,1.0266431324544069e-05,1.316249627261507e-06,3.950945655739475e-05,7.399384290098215e-07,3.0037795820612037e-05,6.265460125262143e-07,3.1910356911245947e-06,7.915932461438202e-07,1.1930516208617192e-12,401.2350474233493,0.734949773778977,28.34088,4.975239730717537,83.37047985078667,28.34088,4975239.730717537
1009320.3212802935,7.564775860550012e-06,9.811155093770138e-07,2.023071731548144e-06,1.4655886438805153e-06,1.4655169589055365e-05,1.7542081280464648e-06,5.835779356040954e-05,3.7283587065229816e-07,2.576398218185552e-05,8.011480736476898e-07,6.004124226253395e-06,1.6144881337345554e-06,1.4450310311906746e-12,778.0663382332328,0.680312010491017,6.915136,0.6796787197064855,115.80603384322544,6.915136,679678.7197064855
1060000.0,3.328715538905224e-05,5.755748427484807e-07,2.647543888318921e-06,1.3954329314834434e-06,1.8355052171492342e-05,1.0909171262537453e-06,3.671054642807651e-05,4.824596811311102e-07,5.2701440603451994e-05,5.144401719788529e-07,4.657058804807201e-06,1.3082372329889808e-06,2.777976227636352e-12,338.22654369631374,0.589463201265147,-21.7342,0.0,0.0,-21.7342,0.0
0.4618938219091089,8.929842395519746e-06,1.08264714481789e-06,4.683054302669982e-06,5.472798635159396e-07,6.105654669063294e-06,1.8626079809457018e-06,3.283615435716453e-05,4.959954275958859e-07,7.153002284663676e-05,1.7571440653710313e-06,8.184672104103453e-06,5.91324416777039e-07,1.297866046605173e-12,941.5468114825183,0.66585637985622,31.95696,5.937159123635645,83.86994004460414,31.95696,5937159.123635645
1008733.3658044264,1.2642715345516909e-05,1.990375845619429e-06,4.243313547831163e-06,7.199723297595279e-07,4.454145378857042e-06,1.4948454432775728e-06,2.58653438466805e-05,5.007424724210791e-07,4.344930690100078e-05,6.899178946317192e-07,2.535416131911884e-06,6.014137027203331e-07,3.0924964972291756e-12,214.55170723360865,0.423997594446528,26.58071,1.2666341955736444,90.573131862171,26.58071,1266634.1955736445
1006238.553511895,2.5744446936350287e-05,5.845932864009829e-07,7.651438375626818e-06,1.1259522923468187e-06,4.057430708085128e-06,1.6943938874421747e-06,2.4185185177296816e-05,7.509321838609476e-07,6.594079914619362e-05,1.5182933723935038e-06,2.709583741244251e-06,9.656144060002777e-07,2.1608317524830435e-12,328.76111808526036,0.5551430152447001,25.18594,3.7614464881049554,84.64698056120267,25.18594,3761446.4881049553
0.2672776385115193,1.8663113545550404e-05,1.0590756619037923e-06,1.0103351318925721e-05,6.122635869800174e-07,4.906797501591933e-06,1.0137738007284155e-06,6.59956506486787e-05,3.8008608909493647e-07,4.074912768548548e-05,1.965264411899395e-06,4.974587136209481e-06,7.042383229601566e-07,3.3621230976824285e-12,1291.7022318639647,0.5446890054273861,46.39584,9.390142459539225,88.68195467332234,46.39584,9390142.459539225
1006985.0192640823,7.988663946038414e-06,7.194353257440095e-07,2.2555244603704817e-06,9.09876138141799e-07,1.6241693661998415e-05,1.4755614458770767e-06,2.0781941967054816e-05,6.154948025068571e-07,7.268007774640377e-05,8.594898189721119e-07,5.307755722016913e-06,1.6630953125856017e-06,3.3362216094286596e-12,365.5242556570138,0.6459583102148411,23.38387,3.0149807359176464,90.08556158427555,23.38387,3014980.7359176464
1008165.4758681582,2.5872200811119387e-05,1.7141439661097001e-06,7.351152198534362e-06,1.4248996636068272e-06,5.1522576937270714e-06,1.1470733932240368e-06,2.979882318046363e-05,6.674267646604097e-07,3.643899209164498e-05,5.218937476279986e-07,2.2253352904044006e-06,5.624065608251838e-07,4.1998804699307605e-12,389.2329231261721,0.6565600485800163,30.66026,1.834524131841794,87.83535225196374,30.66026,1834524.131841794
1009278.3853288543,1.0781540911665384e-05,8.624631285682898e-07,5.099201328062342e-06,1.530096633586334e-06,1.7502210686206026e-05,7.615410850247882e-07,4.200560677546763e-05,4.674470735188934e-07,3.0658428048872576e-05,1.8621791660475039e-06,4.555239198365182e-06,8.539288101496007e-07,4.063628964036236e-12,1094.987196225147,0.6780998246675363,9.699824,0.7216146711456319,106.40756676038018,9.699824,721614.6711456319
1016900.8917708539,3.41139543874466e-05,1.1570166577453954e-06,7.576231104636171e-06,1.1080140855792521e-06,8.513463056373623e-06,5.672180665363984e-07,3.943156779895559e-05,4.732013908176871e-07,4.095373864397435e-05,1.1997482816782375e-06,2.9983747587771634e-06,7.251861364128062e-07,1.5473781246551337e-12,575.631049072474,0.6054071641798087,55.11298,34.57848380985015,43.09910822914615,55.11298,34578483.80985015
1007756.1902575347,9.587023667193847e-06,1.7551832231585275e-06,1.2442309555013593e-05,1.0958344388760086e-06,7.009068027799458e-06,7.645566273267631e-07,6.283073372692329e-05,5.442827740862126e-07,3.538354234536879e-05,7.208746380609713e-07,3.9562808388315795e-06,1.246793256753654e-06,3.443725108602379e-12,1357.7155144733294,0.45571106911374454,30.98155,2.2438097424653183,91.09315585848938,30.98155,2243809.742465318
0.4157153766563458,2.478946417904537e-05,7.526393364579071e-07,7.985232179229033e-06,8.252904658433349e-07,9.58173327297143e-06,7.803996183417005e-07,6.0463365378239004e-05,5.728564179864726e-07,2.5435284287732972e-05,1.3652691538785132e-06,8.1927469083499e-06,1.2118328495003867e-06,1.3925210622955852e-12,1226.9285337886029,0.7321557055037382,24.64109,9.979057933746168,79.39412786282003,24.64109,9979057.933746168
1005737.83795068,7.3165401944313076e-06,1.2268464283650531e-06,5.443731142843131e-06,7.028397183949497e-07,8.721705989473821e-06,7.27732923867654e-07,4.396571015243223e-05,5.52928637294162e-07,2.4498269345995457e-05,1.1582667245693459e-06,3.002927665108819e-06,1.909278298891815e-06,3.701200951601614e-12,1479.0278361067567,0.4013068290547919,37.96313,4.262162049319977,90.34116189269099,37.96313,4262162.049319978
1008682.2949946686,7.4060914338610775e-06,1.825439678880768e-06,1.2969308858649286e-05,9.392109487599994e-07,1.9707749960398887e-05,1.1228515573229656e-06,2.9366744188414485e-05,5.663544567789454e-07,2.636054193107606e-05,5.366249655370956e-07,3.9809302354474426e-06,1.9498907894274316e-06,2.6066163483173615e-12,819.2786013210109,0.5547538766656577,22.07073,1.3177050053314643,92.08021407132401,22.07073,1317705.0053314643
0.247834125,6.409724797362848e-06,6.426964711051247e-07,4.1420963672496585e-06,1.518450181303562e-06,4.366720104816049e-06,1.6181545700698935e-06,2.9377508446626043e-05,5.578432876432193e-07,2.90155963275857e-05,1.4822011774509245e-06,8.87360201159011e-06,1.2954456976979403e-06,1.3906373172198486e-12,1358.7050002693088,0.6266269357796904,46.95545,11.495969502254084,67.22964343209705,46.95545,11495969.502254084
0.4569075046440932,5.103533242632807e-06,7.984155847450281e-07,7.0369305697895674e-06,7.342522103874847e-07,7.988755813830434e-06,6.882366680615419e-07,4.712928527742397e-05,5.677869030172252e-07,2.8948158048632275e-05,1.075667047876995e-06,7.739298646439369e-06,6.170271138662142e-07,2.4379615679176904e-12,611.7331325341506,0.48794892183495264,32.99607,5.824878814236272,84.17455842619701,32.99607,5824878.814236272
1060000.0,2.6705389459596072e-05,1.5694278897593187e-06,3.0115563841420566e-06,1.1749450355183492e-06,1.8586953414931942e-05,5.673675331621757e-07,5.5825033728868414e-05,7.86491214614747e-07,2.906853404378834e-05,9.811286008731324e-07,2.3329745589093354e-06,1.6141386837191447e-06,1.4270981346691628e-12,797.3585970140201,0.46625702348913306,-6.19081,0.0,0.0,-6.19081,0.0
0.21884692499999997,7.172904508197317e-06,6.786234717401903e-07,2.4831337932291026e-06,6.961844456770117e-07,6.571858571220745e-06,1.1167259170375e-06,4.5929869002612315e-05,4.902373136128821e-07,2.6884518305789962e-05,5.746411556960524e-07,2.2821465772336104e-06,1.3424329418057232e-06,2.038513011228575e-12,1160.913705487206,0.5537902082520317,50.82041,13.309449749635938,82.58027257092874,50.82041,13309449.749635939
0.4452620029095638,1.7964624312459334e-05,8.46936240044252e-07,5.952092876390974e-06,7.287251076034503e-07,1.65354549161732e-05,9.883128158465274e-07,5.9759808088959946e-05,5.470118494596032e-07,3.125658218637183e-05,9.98659176111877e-07,5.386942939477521e-06,1.5981888629034215e-06,2.654379455431056e-12,684.8493686904791,0.6813825550000576,27.95237,7.803808883617447,83.17738185287277,27.95237,7803808.883617447
0.243468975,1.7445568890456105e-05,1.3175499808580504e-06,4.280646533719631e-06,1.4908549531507708e-06,5.582622798083903e-06,7.729374436394557e-07,3.50692012023098e-05,4.391079689020432e-07,2.9925132325067555e-05,6.886252347726514e-07,5.2567399706104905e-06,9.588825687699778e-07,1.0398439774812014e-12,1415.8451894842226,0.4976291586323895,47.53747,25.489949977477462,65.23634953756431,47.53747,25489949.97747746
1005104.1030232052,2.1327912032247824e-05,9.359423760248563e-07,1.002690897066816e-05,8.572213912741532e-07,6.9716143984234735e-06,8.478857976745997e-07,3.9501705513641405e-05,6.418573792207964e-07,7.053679722478395e-05,5.660187737408041e-07,3.014501015994316e-06,6.863962957983854e-07,1.8040091519735548e-12,1496.2288054661215,0.591412300342614,22.00798,4.895896976794852,93.39753929355112,22.00798,4895896.976794852
1008060.0766952448,7.098691239733736e-06,1.6327386639409643e-06,7.3358820590606575e-06,1.1472743610449686e-06,1.4734148948441375e-05,1.615303316494499e-06,7.772199820858988e-05,4.816498758564998e-07,5.7414712812471364e-05,5.664203495611875e-07,8.733365107875759e-06,5.683114003248956e-07,3.061983084154867e-12,265.0845939331386,0.4317021445192512,29.77182,1.9399233047552935,90.22147095322663,29.77182,1939923.3047552935
0.32013442637872214,3.472633797954486e-05,9.370524208159046e-07,3.610411169794614e-06,1.6437609509538943e-06,6.262280922696357e-06,1.7800598544171529e-06,2.747610178797998e-05,4.6170109886977956e-07,4.115352297805664e-05,6.895042122304508e-07,2.320195844589359e-06,5.374837608122284e-07,2.8678806977263884e-12,1219.5418405039327,0.7815355535352441,44.71118,7.781268944851114,82.82487625533804,44.71118,7781268.9448511135
1060000.0,3.541907042227909e-05,6.381147804686747e-07,6.032673162963437e-06,1.8455261899135972e-06,1.688821030974485e-05,6.937512856443765e-07,6.128174844340789e-05,4.2078434700028426e-07,5.3705063897299075e-05,5.489566781128857e-07,2.354955216859549e-06,1.5524852064720194e-06,1.3332983005127827e-12,361.3784649429999,0.5850148515505751,-5.50014,0.0,0.0,-5.50014,0.0
1060000.0,2.43273781784918e-05,1.362651833947092e-06,2.720621547408477e-06,1.820456425857877e-06,5.939632241283742e-06,5.060995106863499e-07,6.546912318773105e-05,6.638393048873686e-07,4.074129442369301e-05,5.145688107815807e-07,4.504713501465563e-06,5.409998662198059e-07,1.2425829093582378e-12,262.847806586228,0.4623637641863141,-7.44981,0.0,0.0,-7.44981,0.0
1006434.7060294225,6.583254837166504e-06,1.651041725933863e-06,1.0741774631915352e-05,1.1078242361473605e-06,6.269981708939975e-06,7.029908616905209e-07,2.549633731321274e-05,3.930123395106577e-07,2.8214359416888736e-05,1.214424027098595e-06,6.736159778147476e-06,5.487222802132968e-07,1.835730071907141e-12,200.74540878357917,0.5843090818193348,31.95943,3.565293970577576,82.18593002061218,31.95943,3565293.970577576
1005652.0420077145,2.6326471254027566e-05,1.2790306427057933e-06,4.432961922759413e-06,1.0591727473982157e-06,7.66254258133494e-06,1.0353378123276732e-06,7.590578269994672e-05,7.645784507144071e-07,3.266783785173431e-05,1.1575177537967216e-06,6.355345877631722e-06,1.4129266799248833e-06,3.3524916614183924e-12,880.5115410531396,0.563071316978024,31.29018,4.347957992285465,86.47959959979656,31.29018,4347957.992285466
0.39852877499999995,1.4235149500320596e-05,9.996211957731237e-07,1.0123092073175513e-05,6.660886134853175e-07,1.0502699842573416e-05,8.32200194250407e-07,3.0248935158959814e-05,5.833099504584549e-07,3.542642800172448e-05,8.419978435591191e-07,3.6490646382223074e-06,7.732947701323764e-07,1.3768522234282696e-12,220.85400358022412,0.5742150150986673,26.86283,10.217356104229134,77.28193297970468,26.86283,10217356.104229134
1008455.407114018,1.8860409839227255e-05,6.131620588853308e-07,1.1432218908424218e-05,1.4959361554319471e-06,1.3358140619629457e-05,1.2295604274166235e-06,3.0397323046787014e-05,4.376119675761767e-07,2.0459290122872756e-05,6.849843687188239e-07,4.0541146545408185e-06,9.818344320531787e-07,2.118185526972235e-12,804.7661146747861,0.7529533749958647,52.04458,22.664968288755112,51.54459288598198,52.04458,22664968.28875511
1060000.0,1.3103006843889186e-05,8.898290196791761e-07,2.217997802603584e-06,1.8601911302108706e-06,1.6945845870451724e-05,1.7968792363522418e-06,3.0122388551879718e-05,3.755983050149774e-07,3.811024372619605e-05,8.544770779685694e-07,5.724787573530515e-06,9.117844219943998e-07,2.619083504750468e-12,661.2066996650583,0.6050246016729078,-15.338,0.0,0.0,-15.338,0.0
0.46100041625288457,1.3484708140579514e-05,1.8250732372471133e-06,1.1511545074898637e-05,9.719250856755395e-07,7.053986742827008e-06,6.53816913560943e-07,7.179933960651093e-05,4.110080115940993e-07,7.912859401339376e-05,6.121164546558371e-07,6.281611553507043e-06,7.265919159981539e-07,1.040526229768985e-12,484.3019367745284,0.6084364127256466,29.30005,6.769968349884618,86.72480613514858,29.30005,6769968.349884618
0.4428087212842021,5.257393194772132e-06,8.746781184699996e-07,9.994847975987923e-06,9.46439336356542e-07,1.0880790247703152e-05,7.42186847245999e-07,2.146271668824024e-05,5.439898184029e-07,2.372808366052456e-05,9.181461284877954e-07,4.383183292437479e-06,1.4412087293291293e-06,1.0599171144663064e-12,1213.1002389817436,0.6914657764105121,27.43673,8.056632148631916,75.16599817856743,27.43673,8056632.148631916
0.397520175,1.623437368033292e-05,5.488859676120067e-07,1.4067035439652155e-05,1.8224701239123788e-06,7.348830360230134e-06,1.249397478348984e-06,3.680043753195911e-05,6.410199585507334e-07,2.896301309343143e-05,6.089613134205958e-07,8.721354212350723e-06,5.689521398288368e-07,1.8549289117826828e-12,712.7192280166506,0.41675665987734023,26.99731,10.058836613123942,80.31413472953875,26.99731,10058836.613123942
1005947.5739657324,9.386966216853095e-06,1.8752972865118472e-06,2.959536334042053e-06,1.1008285237802452e-06,7.833254066451333e-06,1.5711753998550252e-06,2.4679153433004968e-05,5.572045651347139e-07,2.848684333316134e-05,1.7803273317474143e-06,2.001825876527151e-06,5.480792908232522e-07,3.983858038624486e-12,545.1599951491453,0.5930658304304247,62.72977,4.052426034267595,76.8236392297842,62.72977,4052426.0342675946
0.3732619815548023,5.736597566953301e-06,9.570148595093623e-07,1.4442345075438433e-05,1.8020556550032721e-06,8.850937414334526e-06,5.586199724642146e-07,3.782165678008208e-05,7.382526380498704e-07,4.7030501243747065e-05,1.9438491535126318e-06,7.86266132822493e-06,1.8807874969856457e-06,1.514929871586427e-12,926.1391618274373,0.7556681212822376,35.78056,8.33535273780791,67.80336833578988,35.78056,8335352.737807909
0.278826825,2.7191227547790317e-05,7.90698574117434e-07,7.636503310569437e-06,1.0377207810872547e-06,1.1716516613356265e-05,1.5918642475470886e-06,4.530151077695275e-05,6.208978204346915e-07,6.115107754098441e-05,1.470790970316053e-06,2.968143671932872e-06,1.5474188029944167e-06,2.0103166463181508e-12,553.8450913622953,0.7759760186339468,42.82309,16.534317496679368,64.28481980367333,42.82309,16534317.496679367
1008346.5821699098,9.34137513379965e-06,1.925885975771434e-06,1.4739729578878503e-05,5.368433730831524e-07,1.0366580908865722e-05,1.519237685082943e-06,2.8585520399065418e-05,6.951512624654098e-07,4.3169972265171537e-05,1.6121392785773929e-06,2.844927911246665e-06,1.8821134505277928e-06,2.111373315897166e-12,399.23573288222497,0.43943889348918713,21.01026,1.6534178300901736,90.1477160905084,21.01026,1653417.8300901735
1006325.5376562534,1.5439519067541803e-05,8.270152376980446e-07,8.928604951919191e-06,8.94146455783324e-07,6.816603557531527e-06,5.59518758506366e-07,2.505139513513516e-05,5.286491140364633e-07,7.244166467684155e-05,5.481494492108008e-07,3.314946509416663e-06,1.7154808272276405e-06,2.015986908130623e-12,1259.579085274175,0.4616183770126787,16.77392,3.6744623437465274,97.47087580063555,16.77392,3674462.3437465276
1007094.3566479805,1.3374847287591062e-05,5.216633656815854e-07,1.3227635066701904e-05,5.890462452053494e-07,5.845139269835858e-06,1.6913927352269055e-06,3.9551202354085095e-05,7.737844958106672e-07,4.521640985296126e-05,8.769918825919598e-07,7.848200842060404e-06,7.437734641624826e-07,2.6716035974723026e-12,414.3627549480249,0.46367680012578416,20.11376,2.905643352019477,90.40052647395541,20.11376,2905643.352019477
1009321.8323268401,9.872098511912774e-06,8.430530323721926e-07,2.3634893549386675e-06,5.602682825580063e-07,1.4407078526507944e-05,5.059194909866267e-07,4.230244073303996e-05,5.33515236341848e-07,2.2730510645914524e-05,1.9186883901657376e-06,7.3428829043612285e-06,1.2276842183486608e-06,4.934742567166208e-12,202.71343970723885,0.4710292280694384,8.643303,0.6781676731598547,108.13196408204915,8.643303,678167.6731598547
1008255.9288735243,6.599597301101624e-06,1.9553164698833686e-06,4.187680874689596e-06,1.2935388688845482e-06,1.5133472728488081e-05,8.204577813697703e-07,4.419841124529237e-05,3.7181170742184495e-07,6.895998466565838e-05,7.901965636776943e-07,2.1293617996459184e-06,1.1217312005531999e-06,4.905818108525484e-12,998.6723452827114,0.728571912415478,38.86315,1.7440711264756963,90.85086304933623,38.86315,1744071.1264756962
0.3863664203003224,7.457399045944141e-06,6.328207373611395e-07,4.396024289345389e-06,1.98200726571912e-06,4.755828191505633e-06,1.1381891353676746e-06,4.69417025947851e-05,5.479526859345183e-07,6.336140965060516e-05,7.41690764256763e-07,2.2203573116025523e-06,1.158562171532365e-06,1.5195667246441402e-12,1036.5032353170045,0.6799770907011373,34.21581,8.280600187987103,84.33364388222567,34.21581,8280600.187987103
1005491.8626993705,6.1062584961847325e-06,1.1590695802905768e-06,8.016323453561797e-06,5.227044960803864e-07,1.5764920209239852e-05,1.2570283189578117e-06,5.240910757577586e-05,6.87534144484088e-07,3.2886690792327166e-05,1.0123805937401707e-06,3.208372777194293e-06,1.329897316491106e-06,1.907008794491741e-12,1249.0556240800486,0.4940500342674777,28.54261,4.508137300629523,87.9678449018586,28.54261,4508137.300629523
1003073.136194036,3.8739249862788455e-05,7.677200277665159e-07,3.862188344860969e-06,6.980307795397078e-07,5.081728424270329e-06,6.200421325527957e-07,2.2328808241650047e-05,5.755772822121448e-07,2.3545253863992977e-05,5.804923616392702e-07,4.119189233675658e-06,6.149980082301967e-07,1.1254698465141417e-12,1201.4767209630213,0.6750903228519869,36.54962,27.36514754051808,56.92686380596402,36.54962,27365147.54051808
0.5289448661906705,1.6676435058510187e-05,1.3540499501444746e-06,4.808112779544483e-06,5.926437372956815e-07,1.1282726742689143e-05,1.8469661951405183e-06,4.299713321749833e-05,5.755716301703388e-07,7.335383519551476e-05,6.687522551203089e-07,4.283535485843185e-06,5.240121826139127e-07,1.2865019345024533e-12,448.935184989954,0.4264221401480204,24.52463,5.484816352373181,89.84712765308099,24.52463,5484816.352373181
1007376.4480102172,5.337139171725976e-06,1.6314278275921362e-06,3.324334050961309e-06,6.475775981804998e-07,8.910032691791332e-06,1.2454429164384876e-06,3.470104889043434e-05,6.341967013126525e-07,3.132162723017719e-05,6.011539933345913e-07,3.3847688113811418e-06,1.909763823209077e-06,1.973371550894555e-12,609.2248920014847,0.7661972962364976,32.38735,2.623551989782805,87.42731485398332,32.38735,2623551.989782805
1060000.0,1.6241740196762535e-05,1.3192431513702063e-06,2.030202306582037e-06,1.480837526089488e-06,1.8581457562725767e-05,8.898302616625492e-07,3.927982245205903e-05,7.926043413578319e-07,2.456042539314054e-05,1.7034247915088194e-06,2.943060144765358e-06,1.1549606255381416e-06,4.6661431458603794e-12,1379.498965016991,0.6883137559309986,-33.1878,0.0,0.0,-33.1878,0.0
1007275.1789771133,1.192187029033448e-05,1.455706878974783e-06,7.139444178053789e-06,1.340462106216921e-06,1.450046126859463e-05,8.385959599545471e-07,2.007603844146295e-05,5.293353920803053e-07,6.270793808484222e-05,1.0014940063331022e-06,2.809026499893322e-06,7.928038310093411e-07,2.886606106391603e-12,1157.5091031735255,0.6019924559397878,25.6627,2.724821022886614,90.48155137861647,25.6627,2724821.022886614
0.4126250058596513,1.5079695513745042e-05,1.7161465316157935e-06,1.4808738169187413e-05,1.16871857465613e-06,1.0714861378554697e-05,9.137524809779818e-07,7.462369930910375e-05,6.820707069830147e-07,3.757843541106928e-05,1.3549263334021755e-06,4.824504189392444e-06,1.0552497628204875e-06,3.374916721361431e-12,257.8677577512813,0.5330421627101747,39.73832,5.57350376561395,80.45895257138007,39.73832,5573503.76561395
0.325859325,1.1663565627075119e-05,1.1925795190547892e-06,9.861364292101153e-06,9.65290533242291e-07,1.6440668629367685e-05,1.812645513864747e-06,7.101926412312615e-05,5.853464781983351e-07,2.7546909529355826e-05,7.739751200643936e-07,5.176627836322564e-06,9.320909736553254e-07,1.6213936411421527e-12,1047.671105025814,0.4154841894410142,36.55209,10.991751703092703,82.51719284828188,36.55209,10991751.703092704
0.4434369486020471,8.057581471745446e-06,1.751706244925799e-06,3.337488214047759e-06,7.223309172269921e-07,9.397953705749336e-06,5.289078499744197e-07,7.485077103689948e-05,5.153434440487558e-07,3.467654980738281e-05,9.075326908121167e-07,9.355969900745795e-06,1.5207493155398297e-06,1.5533254275898892e-12,1258.7520813147876,0.6186183719036487,35.03555,5.751857055918116,86.85298688806465,35.03555,5751857.055918116
0.36868424999999994,1.1894257168256017e-05,1.0024315160666813e-06,1.3633612610211513e-05,1.5044742791159803e-06,1.1205068901450831e-05,7.64404537418156e-07,4.596354105196602e-05,3.7502181054098484e-07,7.877494160296957e-05,6.721378752259532e-07,5.797635150727756e-06,7.448977330015693e-07,1.2050104528951784e-12,505.2834347137651,0.7957108330399588,30.8421,11.460368050382542,80.64204385647186,30.8421,11460368.050382541
0.30016785,1.604656102322756e-05,7.88495686981384e-07,5.9978242517245964e-06,6.599891241444556e-07,1.2047950824269645e-05,5.583933953620811e-07,4.903072048149572e-05,7.665916766460825e-07,2.05819802225138e-05,5.986376636118485e-07,6.6810585763903695e-06,7.151840350670281e-07,2.880997220502841e-12,1073.3541275130228,0.5662302588279887,39.97762,16.404084227353284,77.81320945334042,39.97762,16404084.227353282
1009871.7913609365,3.289489320282147e-05,6.635084091400816e-07,2.782652177814526e-06,5.724448525392079e-07,1.7919229478092723e-05,7.678970700410624e-07,4.241689694339616e-05,5.579279139185909e-07,2.199506004548596e-05,1.9529123643205545e-06,8.154275747039597e-06,1.6313434782931082e-06,1.0053709333982138e-12,511.4168434275459,0.7114659481356723,0.01143926,0.12820863906357666,176.6014759601497,0.01143926,128208.63906357666
0.39051352500000003,2.6086069148650887e-05,1.8515426768633038e-06,1.3982661327711774e-05,5.850944826918873e-07,8.269881344012477e-06,5.916755099696032e-07,5.783727516690781e-05,6.708668921116066e-07,3.812122425632699e-05,5.922158553909587e-07,5.860583052750283e-06,7.354000265435338e-07,1.1434097865166088e-12,1225.7000358375842,0.5412960653793768,27.93153,10.305937363578227,83.73000861769735,27.93153,10305937.363578226
0.47714089037749896,1.1201112623705272e-05,6.500399642379018e-07,1.3424898599758042e-05,1.3666373738463726e-06,1.7328688760497076e-05,1.1815526687270754e-06,7.667967544578728e-05,6.63910496079634e-07,7.913116278339195e-05,6.261517569764829e-07,3.46855403307307e-06,1.0310922520496959e-06,3.0336163010245274e-12,452.4215737156379,0.7964454141995725,29.10441,6.18304138490004,86.91969268109182,29.10441,6183041.38490004
1005246.8928486494,2.4148658995351855e-05,8.138107073162757e-07,3.96925513430673e-06,8.577067730125715e-07,1.3521035624879967e-05,5.771982272143076e-07,4.06946602087743e-05,6.883793797385669e-07,2.684623849211877e-05,6.508005491050505e-07,5.579764219815032e-06,1.4609702093801877e-06,3.331531141076376e-12,286.9707358552398,0.7972088984985688,22.04116,4.753107151350584,81.63074829307722,22.04116,4753107.151350584
1006096.063569108,8.01210703101843e-06,1.243193989128268e-06,1.2585148246423911e-05,9.922326575698317e-07,1.3830992380910511e-05,8.55328906359366e-07,4.873826058194142e-05,4.220388436598685e-07,2.119801617860815e-05,9.368038030325066e-07,2.0120157716975012e-06,8.183800733447372e-07,4.90169617273266e-12,1414.0960662387208,0.6594867299161125,41.49886,3.903936430892032,90.12831543991705,41.49886,3903936.430892032
1008183.7532981443,1.186408670956532e-05,1.5966390854032157e-06,1.4108315373241483e-05,1.6517710072913694e-06,4.588068503088959e-06,1.6088666665860144e-06,4.5608318562865026e-05,5.636289044834755e-07,2.350532755661631e-05,6.035480779614842e-07,4.43162096108852e-06,1.989314473068112e-06,3.2165099471043848e-12,642.9143313741605,0.6499786192501464,33.08073,1.8162467018556265,86.86620203747155,33.08073,1816246.7018556264
1008137.8355997585,5.349367741784695e-06,1.5915731035453036e-06,3.7886367380364445e-06,7.706332578988327e-07,1.5022021130634378e-05,7.510092768612761e-07,6.576471914596213e-05,3.761366429896734e-07,3.0322952490174815e-05,1.902842302099377e-06,2.4930592845843714e-06,7.152714693841616e-07,1.84211121091179e-12,398.9477885132171,0.5359764780096322,24.08033,1.862164400241496,91.21801496805051,24.08033,1862164.400241496
0.4734702686714177,1.1777958517311701e-05,5.543213583096595e-07,5.829812156753186e-06,5.548706206643354e-07,6.570704679267487e-06,7.576693386203432e-07,2.0640307602026487e-05,7.881140352730931e-07,3.1503403206325844e-05,1.3412708664248518e-06,8.105649659551206e-06,1.8185903884910202e-06,2.6388426596316095e-12,1307.0408592385008,0.5450128648083633,26.09392,7.233013253143291,79.38170495675318,26.09392,7233013.253143291
1009496.9086802341,6.094043893352624e-06,7.211642084828718e-07,3.918433279031134e-06,1.7133462942645733e-06,5.366673383910576e-06,6.711098955758814e-07,6.0659902358696854e-05,4.331023340923735e-07,2.9343272887056607e-05,1.6054017606772434e-06,4.848519593193041e-06,1.058933991696828e-06,3.986500102913018e-12,1255.050232460037,0.6195746002650538,11.00572,0.5030913197658683,105.38842638377132,11.00572,503091.3197658683
0.19628864999999998,1.6610386490251402e-05,1.302212088522679e-06,3.6400202903867506e-06,1.0752957333703872e-06,6.457073975418644e-06,1.7298556141282936e-06,5.674934975149946e-05,3.7190304288858585e-07,7.148678781063708e-05,8.952374625596683e-07,5.766079455114977e-06,7.260276406656836e-07,1.0873861882295154e-12,289.37181623734125,0.7795935301324608,53.82818,17.41371039210322,69.58961165716575,53.82818,17413710.392103218
0.25952925,1.6992672599239307e-05,5.798121185876627e-07,5.228946143883498e-06,9.58231560201081e-07,7.152827807523366e-06,1.0599004922279102e-06,2.88498636452415e-05,5.770364185917166e-07,4.354119310806907e-05,1.5033847109866787e-06,2.282189704077173e-06,6.314584070559983e-07,2.839697585909767e-12,939.719792536696,0.7466768774505669,45.3961,12.985113368692856,67.00162045155297,45.3961,12985113.368692856
1005705.5822936178,1.856411617587573e-05,5.118138102255973e-07,3.1056965704123897e-06,1.3345219113812549e-06,5.2534457287310405e-06,1.8850242903419772e-06,6.62376088440536e-05,5.408224246538993e-07,7.88599991671951e-05,5.0367777573236e-07,4.640597695191988e-06,7.303342662635788e-07,3.592892406141611e-12,1209.1410055338756,0.4750199809451485,29.85977,4.294417706382211,94.45419037792166,29.85977,4294417.70638221
1006162.6515406787,1.5612388971886112e-05,5.428943300834744e-07,3.059669382769398e-06,1.2602977130753678e-06,5.452453891280275e-06,1.0392640786557004e-06,3.223293894825931e-05,4.972618947674289e-07,4.5363761041069125e-05,1.7672332549031043e-06,3.1775883316872063e-06,7.061572321655725e-07,3.966579519171495e-12,362.0434494240259,0.5680896736830452,26.23034,3.837348459321303,83.77102299928224,26.23034,3837348.4593213033
0.5067846137050802,1.925206025452314e-05,9.967851452301407e-07,1.434428033938409e-05,8.772682293696289e-07,5.440997788247883e-06,7.099908926603313e-07,2.38895896284671e-05,4.17095519561581e-07,4.862307448975522e-05,5.904776959901622e-07,5.889188904724483e-06,6.007751932258993e-07,1.0668489269792124e-12,1497.5884722545352,0.6979520590500957,22.65453,6.9322564517967935,88.03516812282847,22.65453,6932256.451796793
0.31652565000000005,2.287477342713585e-05,1.290684456731149e-06,2.6144476652127725e-06,6.765513501311908e-07,1.8734913083224305e-05,1.1089155093981012e-06,4.937244164977366e-05,6.38309260693705e-07,6.320073845857558e-05,5.09629198814284e-07,2.375676989275062e-06,6.65572113806874e-07,1.2615947564532293e-12,1141.608473229053,0.7142389927007085,37.79658,22.160041483787115,77.98561798679535,37.79658,22160041.483787116
0.420670169028477,3.044918104304926e-05,7.847055042529641e-07,4.579216401961121e-06,1.247500553099869e-06,1.1955821981976013e-05,9.245501900263975e-07,2.6446886351194525e-05,5.977649396238909e-07,2.663942475344494e-05,8.158389996469376e-07,8.111472531738468e-06,1.6428800761525622e-06,2.9035567444111242e-12,836.8873330621984,0.7796572037753386,29.84473,8.219774238860921,71.22281672770146,29.84473,8219774.238860922
0.29942054999999995,1.2417308152048791e-05,7.091793961386536e-07,4.788376134499376e-06,6.229594653723084e-07,1.4067933967240355e-05,1.5881862171708656e-06,5.6437286751503275e-05,5.471632697030615e-07,2.653101293496344e-05,5.827031326939171e-07,3.1752734075346604e-06,7.406646279607891e-07,1.3297184163139796e-12,1199.7696326516411,0.5892935865691162,40.07726,23.229363827084367,75.5206592776223,40.07726,23229363.827084366
0.362931075,2.4417237808740182e-05,5.473706786578675e-07,4.996699811586055e-06,7.612231699799984e-07,5.739181538763396e-06,6.605996056583315e-07,6.623967609398748e-05,7.03751749290278e-07,7.605359018829031e-05,7.266230246008565e-07,4.332917680764269e-06,9.178043696080745e-07,1.2396618103704003e-12,1215.3101571257953,0.6580881431278662,31.60919,22.584999436867957,82.42698152946278,31.60919,22584999.436867956
1005917.8152524192,1.1124534343984686e-05,1.962899399867706e-06,6.0791384752937865e-06,1.2173778297314167e-06,5.048884978989452e-06,7.2464765258807e-07,3.344216289204484e-05,4.4123284089807374e-07,2.2936880568817538e-05,1.651760842502639e-06,4.592343777530367e-06,7.686689804402083e-07,1.9150692936553626e-12,281.8581062354342,0.782861652627017,36.2561,4.0821847475807385,77.92294666487912,36.2561,4082184.7475807387
0.3115980141946068,6.247528387579589e-06,1.7381484915483109e-06,3.323776873157643e-06,7.015356814812813e-07,1.8683096663259154e-05,1.8184928480874912e-06,6.55093264139014e-05,5.69510812255651e-07,7.204315408867245e-05,1.7945908532526133e-06,5.490946197930938e-06,1.9384499573908835e-06,1.005439896444486e-12,1446.2079720604497,0.5309506707444582,41.28224,9.151407432215725,82.68315148537498,41.28224,9151407.432215726
0.300853875,2.097852630611423e-05,1.0775425014037094e-06,6.280901327527394e-06,5.010133798659807e-07,5.460773541599158e-06,5.811298521006674e-07,3.058185904765526e-05,6.626808103491069e-07,2.8330094707672407e-05,1.5253987103616363e-06,5.137606874146287e-06,1.1955662583129048e-06,2.938972136111668e-12,1448.8501838001907,0.6260862695098579,39.88615,10.710795444581196,74.7994776365923,39.88615,10710795.444581196
1006292.5476051281,1.050198846024554e-05,8.466531878941387e-07,7.040606682689369e-06,1.7177429234443878e-06,6.745685280336096e-06,1.6421579301021916e-06,3.280148900998547e-05,6.599160992094451e-07,4.1842584729277256e-05,9.90549583023342e-07,4.000944102165585e-06,1.0904098909990763e-06,3.0345904670463698e-12,334.1501402460533,0.7583701227217786,34.76929,3.707452394871848,82.26011782013877,34.76929,3707452.394871848
0.1607793,8.088327380533679e-06,1.6622105201528392e-06,3.02260909343777e-06,8.855954714354038e-07,1.987025308136793e-05,5.529450140169894e-07,5.140545648830824e-05,7.847690459910904e-07,3.687293739824455e-05,6.035070340097747e-07,6.559745133424654e-06,6.768654177166962e-07,1.1686906452417204e-12,533.3935008585986,0.7672813820466389,58.56276,15.249662413675217,60.46951850685724,58.56276,15249662.413675217
1006941.9991262627,1.1707349918507764e-05,1.97606604477155e-06,7.306530676992951e-06,1.7166585739117363e-06,1.6838833982738466e-05,5.691835679412853e-07,7.195696437936556e-05,5.86756731562138e-07,2.2768201166154606e-05,7.074172754475934e-07,5.238900533635258e-06,1.4072078846855674e-06,4.527138532646272e-12,513.5729987727233,0.590404986408343,38.26412,3.0580008737372903,86.14132035484704,38.26412,3058000.8737372905
0.43392832206252285,8.896097488503338e-06,6.302846621990765e-07,9.198923169925655e-06,1.37299767637836e-06,1.776093119762467e-05,9.856168998109148e-07,7.914586135524753e-05,6.795932118272667e-07,6.84445916326013e-05,5.744236638052266e-07,4.4988499092567235e-06,6.871316566500241e-07,2.5256863384877944e-12,200.1207854988979,0.6785516332058872,28.9946,7.944487117499087,85.08973778961837,28.9946,7944487.117499087
1008021.8059364129,3.491784396801107e-05,1.4207520291919677e-06,6.135007241507527e-06,6.278921625698239e-07,1.3138004806737521e-05,1.9472117808397533e-06,4.4180460243063354e-05,6.133569673870489e-07,2.6118811507706763e-05,1.5633361813738935e-06,2.915697336682992e-06,5.323357406292788e-07,1.3347174011511342e-12,1275.4606989904657,0.4790578667301779,50.90943,27.54039186110499,51.978194063587125,50.90943,27540391.86110499
0.38881439484849556,9.233822492258074e-06,5.443288164246077e-07,4.946991537612682e-06,1.1787783150699842e-06,4.207955962866507e-06,1.3674496267492843e-06,5.457059545280357e-05,4.824468791958363e-07,5.708765409724538e-05,1.436128866712156e-06,7.664656345436613e-06,9.098149519341005e-07,3.0257527621130807e-12,1283.7055688463406,0.4636275484375061,38.04865,7.032829206060175,90.72873243795158,38.04865,7032829.206060175
0.6034673591545785,1.0975285179228416e-05,6.340859439918774e-07,2.146695598864732e-06,6.373649033896793e-07,1.553199341633508e-05,8.954677058343569e-07,2.249578356405377e-05,4.0825680586949455e-07,2.213648340374596e-05,8.889077921717305e-07,4.025457654153864e-06,1.3189364728886986e-06,1.3066559560859548e-12,1127.80611646429,0.6854889230579058,14.58689,5.485238633816863,91.53344602476587,14.58689,5485238.6338168625
0.342565125,3.1415704058455596e-05,1.0437177397005434e-06,1.2285273038761886e-05,1.1355300106851552e-06,1.881018306870218e-05,1.126026624986969e-06,3.160381192123094e-05,5.169116980261427e-07,6.309611074352552e-05,1.13960920908664e-06,5.790436497265004e-06,6.741657179165284e-07,2.0600533746795554e-12,423.7755193876726,0.7346760117850201,34.32465,15.708351170643267,69.04436285682031,34.32465,15708351.170643266
1005115.3182338822,1.2615762178504582e-05,7.745661730582968e-07,6.7852098900958925e-06,1.8055347997228705e-06,1.445603603823753e-05,1.5924492636201068e-06,2.625403736658191e-05,4.5581652885594534e-07,5.8365511905719895e-05,9.524642029609789e-07,2.3155468062190413e-06,1.1194615969033848e-06,3.604132622507931e-12,364.81262796431946,0.4215168780974681,28.17742,4.884681766117859,86.58465912550619,28.17742,4884681.76611786
0.295775175,2.3149976556641123e-05,1.0475984185396122e-06,1.1248933062018579e-05,1.0868325632009914e-06,7.5488098144825156e-06,1.2305562093643754e-06,5.36991015333891e-05,6.910752648360625e-07,2.1519781008460522e-05,6.415284667008383e-07,8.188178190338714e-06,1.5134969725787764e-06,1.4726188022072595e-12,265.98562345609633,0.7433212626186055,40.56331,14.410355818769608,62.01069105228141,40.56331,14410355.818769608
0.447556275,1.5486504384882836e-05,5.541490057545664e-07,5.9250298249698745e-06,5.614135405373982e-07,9.312628442209972e-06,5.692258385052195e-07,2.872447221738164e-05,5.580289477991041e-07,6.303793235856337e-05,5.314615130352916e-07,4.40433781353476e-06,1.5974855260376188e-06,1.252145500246973e-12,1227.0365743835282,0.6795102078802866,20.32583,12.557164220438631,90.69369005709423,20.32583,12557164.220438631
0.5474414374678905,6.021309899187336e-06,6.137165702355608e-07,4.876534329574625e-06,8.976623669108525e-07,1.1094436700304835e-05,5.587650795179073e-07,5.7369310893298145e-05,5.201595513420298e-07,5.143241427008254e-05,1.9800045911729687e-06,3.4439689427844404e-06,5.234821496510203e-07,1.018729436253657e-12,235.51834827583667,0.6659528544273482,18.6558,6.505602501284381,87.97415524331389,18.6558,6505602.50128438
1009562.0903943074,5.258129697043734e-06,1.5360178327016358e-06,2.1261105201166423e-06,7.818659677665442e-07,1.353850392534779e-05,1.53256076380717e-06,4.505480821248698e-05,3.8455499307018467e-07,2.604206829850419e-05,1.8740732058062295e-06,2.3426704929539735e-06,1.4817472340152188e-06,2.381040252445218e-12,683.0013452054698,0.7149863142694415,14.00911,0.4379096056926337,100.36286331078483,14.00911,437909.6056926337
1001664.5177148412,2.3708678201113884e-05,1.156480987313261e-06,8.519150481378924e-06,1.9681031170726047e-06,6.61802771382576e-06,1.2695851158225984e-06,6.01839639169515e-05,5.383817893665373e-07,2.9891257533743658e-05,7.496431278822727e-07,2.5843900487839143e-06,1.0655146776321955e-06,1.268843758701166e-12,1068.5866374470331,0.6160053416394542,52.62941,23.958254554618364,58.33548228515877,52.62941,23958254.554618362
0.4950198856825112,9.084955843559157e-06,1.0312858853386452e-06,9.398656126706991e-06,6.160650070335891e-07,1.5075121589521768e-05,7.463655949166985e-07,4.7348211352219297e-05,3.724148923739945e-07,3.384377542621909e-05,5.287898271880726e-07,4.02592065229981e-06,5.185312013094944e-07,2.623197371744712e-12,203.6342662621158,0.504514118688681,28.48873,5.652585572699551,87.20996819054493,28.48873,5652585.5726995515
0.3646709191644994,8.332599359779529e-06,8.070356588054077e-07,3.9797328302037056e-06,8.252673572222075e-07,9.175972839415272e-06,1.0425166625139403e-06,3.507314240599375e-05,5.643446055889825e-07,2.773299733306499e-05,6.14952173454145e-07,3.085595564196525e-06,6.857190486393324e-07,1.6780967858793602e-12,1059.7210769630765,0.546484256714959,32.4619,9.674593233420024,83.91719905771356,32.4619,9674593.233420024
1002017.119848025,2.7601269802858087e-05,1.4848115267817776e-06,4.260522145474965e-06,5.298832054920903e-07,1.2627749366920366e-05,1.1892349911380896e-06,2.1525898315120445e-05,4.250160652293942e-07,3.5317101088510054e-05,1.6381315723921182e-06,4.911777095759412e-06,1.1778715378950533e-06,3.54614214892375e-12,222.09267172274295,0.6497592561799699,52.79615,11.895574716538468,57.98288015197502,52.79615,11895574.716538468
1005602.3883591406,1.8773985160211524e-05,1.8367993604911819e-06,1.2886907338253718e-05,6.459672172186631e-07,4.4376567258180775e-06,7.247831757535806e-07,2.1346110275062484e-05,3.9696563931568817e-07,3.442252968601416e-05,1.590848476634083e-06,2.4427955640375737e-06,1.0804159792205827e-06,2.3439998293931898e-12,206.4632485813659,0.6502313635745198,31.63013,4.3976116408594255,76.57965843197047,31.63013,4397611.640859425
0.17417932499999997,8.561793128716635e-06,1.6402224803645914e-06,2.8596001123446426e-06,1.8620482264272116e-06,8.921947212559795e-06,1.817303743988644e-06,4.0878059121773955e-05,4.868763289055464e-07,5.766538800772035e-05,1.0400425851788906e-06,2.217583855275552e-06,7.247718751769673e-07,1.283048719216764e-12,285.189720868701,0.678657816052683,56.77609,11.11350878633533,68.79753906669065,56.77609,11113508.78633533
1006167.5381113875,1.8115492832510463e-05,7.52781054505955e-07,2.8219720431007873e-06,1.1040770502242186e-06,1.1749436504913336e-05,1.3765944019485604e-06,3.5192851758613765e-05,4.08602031709133e-07,2.8000109016333212e-05,8.947765962609679e-07,6.341401951886164e-06,8.330719626538528e-07,3.213016831084966e-12,886.8173596274536,0.4855497273924735,21.48186,3.8324618886124506,90.7734027912743,21.48186,3832461.8886124506
1060000.0,9.51816324719958e-06,1.4707883779934147e-06,2.3601101465618507e-06,1.6781694363704392e-06,1.5018935046510171e-05,7.49110599723294e-07,7.805098188774937e-05,4.914827746303353e-07,3.270139463920786e-05,1.4147880457249939e-06,6.770335899456843e-06,1.6615698104209454e-06,1.070483180012269e-12,724.2629388366395,0.4916316232714776,-1.07461,0.0,0.0,-1.07461,0.0
0.36312075,2.038139386675766e-05,8.009929414713338e-07,7.922410125205969e-06,7.514068647765395e-07,1.8729444600748978e-05,1.7689164395982949e-06,2.0655531740618403e-05,3.851617053490004e-07,3.374192460780636e-05,8.841623774394336e-07,3.1375681388996672e-06,7.480473671984711e-07,2.5258270421377257e-12,1259.1385102976965,0.602086534846647,31.5839,10.819652849639654,83.66095919890216,31.5839,10819652.849639654
1010678.5520884586,3.3732852270576156e-05,1.45808395772794e-06,8.719816181964295e-06,8.332051073360059e-07,9.789273148171076e-06,1.001345375508861e-06,2.561358613719432e-05,7.887726219566084e-07,3.166968370509231e-05,1.9251251499381356e-06,4.231830191520582e-06,1.5839279670620072e-06,1.1040981469154732e-12,1094.734492465166,0.41501639273672164,35.95131,20.6790895786802,49.321447911541455,35.95131,20679089.5786802
0.394642125,2.0856287382232796e-05,5.415051105446262e-07,1.1153905604773834e-05,6.96229191354479e-07,1.748461806107084e-05,6.679788600694277e-07,5.7760885622331597e-05,4.780067906038096e-07,6.307425031875773e-05,7.14712132801423e-07,3.320910243318921e-06,1.3358482340155522e-06,1.88754555015503e-12,488.4424727314448,0.4565664315400958,27.38105,25.216317021083352,81.98396239446663,27.38105,25216317.02108335
0.30599519999999997,6.183634631589448e-06,5.70045814309309e-07,6.6979212069500355e-06,1.037004984357908e-06,1.2770071028148605e-05,1.4894153833526784e-06,4.253810696710457e-05,5.842705877089048e-07,2.6339679049896343e-05,1.1381063737031018e-06,5.520669082480752e-06,6.579182812514089e-07,1.4175040088252108e-12,726.4928597005955,0.5292080670578587,39.20064,16.657300365669276,66.57069547617974,39.20064,16657300.365669277
1007735.4605564877,7.994905096196196e-06,1.6990938609925398e-06,1.1195518303847782e-05,1.3629396003154024e-06,1.8638995892705254e-05,1.7854166584550127e-06,4.6710611579909964e-05,5.387543648558804e-07,5.723099572163327e-05,7.872436567156798e-07,3.7425485697247473e-06,9.483071081419741e-07,2.2385291472901527e-12,729.3567449792276,0.6210199288138332,27.8454,2.2645394435123576,89.57470910629429,27.8454,2264539.443512358
1006828.5089387189,3.0147693303049493e-05,1.721478055943031e-06,2.0434715674572477e-06,6.460230848456235e-07,1.497818660367219e-05,1.992426106271942e-06,2.0831929111756167e-05,3.9203117546319687e-07,5.885912245389465e-05,5.839955379155406e-07,2.4571584445019127e-06,1.1442428917515552e-06,4.426663232665954e-12,517.7015870430746,0.5509164492304681,30.65567,3.171491061281023,89.40157612057224,30.65567,3171491.061281023
1008374.1415280146,1.3349808392796599e-05,1.3247105888798623e-06,3.4036697789469527e-06,7.408731037611354e-07,1.9335385870420327e-05,5.902515750182575e-07,5.462476910482551e-05,5.016449952128737e-07,2.0085414262768686e-05,1.1827262641821882e-06,2.8209872247676977e-06,8.326659259742938e-07,3.5780131593134246e-12,374.1041917476738,0.4231780173666833,17.70709,1.625858471985391,94.18707543435904,17.70709,1625858.471985391
1008798.1890426364,9.550734316203821e-06,5.51650093830055e-07,2.5633887952777307e-06,1.0366456545652937e-06,1.3853903581933649e-05,7.441535992363144e-07,4.223557394833126e-05,4.311440569050312e-07,3.467760516240627e-05,9.69084094630756e-07,7.705706313685006e-06,1.1274896325598097e-06,3.3789799737793478e-12,729.4627305352516,0.46824027542753943,2.763384,1.2018109573635956,135.12522507121258,2.763384,1201810.9573635955
1004018.7009785391,2.2483430114773064e-05,1.8444622678457079e-06,6.7891350523243726e-06,1.0081464135166995e-06,4.502309757990498e-06,9.347055539292108e-07,3.18298980157461e-05,5.027510063817321e-07,2.2727665172453736e-05,1.8245690535864629e-06,6.124994124323324e-06,1.64097647795097e-06,1.6049485051891815e-12,875.5843162308374,0.5628991721292369,54.12906,14.596919771101138,55.98129902146097,54.12906,14596919.771101138
0.4695672183098432,2.3643374411829425e-05,1.57916962782037e-06,7.124211986733041e-06,1.4702249262396003e-06,6.885835521048583e-06,9.894859036103146e-07,3.46053021356429e-05,5.096638164948143e-07,5.98546704520317e-05,5.33188217868542e-07,6.107956458105031e-06,5.876484669408417e-07,1.2303193769842785e-12,1214.3987916447077,0.40718753319634565,27.33659,7.016334267606269,88.46933719193866,27.33659,7016334.26760627
1006337.5182559509,5.458118279751351e-06,6.533269896791783e-07,1.4708440956706347e-05,1.0284795630634532e-06,5.547256660836389e-06,8.592676456418851e-07,6.816726981864628e-05,3.8632382377686456e-07,6.692152839969011e-05,5.192636155759616e-07,2.5625105142148824e-06,9.40342029089849e-07,1.6746912893217897e-12,1168.7096854799202,0.4399782984041771,20.89856,3.6624817440490647,94.2437606831218,20.89856,3662481.744049065
1005654.2059390341,7.202274365182917e-06,6.769908075886522e-07,1.2200900957273005e-05,8.188043535665842e-07,1.4907212797936134e-05,1.0126612373260748e-06,2.578992888802351e-05,5.684330701569709e-07,3.919778808411918e-05,1.6187311927626142e-06,3.96026530872783e-06,1.0888020767545282e-06,4.273296399569439e-12,1007.5322655895068,0.793567951096571,31.57691,4.345794060965887,80.07537455172877,31.57691,4345794.060965887
1006566.6663646119,2.8170293853137678e-05,7.478400532905607e-07,1.3926017181200847e-05,5.870914437291953e-07,6.524559610146885e-06,1.0785263580948857e-06,6.0110738298428726e-05,7.905677922862497e-07,5.899065909039864e-05,8.039727799742955e-07,2.9307813534376433e-06,1.6536654182757495e-06,4.344770998022024e-12,1157.6555532354291,0.6114431832328298,25.78232,3.4333336353880757,91.75891315040964,25.78232,3433333.635388076
1012185.4574449768,1.1666499449303438e-05,6.707846122888223e-07,7.3377540126724416e-06,1.1720361671243747e-06,4.884590034026514e-06,5.763229908117447e-07,3.342958974445793e-05,6.251295515078027e-07,2.050688487247567e-05,1.563212302988485e-06,4.525712974300495e-06,1.981208894159657e-06,2.546784929484865e-12,284.29190623963234,0.5157398411207331,58.55806,15.739159976143744,47.81454255502319,58.55806,15739159.976143744
1007048.704674304,1.649767227985251e-05,1.8275655965045252e-06,8.441020418169421e-06,9.370616526594426e-07,6.032091220978197e-06,1.5311861661152008e-06,3.496011991240673e-05,5.802692089861553e-07,4.4246850202295965e-05,1.8469974804136035e-06,3.936526521443578e-06,1.1883565856267282e-06,3.671273441856293e-12,1330.4539890190533,0.6627084800494065,38.08495,2.9512953256959897,85.71580778296354,38.08495,2951295.3256959897
0.2895996,2.810538459351969e-05,1.2171429672777235e-06,9.239199370256787e-06,1.4064302660867212e-06,1.1871342611717126e-05,1.4361125305741363e-06,6.535983422401724e-05,3.867173196780274e-07,4.1250878277185794e-05,6.114735915730414e-07,7.058208674972834e-06,1.1161718478072502e-06,2.7866859403292184e-12,939.3895620305914,0.4587727407525593,41.38672,13.034747749074532,88.4187294361618,41.38672,13034747.749074532
0.4204087438892082,1.6200289726598626e-05,7.52005440237367e-07,9.480677500398667e-06,1.710806767535198e-06,1.0002544715972764e-05,1.4996201441711013e-06,6.559879314934388e-05,7.707100409102709e-07,6.873664111729846e-05,5.810401391416308e-07,7.719623164780552e-06,1.5306610292706726e-06,1.4318245972599665e-12,1214.686548588275,0.7105075120005311,29.29957,8.39377924443167,86.09296889942917,29.29957,8393779.24443167
0.5119660981892316,1.222321487294252e-05,1.0926491876989919e-06,1.3856015968706444e-05,5.394439766871627e-07,1.0888589317528831e-05,5.161711239543019e-07,4.334354313590455e-05,4.0743172643867016e-07,4.858392142981454e-05,9.423683512873729e-07,3.9173495273229274e-06,1.7209616954904888e-06,2.8099201422558336e-12,426.0890116845035,0.4863627413198404,26.39838,5.601842072430737,87.34579072411566,26.39838,5601842.072430737
0.26981849999999996,1.6076785442769076e-05,1.9853367733937223e-06,3.1669450700916493e-06,1.1594673117526152e-06,6.75723623437495e-06,1.2527396750792936e-06,7.040705639578228e-05,6.050344637656135e-07,6.950148481563943e-05,1.028411071871014e-06,5.760158684673056e-06,1.0884737245482794e-06,1.0285643504867878e-12,1264.404882305992,0.513880571210425,44.0242,13.673633984665951,79.0400270364239,44.0242,13673633.98466595
1007933.2757886855,5.032044955083321e-06,8.062872276749013e-07,4.5456198628341805e-06,1.254546346785179e-06,1.9416349683039918e-05,1.7465367671783508e-06,4.384874875658665e-05,5.091663183646788e-07,2.0847578028165512e-05,1.5253819400628896e-06,7.064405767834721e-06,8.781028669079916e-07,3.4149762905202064e-12,907.8505499625239,0.45864490698023314,23.75893,2.066724211314434,90.46544588163864,23.75893,2066724.2113144342
1006754.7019945404,1.9762368062132785e-05,5.691949581362881e-07,6.065281114998963e-06,1.1063643339675852e-06,6.966379517365077e-06,1.1980645709916903e-06,7.194641704658783e-05,4.2798426674169483e-07,4.357764164591745e-05,1.5341975663082657e-06,2.34264100356857e-06,1.581428542943299e-06,4.137062315495221e-12,1196.4383061779483,0.7228929863229532,26.50663,3.245298005459585,91.38569500200983,26.50663,3245298.0054595848
1005552.5457754671,9.599851855530382e-06,7.975821245800925e-07,1.2865727113237575e-05,5.906485577702163e-07,1.5541998954247914e-05,1.4685956421273523e-06,3.475790149679705e-05,4.054685779335747e-07,4.516553893066385e-05,1.460325223381624e-06,7.852161438962801e-06,7.289051058697103e-07,4.249812521031364e-12,1311.0279995075637,0.7330119847036081,32.18252,4.447454224532986,88.00057534453245,32.18252,4447454.224532985
0.4051689439292857,7.035556170173204e-06,1.4187945474690975e-06,2.0039457600951493e-06,1.261755763154993e-06,9.14660033480014e-06,1.1493234620432748e-06,7.0356223297359e-05,4.912494915288228e-07,7.982756386389546e-05,5.878695229656846e-07,9.677793326561174e-06,8.55224367663153e-07,1.384308711285904e-12,305.5783366323229,0.47733315770123524,36.55864,6.825650242828573,86.20804190623322,36.55864,6825650.242828573
0.380793225,1.784685165160301e-05,1.566040025678155e-06,1.050726343606378e-05,5.179808473035889e-07,1.831583631572692e-05,8.411196112223671e-07,2.1614096114161264e-05,6.041151049259064e-07,2.2348978165486838e-05,1.19724967578895e-06,2.2499278869804707e-06,1.390362135442436e-06,1.0913662556325457e-12,730.1283605825201,0.47087568301826266,29.22757,13.817831360626235,62.4608364551413,29.22757,13817831.360626234
1004657.4027376238,1.851393687822135e-05,6.560142373279297e-07,6.467259861622635e-06,9.244243945941024e-07,7.752307628812274e-06,6.101755328886436e-07,5.5019871196289625e-05,4.293118504278868e-07,2.9477219521059394e-05,5.117942374198053e-07,4.438211839162599e-06,9.236318884795784e-07,1.5731159070925318e-12,411.00596990910606,0.6857261477200118,57.95278,35.84271083227104,55.34259726237619,57.95278,35842710.83227104
1009271.328967838,1.2719793581936059e-05,6.068706721465921e-07,4.506833598835426e-06,1.6540841199494041e-06,1.1785387231694894e-05,1.1428404612617118e-06,3.224556986762959e-05,5.609583730819385e-07,2.27227750909077e-05,1.6758542557696039e-06,6.4235480633203055e-06,1.5713581657898805e-06,4.416006670368841e-12,1400.0170727223428,0.7927929823427553,11.08479,0.7286710321620542,101.3692739868511,11.08479,728671.0321620542
0.3979437938896718,1.6203035457752125e-05,1.8213022172920321e-06,2.2881207232214416e-06,1.469657272015395e-06,4.149073449736962e-06,1.8316564784299582e-06,5.095645232841111e-05,4.4405619386476005e-07,7.677272975428458e-05,6.583280154998368e-07,4.152111642526512e-06,5.658037695304124e-07,1.2380247434490413e-12,1410.8026087914423,0.5431515744773117,39.12433,6.344949244413127,87.15877813817448,39.12433,6344949.244413127
0.36536842499999994,3.462545757135021e-05,6.621532878880983e-07,1.2659835505499144e-05,8.721357398828075e-07,8.484255455868466e-06,1.807923471548757e-06,3.8066187111383846e-05,4.239993265198288e-07,7.956984156938869e-05,1.7596345522571232e-06,5.9559975828601596e-06,5.575562126540401e-07,1.3007675249119862e-12,693.7784138799163,0.48754842802982834,31.28421,17.67268383485624,73.54721593679659,31.28421,17672683.834856242
0.31230923417089085,1.2022181256850001e-05,1.5695323211050846e-06,1.4394321275940837e-05,7.767444198406519e-07,8.491562891428854e-06,1.0660134013870645e-06,7.74285817473198e-05,4.860579424909518e-07,2.6040811311624207e-05,9.297912170887231e-07,8.39638293560849e-06,1.064648790578642e-06,1.6392774490670271e-12,970.3215313251277,0.6903946577347453,40.84732,9.253434633164368,77.88806680467042,40.84732,9253434.633164367
1009166.1347621961,7.100934164434547e-06,1.1154401015560234e-06,2.2021421310172067e-06,1.6566233764782151e-06,6.420497928960237e-06,5.307125290453463e-07,6.211417923017909e-05,5.079527368309171e-07,2.9680620400362394e-05,5.380455595621966e-07,4.137916820799239e-06,1.287076209273659e-06,3.81542865757532e-12,717.8674512469577,0.6136727276691276,15.30327,0.8338652378039197,98.87985072507486,15.30327,833865.2378039197
1006733.7223598415,3.441534211635911e-05,1.7533154534936411e-06,8.899739371081138e-06,9.995264243228249e-07,9.139127848897994e-06,1.778105663809082e-06,2.219688341890522e-05,7.006621388911024e-07,4.8504712835203986e-05,1.6892267132625947e-06,8.43519773024534e-06,1.1313036045395937e-06,3.786812559377312e-12,333.03934944231287,0.47735415774911155,31.30297,3.266277640158517,81.3939849245362,31.30297,3266277.640158517
1008628.3315896449,1.4725059568697648e-05,1.9283364383654016e-06,2.826231143638978e-06,1.0660315553374465e-06,1.30462888603701e-05,9.88019689560331e-07,5.511546006317726e-05,5.842881261397613e-07,2.7658617162935e-05,9.025263785911207e-07,7.5615788199487736e-06,1.6811710355224077e-06,2.3822996726938013e-12,1339.6359812429628,0.7392304286816725,21.16273,1.3716684103550556,92.95738922375276,21.16273,1371668.4103550557
1005810.7599900158,7.227906882924553e-06,1.2861540781244852e-06,3.7991455555849113e-06,5.206240673854967e-07,5.781759459589089e-06,1.4147454069822725e-06,7.566020937341211e-05,3.666489225152606e-07,5.9430988282258125e-05,1.1307054729140925e-06,6.363811250835641e-06,9.058715497273046e-07,2.9910285098820578e-12,1492.807998915713,0.5814294888923206,42.09028,4.189240009984203,92.68858736865116,42.09028,4189240.009984202
1008414.9415769861,2.1440441860542816e-05,8.737658834153281e-07,1.324364581852258e-05,6.934673364601427e-07,7.677185558828587e-06,1.4740359685287027e-06,2.450520718896666e-05,6.777948986118692e-07,3.317675113022129e-05,5.015630338848107e-07,4.774276997849523e-06,5.620245326513822e-07,3.869105435099191e-12,434.58366536409153,0.6516699711957687,19.96375,1.5850584230138993,91.15777053675221,19.96375,1585058.4230138992
0.417006975,9.887459648196792e-06,6.234882596499797e-07,1.4764635484398124e-05,1.2811987077212087e-06,1.1562966183309596e-05,5.103872888651341e-07,3.182371007892765e-05,7.92923724205252e-07,7.331546376379581e-05,1.2954874025433153e-06,3.837666181423366e-06,6.158628610414903e-07,1.1244197738993793e-12,1046.6921940529141,0.7748268430656634,24.39907,13.16841884027695,73.89549546288684,24.39907,13168418.84027695
1008084.2983988492,5.816647737694106e-06,1.1028499612399603e-06,3.868285588850624e-06,8.680565199998976e-07,8.342526048616316e-06,1.1394537222195324e-06,2.112380361763886e-05,5.769345316413235e-07,5.836654949039669e-05,7.254936852347569e-07,3.9953965490757866e-06,1.1630575872384734e-06,1.5917153187469663e-12,910.7439482845436,0.40646651373233467,18.58155,1.9157016011508268,95.25763224204285,18.58155,1915701.6011508268
1006077.8784841618,6.949643519813528e-06,1.7223198883000766e-06,2.158226050396494e-06,7.910074993000831e-07,4.224378143705856e-06,1.1569552469865075e-06,5.499397541413924e-05,6.109203079988719e-07,4.241470852063246e-05,1.9318976584214174e-06,5.2380525307524704e-06,1.3038815917867087e-06,2.2627172265000217e-12,579.4278945243497,0.45199526935260675,42.22337,3.922121515838174,84.48700324591488,42.22337,3922121.515838174
0.3567255,3.132845243808333e-05,7.985429542132697e-07,8.801803546019733e-06,1.0170645667456678e-06,1.1017240055211586e-05,1.2264951331978758e-06,2.9631504256453045e-05,5.16420130453814e-07,4.261569249954957e-05,9.432884465237182e-07,7.36846469077835e-06,1.7725636506692319e-06,3.0618232629917026e-12,773.8272251126573,0.5427751479257624,32.4366,10.491652883407408,81.69408761807392,32.4366,10491652.883407408
0.4033206542608595,7.255399144055095e-06,1.7295444702322084e-06,4.492636347121525e-06,8.591562087461571e-07,5.483404040536082e-06,1.452174282536978e-06,4.970715278834226e-05,3.6761611216098145e-07,4.6951320811850675e-05,7.319414173260732e-07,7.021014869149277e-06,1.9013805091368516e-06,1.1075704952994064e-12,1016.1646795481432,0.7893429531496942,39.7306,5.94799382956562,84.59666368441952,39.7306,5947993.82956562
0.41460030337308534,1.3992897877007857e-05,1.0456460731144978e-06,4.3397893581220855e-06,6.155014497163022e-07,1.0913561951549218e-05,1.7784698938825801e-06,4.032322398971424e-05,6.389738604935183e-07,2.4756899471090696e-05,1.589062854695117e-06,3.347970879152368e-06,1.1123482623480571e-06,2.2142481498855667e-12,1174.6938239755773,0.7162112046578695,35.36435,6.806682865076586,76.17417216900913,35.36435,6806682.865076586
0.21542279999999997,1.5119621262726568e-05,1.286209335722602e-06,2.0026397558809905e-06,1.2201841682952436e-06,1.1994835438300124e-05,1.4998419379076538e-06,3.334248968002876e-05,6.273266850776077e-07,6.802386225632597e-05,1.2545241343701535e-06,8.08327664462898e-06,1.425170273214398e-06,1.8737266972829977e-12,1145.9951803490587,0.5327507724929226,51.27696,15.487395173021874,70.8046572912922,51.27696,15487395.173021873
1014170.2430527804,1.2922689414768086e-05,5.272764952058993e-07,7.761685929121812e-06,6.310557285619268e-07,1.7020407894101375e-05,6.38082298005543e-07,5.629261182000648e-05,7.111029028698123e-07,2.901190198054321e-05,6.439908432158233e-07,4.645154017570125e-06,9.469575324561515e-07,1.885562866318197e-12,382.46040686164724,0.7305873686528999,54.39704,30.25002804859522,45.82975694721963,54.39704,30250028.04859522
0.465753081589515,1.7828214905284113e-05,6.467938093964509e-07,3.287318624261455e-06,1.870312975472185e-06,1.2017769636751628e-05,1.3935077693872143e-06,6.468746749688671e-05,6.762439473720132e-07,6.323032954486838e-05,6.80371353265045e-07,9.088345602598358e-06,1.0661158195109624e-06,4.2671112268524385e-12,944.3728120244831,0.44124104481990956,25.9787,7.576266736419399,93.23575311912533,25.9787,7576266.736419398
1011673.00884155,1.1604651326662447e-05,7.177019815398955e-07,7.942962811836024e-06,1.7801443780968923e-06,5.401184921108635e-06,1.4369366066083308e-06,5.444658951837992e-05,7.578169402944468e-07,2.5593849499067543e-05,1.8532387803311394e-06,3.7409579024913043e-06,1.9148826568565314e-06,1.3186302058742162e-12,1429.8841585655623,0.4886608507285544,65.90094,20.610891899827106,48.32699115845005,65.90094,20610891.899827104
0.31489292032411287,2.1196014716390648e-05,8.047709257110549e-07,6.807891351614673e-06,1.2949307527334736e-06,4.715298716040187e-06,1.6482103792588651e-06,7.357210537982606e-05,3.9186368291311304e-07,5.3562770137725544e-05,8.34198634562808e-07,2.084323167954175e-06,1.2240323264989719e-06,2.3052604097540448e-12,1443.1366712016077,0.779830830842621,44.69483,7.995834187035483,88.08871733226005,44.69483,7995834.187035483
0.40165639358285377,1.5977644205971428e-05,5.109538233414913e-07,3.8144845977164438e-06,9.8318632879233e-07,1.1951753684585688e-05,1.5688680081684263e-06,2.7290775987258016e-05,4.2037279229915845e-07,4.777498770275292e-05,5.904781406621397e-07,5.931069435868375e-06,1.01721200678127e-06,2.530934670027694e-12,1404.2142084398586,0.44527875755393626,26.9804,9.839624256685845,94.65257436983453,26.9804,9839624.256685846
0.349650075,1.36004278026966e-05,9.784012640202572e-07,2.1981710021298756e-06,1.0303147876582154e-06,1.2434102648333928e-05,1.120353428318773e-06,2.9044551750565753e-05,3.709993165168769e-07,6.395803601968376e-05,6.691361681610073e-07,3.28110043571688e-06,7.848516938569145e-07,2.075422051213346e-12,624.7981799831921,0.5311064577171123,33.37999,11.766698613670812,84.31892812442966,33.37999,11766698.613670811
1009373.7921696301,6.2488675665203525e-06,1.373507647109691e-06,4.1821420562607195e-06,1.7078695353662195e-06,1.4910599356922047e-05,9.67082761091173e-07,6.4609702126128e-05,5.472693553808868e-07,2.782337968421949e-05,9.028136661103041e-07,7.874888677340137e-06,5.327698476950314e-07,4.686747511561103e-12,545.480750788374,0.7386420314004615,20.87299,0.6262078303699796,93.68698889215462,20.87299,626207.8303699796
1060000.0,2.1307742544791318e-05,1.2197826376961986e-06,2.491743235660755e-06,1.8670668467398775e-06,1.4320617759319324e-05,5.24998199406401e-07,3.266439719416098e-05,5.183905812709492e-07,4.696016661270251e-05,1.8608352127723487e-06,2.433962667050516e-06,1.1356116868183577e-06,2.1405941166532216e-12,278.1850262477493,0.6930007124987607,-42.1852,0.0,0.0,-42.1852,0.0
0.3655412554790076,6.574272640260106e-06,9.699804949601817e-07,3.4575495539752932e-06,5.985533642101216e-07,1.5576916194560795e-05,1.0378271485840026e-06,6.556413245801074e-05,4.754383601670991e-07,2.5063346273939678e-05,6.044519381363709e-07,3.406547374052941e-06,1.534954372151638e-06,3.67909116930368e-12,756.5972971983851,0.42334766374691146,43.9782,6.1848897808396925,89.22092386059526,43.9782,6184889.780839693
1006004.5220171135,9.817077518478047e-06,1.4598813343573114e-06,5.54875472698862e-06,1.4996139915854e-06,8.249782330609246e-06,9.230002729419246e-07,3.025765850480597e-05,4.1154806753614293e-07,3.959789458531003e-05,7.987306876655754e-07,3.4417738123119725e-06,1.3962949788139682e-06,2.9365063211841462e-12,903.7542985515603,0.5358144811775917,35.19739,3.995477982886505,87.9587576861116,35.19739,3995477.982886505
1005223.833635479,1.6993271918428984e-05,1.9040492634467883e-06,9.956482652277538e-06,7.762829808312385e-07,1.2595031093021492e-05,1.1706385076734283e-06,2.558946920233363e-05,3.990270272057735e-07,7.547559577904072e-05,1.766597656003394e-06,9.492430218430322e-06,1.5420352766767104e-06,1.9917468769965883e-12,631.9832103924041,0.45445010940007724,28.37508,4.776166364521056,85.84888106621123,28.37508,4776166.3645210555
1008360.4146692362,2.9343468584407574e-05,1.6993464271233927e-06,2.180460326545474e-06,1.5191275242837479e-06,7.284987871483195e-06,6.873642751447228e-07,4.906451848916722e-05,4.3329956945859816e-07,7.552334410317103e-05,5.996762732302314e-07,8.208929403837713e-06,1.7007465143009636e-06,3.7853101475270654e-12,1239.105732916089,0.747394038192561,7.229318,1.6395853307637769,115.4166876751309,7.229318,1639585.3307637768
0.13959629999999998,5.774339058198583e-06,5.038755690812172e-07,3.967248185057889e-06,5.239781678661285e-07,5.555378677231246e-06,1.2024778137412866e-06,4.320182030813216e-05,4.163604860539795e-07,2.2985734411447734e-05,7.612936021831238e-07,7.86934941431878e-06,1.0349662962166765e-06,1.852476609828049e-12,962.3635560717504,0.7980401686332748,61.38716,12.849243518415163,72.74441119333633,61.38716,12849243.518415162
0.369410515511434,1.386923503810332e-05,9.994241133676934e-07,1.1095103960041342e-05,1.9737319814078533e-06,5.718618246417805e-06,9.317460594246106e-07,4.838781037456583e-05,5.119858006624272e-07,7.458652495726232e-05,1.219501208824865e-06,2.544890381392365e-06,5.044316711148737e-07,1.8031364543664208e-12,869.9082261340839,0.6954993835201392,35.88616,8.45773137954264,80.7410165578472,35.88616,8457731.37954264
1004057.5874834943,7.0864099982663585e-06,8.337395520300732e-07,3.0482443005608363e-06,1.888686407195209e-06,9.323903178574393e-06,1.5270735209892365e-06,2.5416190774849516e-05,5.555646255444511e-07,6.20190768999989e-05,1.3890440499549483e-06,2.7172554151124046e-06,5.455680916293769e-07,1.3801318551465814e-12,386.1763905157389,0.7364668179903862,52.4584,13.64484376412363,55.942412516505726,52.4584,13644843.76412363
1005196.3648595813,5.074201987882388e-06,7.629915029277315e-07,2.4102619478368984e-06,8.434138748085539e-07,4.052584031888634e-06,5.663249367273907e-07,2.807910530851413e-05,4.4391129763575297e-07,2.4971830793481985e-05,1.351994389054662e-06,4.2148602300296445e-06,5.1707690566684e-07,1.3042816609425963e-12,813.1589667888951,0.6074725201909742,24.33529,4.803635140418606,85.11743984850375,24.33529,4803635.140418607
1006741.4338286777,5.992690085592425e-06,9.408619386807192e-07,9.764180174059158e-06,1.740743064512428e-06,8.662060591722213e-06,7.800820186635135e-07,5.632022871436415e-05,4.811177125970985e-07,4.774895163256011e-05,9.778375431952859e-07,3.6802425579126844e-06,1.6534454723156552e-06,4.555394680872062e-12,623.0645104138515,0.64744460609625,37.01579,3.258566171322207,87.73379874585149,37.01579,3258566.171322207
0.35764577200762715,1.4467187712806893e-05,1.465137507891323e-06,7.711382243477765e-06,9.376663494516306e-07,1.701724982652207e-05,1.0774340245583182e-06,5.4987835997773605e-05,4.925099981621017e-07,4.2833755134060094e-05,6.431847088148318e-07,4.057446838240287e-06,5.912579307461448e-07,2.1264633510214866e-12,282.3185175233837,0.6749931371661082,36.64195,8.701584119694912,81.70293511962969,36.64195,8701584.119694913
1006491.2917584019,7.552172211948733e-06,1.4890821106802079e-06,8.676411441620597e-06,1.8044885092273345e-06,1.1485825033966575e-05,1.9095602579226413e-06,7.533822307133118e-05,7.541503378193159e-07,3.141917319275812e-05,6.351141087300995e-07,5.059291472408059e-06,1.0971412156150469e-06,2.6898817626174557e-12,1163.2929484212573,0.7526234840488213,40.39795,3.5087082415980855,86.3080256806307,40.39795,3508708.2415980855
0.323266725,3.6452706129583234e-05,1.3809013484568176e-06,1.0012823520040269e-05,1.2435755915056822e-06,1.0258431846647105e-05,1.2147968081946925e-06,2.7751084010675287e-05,5.588099442803632e-07,2.7758112082843716e-05,6.298707197030027e-07,5.72375249895669e-06,1.3240343034008517e-06,1.482221020259322e-12,950.8867041201045,0.7578086600904571,36.89777,13.835427404397684,68.05190746113121,36.89777,13835427.404397685
1005200.850190972,7.628966436608851e-06,1.080641710875386e-06,3.7205111213974755e-06,8.923928070980914e-07,8.78877760805813e-06,1.2219734830157175e-06,5.5567058371310625e-05,7.283576022163921e-07,2.7089467662454997e-05,1.5331338581399328e-06,3.1887569224879897e-06,1.8452249337571181e-06,2.506931282063756e-12,539.3493087966973,0.5015584992695121,34.53095,4.799149809028062,82.29178175300157,34.53095,4799149.809028062
0.26715149999999993,2.698748224467409e-05,1.4639455706701513e-06,6.852967554962928e-06,1.3660966436141388e-06,5.348062140858466e-06,9.289375049652457e-07,6.275533388284073e-05,7.157358134292356e-07,3.674612185190812e-05,6.477861148305685e-07,2.647779600536305e-06,5.50862802520635e-07,1.0933247145521678e-12,520.4361562932779,0.7604290383931869,44.3798,17.180452207775705,63.26168222125402,44.3798,17180452.207775705
1005574.0415348622,1.324578218909977e-05,1.0381393697773658e-06,5.451911345427722e-06,5.843992284610792e-07,8.806111995262799e-06,1.7299920962439096e-06,3.1465121985269783e-05,5.718644391418817e-07,4.336780735782575e-05,1.777637961736315e-06,2.957322694850421e-06,6.1492363124134e-07,3.696475649416692e-12,1178.5736751832872,0.43942256311987726,33.43937,4.425958465137697,87.47044944961104,33.43937,4425958.465137697
0.4676398874570682,2.6021441503818758e-05,8.670958432853998e-07,9.836508194518235e-06,1.6539966604211392e-06,9.662315353961652e-06,6.35750527160985e-07,6.805697181758746e-05,4.449479725667535e-07,4.3121878786953034e-05,1.159224451338577e-06,9.075507119261621e-06,1.7048571238567672e-06,2.3041068608803793e-12,857.6900133692468,0.6275685234021245,25.39671,7.675391501717271,86.2452723672907,25.39671,7675391.50171727
1008053.0846175699,1.0337868559933832e-05,6.695071958980571e-07,8.882982563543238e-06,1.328599051405159e-06,7.281345773731997e-06,1.0200706731359128e-06,2.5834740797157765e-05,5.988999182671814e-07,3.4550139471224005e-05,5.440314723963187e-07,7.703092722376745e-06,1.4154037841725959e-06,4.980288582196269e-12,1199.1392936748946,0.48079807763498134,21.9656,1.9469153824301193,93.87002245463073,21.9656,1946915.3824301192
0.3347793086586577,8.915518234343644e-06,7.600715067361771e-07,1.2832553759180365e-05,1.2233300461221895e-06,1.484197826724588e-05,1.6362251173970957e-06,4.4312220908796185e-05,3.9288829071594296e-07,2.1928648077648456e-05,1.5914790469088074e-06,2.5999525690541566e-06,6.690114616674748e-07,3.227161159820601e-12,1368.1016572348665,0.7470369937824286,42.59812,7.829391653653693,79.05715358300908,42.59812,7829391.653653693
0.30794625,5.243208204299864e-06,6.149029999225394e-07,6.398898803331145e-06,1.4726769856504857e-06,1.2946283896090057e-05,1.1279937113140472e-06,3.241125974810127e-05,3.6697441446575216e-07,3.043183473059023e-05,9.69919876800784e-07,5.7277614617472435e-06,1.3849599377933348e-06,1.36394625268762e-12,995.7042311893695,0.4785330471743776,38.9405,16.43123791582646,74.07073477102362,38.9405,16431237.91582646
0.34486072500000003,5.051337816381464e-06,8.895630786955437e-07,5.156954861738719e-06,6.693507038369295e-07,1.0396524452100727e-05,5.687468095806699e-07,7.646657239995657e-05,4.0425045060665037e-07,2.138846467681739e-05,6.163678181591702e-07,2.5534351098596497e-06,6.664142883962737e-07,1.2092993764222944e-12,1092.8217358975394,0.6801607995036661,34.01857,10.254341980188624,83.65670302583862,34.01857,10254341.980188623
1006784.9887528141,1.3022751251302401e-05,9.546909106389093e-07,7.56363219052056e-06,5.384957725505765e-07,1.0605279067954042e-05,1.4064342891406724e-06,2.263371146287937e-05,3.939025336894194e-07,3.495242564239037e-05,5.98326540378272e-07,2.6750921871648904e-06,5.912800808058426e-07,3.1946711773718007e-12,780.4383052645832,0.6891997436968653,25.66182,3.215011247185841,89.16193426573359,25.66182,3215011.247185841
0.334178044643641,1.9795232621297512e-05,1.8038274087846988e-06,9.247717274547157e-06,1.8210932813010113e-06,5.5007516048924645e-06,1.1858717783176736e-06,5.4997341003925505e-05,3.7080161970430663e-07,4.419146281321798e-05,9.093433930631109e-07,3.441928096660366e-06,1.0513892707500668e-06,2.89438239851664e-12,791.9462266997581,0.7507490058694595,48.36605,6.123063214254361,82.79119923784761,48.36605,6123063.214254361
0.5342557486365075,2.7015317910992983e-05,1.4674359275781706e-06,2.4644057658842072e-06,1.4426488208390455e-06,6.297975635974934e-06,5.747144983208244e-07,2.9667860050207503e-05,6.764069921555815e-07,5.15539666095764e-05,1.1897816114277344e-06,2.507916182742517e-06,7.979173646699138e-07,1.0141694081784407e-12,1064.4005292999077,0.7927935365874597,20.76223,6.401101054539699,81.65799922305106,20.76223,6401101.054539699
0.22422765423526367,6.8320206245725e-06,7.44026506481532e-07,2.5926528592838293e-06,1.6021206142553585e-06,1.036171636453254e-05,1.3206529435373206e-06,3.325230596202852e-05,7.796156436978799e-07,5.4382723738977774e-05,1.6013538389186143e-06,2.2242023729580776e-06,1.3988333593369769e-06,2.87034872927975e-12,1246.9708041095062,0.4858472666611473,52.72844,9.212361830589453,76.9046098836116,52.72844,9212361.830589453
0.6171094976402214,2.00118101898727e-05,1.1426673703771993e-06,2.589499099135789e-06,1.3095954083411952e-06,8.894861325999593e-06,5.119862875813729e-07,2.2883950355859872e-05,7.80368750964154e-07,2.357570096178788e-05,7.325117830980609e-07,3.956370041023671e-06,8.224683939621551e-07,1.6916512033654122e-12,676.6977913944376,0.5227780633049373,8.64842,6.721094094391145,97.25891141997384,8.64842,6721094.094391145
1060000.0,3.415413220622664e-05,6.708328394545868e-07,2.1119981611430082e-06,1.8442386021882526e-06,1.670386066954618e-05,1.4712497031899605e-06,2.0723836337344778e-05,7.937007502956094e-07,7.262017757860793e-05,8.980823092040654e-07,3.5804130048340024e-06,6.258581981475665e-07,1.4498631974988581e-12,843.3142167427391,0.4241235857199187,-41.0052,0.0,0.0,-41.0052,0.0
0.3236868,1.7377257569000633e-05,5.445125180964362e-07,8.512554308841438e-06,1.902620778132539e-06,8.007024513504209e-06,1.6516735619414931e-06,2.0630242572655485e-05,4.319563255371674e-07,2.3833082417857943e-05,7.385653932066002e-07,5.694117052630888e-06,1.743806547379014e-06,1.735084243605645e-12,539.3804106026053,0.7456220691162302,36.84176,12.78872246297194,62.92051741104583,36.84176,12788722.46297194
0.281132325,2.795880924793817e-05,1.2913654982557769e-06,7.292143212629016e-06,6.800316575278308e-07,1.2547596898739823e-05,7.427309418708502e-07,2.8272410251483846e-05,3.9769035315440957e-07,4.6987415103474525e-05,1.7604704566322725e-06,3.8414067401137824e-06,9.950038843278141e-07,4.355148418800612e-12,1031.7902891853132,0.5474264395928059,42.51569,11.123931600594071,84.44873117014681,42.51569,11123931.600594072
0.48847690386034415,3.2023424609284495e-05,7.66585521729617e-07,2.2793239711339775e-06,9.237821256509209e-07,1.1893523716464789e-05,1.9945718269278835e-06,3.3494857118466224e-05,5.055291156357172e-07,2.5402403554517872e-05,7.032916888815292e-07,4.32749014496766e-06,5.794877428342557e-07,3.844831167476895e-12,526.4294184764448,0.5736739486537339,29.64671,5.566910845586232,82.43539136488279,29.64671,5566910.845586232
1008876.309819522,6.2923930416482146e-06,1.0791405689504823e-06,9.42083465731192e-06,1.5099681375008303e-06,9.15078815063163e-06,5.275796358207716e-07,2.0752581725965437e-05,7.453978874138281e-07,6.000404847378373e-05,1.077499128069605e-06,2.350664458440824e-06,8.689088083602214e-07,3.4168398759416637e-12,316.97489422320916,0.4647497428172984,18.20322,1.1236901804780466,94.19654166354333,18.20322,1123690.1804780466
1003582.2947232606,1.4629087076956218e-05,1.0634448861057879e-06,5.666398244158131e-06,1.5418605973957297e-06,1.17626675973372e-05,9.301416971416429e-07,2.4559212224697766e-05,3.688699656009005e-07,5.4248574399221546e-05,1.9297344539225716e-06,6.213226788203699e-06,9.506002392597765e-07,1.3697416985122237e-12,255.1858121988392,0.5811852517773701,38.88683,18.016632102236358,56.41770527673948,38.88683,18016632.102236357
1007172.7523485392,8.348037637206184e-06,9.486135162568868e-07,3.173835508156776e-06,5.58417150027467e-07,4.319859576142808e-06,1.6707065374685736e-06,3.299488216601705e-05,5.499720077538763e-07,2.930395889399409e-05,7.58106867234213e-07,7.259782229045194e-06,6.372631980911722e-07,3.1054185049520273e-12,232.22718926264707,0.6260524852129701,33.78914,2.827247651460767,86.23247889495303,33.78914,2827247.651460767
1007273.9496649258,7.295999757810943e-06,1.0449134024651294e-06,5.79654731657678e-06,8.182803062012689e-07,7.93884242513235e-06,9.068713648997449e-07,2.8432112775207953e-05,3.686349911470638e-07,2.3636112129286466e-05,5.038036081250622e-07,2.754865629308845e-06,1.2676017365174074e-06,4.070233650073065e-12,460.4752994258067,0.5610319410460725,30.73026,2.7260503350741794,88.65546399627233,30.73026,2726050.3350741793
0.42143612540522674,2.765914080244272e-05,1.7887012237517066e-06,4.848402048739024e-06,7.112567111718189e-07,8.088012376944489e-06,8.628897473658811e-07,6.260969827848874e-05,3.8342075729748763e-07,4.5011522841526035e-05,1.0347138393232262e-06,7.614817715188862e-06,1.3185520368605783e-06,2.1478953743332895e-12,241.71001817923138,0.7919291265785825,34.86873,6.68193598379093,81.80294426824445,34.86873,6681935.983790929
0.39131416995671103,1.1558490646685824e-05,9.01954829681853e-07,3.7395999877917575e-06,7.904047351068757e-07,1.0326970470280035e-05,1.4242398228730628e-06,6.0218500698019726e-05,3.7483675003277393e-07,4.522211833967605e-05,1.259693768064314e-06,2.443027393923922e-06,7.093813213424633e-07,1.0321272938665044e-12,1051.6341517977598,0.6342258400796412,28.35031,9.84234020173156,84.94094126103751,28.35031,9842340.201731559
1009287.5896724631,1.549318721658163e-05,1.8441464184367582e-06,2.2934315059321477e-06,1.3470519828375403e-06,1.3532593955715713e-05,1.6424399600734365e-06,4.797055565104776e-05,4.464586462148146e-07,2.008409953833901e-05,7.064116529089774e-07,9.95960448200042e-06,5.477379128413103e-07,3.534373128053196e-12,254.9860032810136,0.6442233610416925,17.87602,0.7124103275368491,95.33117166435154,17.87602,712410.3275368491
0.3376276992344418,1.4196232384948894e-05,1.5322629309881867e-06,3.643120059242487e-06,1.5803694993727256e-06,1.5011075042856014e-05,1.8131798783788068e-06,3.4581499333173096e-05,5.841085388350112e-07,7.886557971789714e-05,1.2123138094921592e-06,5.6752026049989754e-06,6.585329640574419e-07,2.5859134490955574e-12,1090.7024268534876,0.7254661214786061,44.12615,7.257047030622327,82.9387337734754,44.12615,7257047.030622327
1006485.7688544273,1.1070065407452463e-05,1.081537755540014e-06,3.6065083164932923e-06,8.837893319087276e-07,7.397233783304833e-06,5.74012289358146e-07,2.6992660316017578e-05,4.525961739606796e-07,2.1408865483535814e-05,9.725091683423157e-07,3.0695712930941373e-06,6.909234405070399e-07,1.323601878446832e-12,619.0154028532045,0.4732061332790119,53.8667,21.532172628483348,53.514231145572765,53.8667,21532172.628483348
1006082.4162689302,2.3148262203694306e-05,1.9106741255879203e-06,7.710563002092626e-06,1.1409556250149728e-06,1.0220317815005367e-05,1.7702330044371144e-06,7.952128875715569e-05,5.140357144997056e-07,2.0410633432249188e-05,1.340688224501161e-06,8.666448987713412e-06,6.286310586769676e-07,2.0003555413867525e-12,1484.4586926883512,0.6641289178716141,31.83313,3.917583731069803,86.7186988584436,31.83313,3917583.731069803
1006706.2560750508,5.281138394492533e-06,9.556385446042126e-07,5.651795286106332e-06,1.557926806500399e-06,9.547473494851207e-06,6.342204787564397e-07,2.2627005002561938e-05,3.761394847451661e-07,2.4909860617836458e-05,1.257637345500049e-06,2.0902697140111137e-06,1.5225599253194634e-06,2.746581226860275e-12,323.6014649607626,0.7723555353341591,30.01295,3.293743924949258,81.4123912371458,30.01295,3293743.924949258
0.317565825,3.5053006879019196e-05,1.8498756732269246e-06,1.0008443976889756e-05,6.927570864681141e-07,1.2033651485340774e-05,1.4160295226541009e-06,4.41717787937495e-05,5.791691384529243e-07,6.820615549826324e-05,1.4743497983786648e-06,4.116936277223237e-06,6.126826006382095e-07,1.197441694339791e-12,1468.8146924808163,0.7850076914501583,37.65789,14.384028314262954,70.98364765957544,37.65789,14384028.314262955
0.39593032499999997,2.286070976311498e-05,1.0533636874168086e-06,7.059662423084219e-06,1.9041727706733988e-06,1.7806014327424594e-05,1.0114570068480092e-06,6.192996936740839e-05,7.104893448587449e-07,7.679521459990114e-05,1.8102029864344371e-06,8.433804366369124e-06,7.621929426401877e-07,1.2491829949253159e-12,1185.1824705028216,0.5805165378654097,27.20929,12.389288820694338,77.38263910549969,27.20929,12389288.820694339
0.41645249999999995,3.117807810100247e-05,8.190944480007428e-07,5.624236902652021e-06,1.8077617878585344e-06,1.0028433834843575e-05,9.206388243755834e-07,4.038154126148191e-05,5.105993210056048e-07,2.0322361396816285e-05,6.35141555338823e-07,7.3875931849855525e-06,7.164814995337813e-07,1.0782697025094526e-12,816.5999272186873,0.5893101026612044,24.473,13.910060068997687,74.69878939976977,24.473,13910060.068997687
1009153.7547218947,6.075568054142508e-06,1.6079084229556272e-06,1.0912782640824481e-05,8.470387133489488e-07,4.587350600923542e-06,1.1418402137166334e-06,2.27049587484581e-05,6.039543928220187e-07,2.2471011087516405e-05,6.222912904081114e-07,8.390836206595735e-06,1.2733958129543577e-06,2.5863828905209074e-12,1228.9022729914952,0.6399606843901049,21.52656,0.8462452781052618,92.3848369763691,21.52656,846245.2781052619
1007393.923837716,1.2061618849711658e-05,1.7503255078972966e-06,2.708143048408989e-06,1.3683249553373464e-06,7.518467012179642e-06,1.8487374112222105e-06,5.064965102690212e-05,7.085244459675106e-07,5.0251506714950256e-05,5.359055831156647e-07,2.1437782120197654e-06,8.174953848506238e-07,3.1523368515462446e-12,536.2468747506882,0.7161883416427284,38.0048,2.6060761622839563,87.95721513920282,38.0048,2606076.1622839565
1000354.8599501548,2.5853324193823565e-05,8.994067317208899e-07,4.086349502241435e-06,5.314634511294092e-07,1.7015484182277085e-05,1.2181177700618805e-06,2.556302505848938e-05,4.5168002240158277e-07,6.904445814513287e-05,1.3030215014052648e-06,4.911186190449822e-06,7.93671457248801e-07,1.8356170450126624e-12,339.1115539725116,0.7724040670998081,39.73892,21.103160850121885,59.645140049845246,39.73892,21103160.850121886
0.4538817690689568,1.673769947869509e-05,1.644884905448718e-06,7.540021934020625e-06,1.216177504443287e-06,5.358959695188278e-06,1.2141925658723516e-06,6.818880677451425e-05,7.54234626972871e-07,5.2927666986548535e-05,7.40247681398245e-07,5.336779261845604e-06,8.511358667778656e-07,1.4921151229840091e-12,544.2807824628312,0.6447215748706706,34.50481,5.493286237241727,84.4005705949749,34.50481,5493286.237241727
1008383.7614804407,5.273611170147279e-06,9.369990777796468e-07,3.7531299218588924e-06,5.469647849730104e-07,4.075479388358472e-06,1.0879907473424175e-06,2.3044450239811645e-05,4.033333420590476e-07,7.794478899044165e-05,8.18550157668168e-07,6.796441781102903e-06,1.5702993499469959e-06,1.9240787459816964e-12,905.4055542552878,0.4500230789194801,19.20768,1.6162385195592721,95.47221724636407,19.20768,1616238.519559272
1008558.4188602899,1.4216817438673546e-05,1.1078332090363128e-06,9.81193103742474e-06,6.801878615719904e-07,9.456812670735174e-06,1.0463800094034959e-06,4.0100426283956965e-05,5.878382539114659e-07,6.777102316137078e-05,6.049629855927403e-07,3.032046209634222e-06,9.720127887341931e-07,4.9248876848929605e-12,1178.7638603551095,0.5780697274265959,21.1979,1.4415811397101925,95.18126516587185,21.1979,1441581.1397101926
0.2347788,1.6554813310230328e-05,9.011435638198366e-07,7.02105469398317e-06,5.459421361750497e-07,6.4815798249164655e-06,6.731050541453322e-07,6.317669679855721e-05,5.75032838634866e-07,5.70955063657805e-05,1.3656063827643652e-06,3.557005171131956e-06,1.425019944111162e-06,2.6252179513011406e-12,1259.3223811106282,0.7994315946720495,48.69616,13.72468357765488,80.55093953941339,48.69616,13724683.57765488
0.29577165,3.072468862447055e-05,1.346738314182868e-06,2.4860051040014322e-06,6.720719469411321e-07,1.2738515040421025e-05,1.7277385734107693e-06,3.211969142731701e-05,7.879622322649547e-07,2.1251751122080946e-05,7.115440887304564e-07,4.896239549742778e-06,5.699041158901159e-07,1.707548619976487e-12,1279.0764250638429,0.4087723490894132,40.56378,18.18451337090879,69.87929301232305,40.56378,18184513.37090879
1007380.9154192905,7.055010248428078e-06,1.7566882218873606e-06,3.5047870160268e-06,7.600553211122603e-07,5.048498136930317e-06,5.942486650994819e-07,2.289008622234089e-05,4.640241473521845e-07,2.089462112099567e-05,6.536078540685869e-07,3.1852145361992126e-06,5.199734708845309e-07,2.4915482449154157e-12,722.6841710408503,0.4252718373240418,31.44283,2.619084580709428,88.0650467704575,31.44283,2619084.580709428
0.36373785,2.4062999791243956e-05,9.783883868458001e-07,1.2551500562822712e-05,1.409363353562555e-06,1.38657808249307e-05,5.960703690915088e-07,2.862714344475253e-05,5.532958950215833e-07,5.6804937010388896e-05,1.1982872942305707e-06,4.821253390906645e-06,1.8827640502753999e-06,3.235107141782888e-12,1326.1883789369167,0.5846900249520777,31.50162,10.414439637272539,86.85093979501018,31.50162,10414439.637272539
1006172.5307055573,1.5729347876941678e-05,5.71884703039365e-07,2.3480205692531068e-06,7.278636667784391e-07,9.191949483984894e-06,1.9869462064959692e-06,5.9568669312071786e-05,7.039016166158067e-07,4.740683348548047e-05,1.787859600457943e-06,5.482740352338149e-06,1.8587978219381397e-06,2.4075661169915323e-12,1001.4086161711687,0.6153615016263922,23.52121,3.8274692944426487,88.79947267687274,23.52121,3827469.2944426485
0.341246175,2.6653020655320143e-05,7.061034949431658e-07,1.427047997409618e-05,8.655296418443203e-07,1.082441564405793e-05,9.206299367277077e-07,7.263271870266886e-05,4.880730829026688e-07,3.083781647036267e-05,1.7231477344640356e-06,2.3128320626925284e-06,8.013864297915717e-07,1.5225941559161232e-12,607.6223726917287,0.6639626415053026,34.50051,21.913038362029706,61.5689725171523,34.50051,21913038.362029705
1006391.6255830965,6.293515142788845e-06,1.170718491651809e-06,8.573499787382022e-06,1.2825775762414217e-06,4.395530532535971e-06,1.2967543912412996e-06,3.878539333484809e-05,4.803993300062447e-07,5.256060141476166e-05,8.484960323529189e-07,6.118585857796322e-06,8.136735989370505e-07,1.1199433742408767e-12,302.1882232220977,0.6731064222103287,28.2103,3.6083744169035255,86.71584200271802,28.2103,3608374.4169035256
1007845.9549401968,5.68645465771922e-06,1.5856210736719633e-06,5.910894792692091e-06,1.4565798426034113e-06,1.4671718941869358e-05,6.663181389591858e-07,3.092505192458206e-05,4.997573515287578e-07,5.346939124056041e-05,5.952328583343351e-07,4.5789651539220816e-06,7.168835443517877e-07,1.8209092578431025e-12,272.55477229265716,0.5942032516231488,25.39592,2.1540450598031553,90.25565186531631,25.39592,2154045.0598031553
1007732.4932792856,5.538069940387846e-06,1.1393687844669908e-06,7.429872010287049e-06,7.590493119156395e-07,4.977837908045707e-06,1.0429758162114425e-06,4.4714036457735566e-05,4.1529082175142217e-07,3.003479306897691e-05,8.424547090025589e-07,3.657421143389297e-06,1.6590620138685523e-06,3.5404047430219876e-12,1162.7280892434235,0.6227009493511632,33.33885,2.26750672071438,89.92865072596875,33.33885,2267506.72071438
1060000.0,1.2351823476038805e-05,9.965450257068895e-07,2.2119999461850523e-06,1.4931466221343977e-06,6.099321927795813e-06,5.100498472870056e-07,5.983567689330184e-05,4.6138552618781013e-07,3.597965524626463e-05,8.283859787530982e-07,6.755188217150164e-06,8.009774210228378e-07,4.205380467297658e-12,942.5731941000198,0.7130067347079257,-1.44003,0.0,0.0,-1.44003,0.0
1008118.4839378175,9.497134624227358e-06,7.780121090105274e-07,3.120215640652941e-06,1.4768455869946805e-06,1.461893754825857e-05,5.20432394572025e-07,2.397800551435073e-05,7.136944522017299e-07,3.338174408953363e-05,1.5134698392296376e-06,8.1893190148437e-06,1.4809862169381316e-06,3.95477558560246e-12,439.6229654666193,0.5674935887351851,9.848174,1.8815160621824893,100.71819174667122,9.848174,1881516.0621824893
0.41395702500000003,2.14621597490387e-05,5.390103215200451e-07,4.446142448260121e-06,7.944366931323577e-07,1.0646371292936922e-05,6.86724924409467e-07,2.154567261850593e-05,6.269715924537363e-07,5.100133817541455e-05,6.243938711920045e-07,2.7011847733725977e-06,6.3719896029226e-07,1.6053720363677283e-12,1452.262660791334,0.7192767603752802,24.80573,15.149182365665894,84.67684384321203,24.80573,15149182.365665894
0.4262152565500734,1.2180268615225439e-05,1.696672855197772e-06,8.096147941014763e-06,9.645292252414386e-07,7.629779494775092e-06,1.4415469418816048e-06,4.6801223915597586e-05,4.91585867797384e-07,2.3090711053043442e-05,6.389411805584432e-07,6.261786606781559e-06,5.742812645842551e-07,1.8212635933729128e-12,1464.1358763525104,0.601344197438018,37.0596,5.833509737997064,85.593445806031,37.0596,5833509.737997063
0.13929409030924988,3.654403368421122e-05,1.047403842188967e-06,5.66888290557375e-06,8.564790447207781e-07,4.40530774962322e-06,1.4349354954860736e-06,7.775081016476215e-05,3.6434194382527484e-07,3.86152485607211e-05,1.0228118307034995e-06,3.783369039958224e-06,1.3397224096461573e-06,4.933151968230418e-12,366.20779599732856,0.7498475226138,71.35442,7.021910387630003,82.12437944927406,71.35442,7021910.387630003
1007605.7599851107,7.163156984467904e-06,1.141593309103776e-06,1.3339366168850702e-05,9.254177516977522e-07,1.416335917713451e-05,5.095303357971768e-07,6.0789747107427935e-05,5.140551658717246e-07,7.936110126157588e-05,8.809288231228609e-07,3.054530995689254e-06,6.277316626990545e-07,3.694502357285199e-12,298.9815964658346,0.6921787444082133,26.18619,2.394240014889255,90.09021892239726,26.18619,2394240.014889255
0.34367024999999995,3.383614596653019e-05,5.384717014185982e-07,5.804021885067369e-06,6.866349191176205e-07,1.3585730204817996e-05,9.709329764808564e-07,2.7433750929906507e-05,4.7445344434364546e-07,4.5236408859471844e-05,8.536632036693785e-07,6.71500204772175e-06,5.344724075131305e-07,2.439521295042496e-12,1465.8137877635752,0.6542232041621316,34.1773,24.23459491518135,84.64742729188181,34.1773,24234594.91518135
0.37816950000000005,1.0758577622905715e-05,7.21691516310682e-07,5.6345674019636855e-06,7.681851054407464e-07,4.878844929237632e-06,1.0829631589126674e-06,5.66610406543041e-05,5.381422141585137e-07,6.761296450577243e-05,8.259110722603288e-07,6.713515906540658e-06,1.8661270956368063e-06,1.078836895857033e-12,1078.5668233628912,0.5716949023439428,29.5774,10.282033399821474,86.47956357217518,29.5774,10282033.399821473
1006040.0952416951,9.437713281151965e-06,8.321147885187877e-07,7.443052939878429e-06,7.994492773725414e-07,5.056609057485488e-06,6.568421691123246e-07,6.774474071746971e-05,3.934919898036933e-07,7.407201940811386e-05,6.191357450273902e-07,6.300040607504789e-06,9.297397264005157e-07,3.451698141657437e-12,999.2096021395548,0.6945915929406052,30.9068,3.9599047583049836,92.5392286183566,30.9068,3959904.7583049834
1008594.2284557255,3.814387934620889e-05,1.2872963297720469e-06,6.9864942481712635e-06,1.5488504061821114e-06,4.5854222122821745e-06,9.181340577379004e-07,5.8446121897978225e-05,6.626781956035224e-07,2.8007096142929668e-05,7.510285500688919e-07,5.616040111078874e-06,1.399123181660862e-06,2.1978380359204153e-12,239.91662449476559,0.7470439339655758,69.7137,17.13504236571033,51.40577154427451,69.7137,17135042.36571033
0.19191547499999997,1.5858612289766296e-05,8.461667762198742e-07,2.8154113250371073e-06,5.530768773765242e-07,8.587840831934543e-06,1.3457715733042633e-06,4.959207509187092e-05,3.7790237804642875e-07,6.469210974651524e-05,1.1594825039007999e-06,3.728625556242432e-06,7.041115669051127e-07,1.0694213009388597e-12,627.6367055564048,0.6541366582940874,54.41127,31.43113375385952,61.16396492273991,54.41127,31431133.75385952
1007759.4354973537,5.357383286982694e-06,1.162927836885656e-06,9.881012847084183e-06,6.873366564861366e-07,1.2727697882266928e-05,1.0042250628996287e-06,2.4446919640892877e-05,5.925740291212191e-07,2.7489382767329365e-05,1.6194915305782102e-06,8.258288900812408e-06,5.082571831089667e-07,3.977437478032216e-12,1322.1896470338556,0.7151357014011419,31.12681,2.2405645026463206,84.65273560937388,31.12681,2240564.5026463205
0.3756018752227933,2.3309513777665255e-05,1.0205907226992778e-06,8.449573146757271e-06,8.661435472198652e-07,8.58007419024201e-06,7.43915915765272e-07,7.01287476045385e-05,7.054915613318474e-07,3.2280898995458855e-05,6.348554069201092e-07,3.010510139267822e-06,1.7821015334861018e-06,4.654509073048502e-12,540.1485908065276,0.5709989906951404,37.74407,7.652703991088267,85.3477799403797,37.74407,7652703.991088267
1007284.6685861405,2.7847649097174752e-05,6.692105201395642e-07,5.878384174298887e-06,8.254561752019216e-07,4.4479738528722195e-06,1.153113729289269e-06,2.7036068774789706e-05,6.318891806649242e-07,4.301805001511138e-05,5.109093309485945e-07,6.035197096760188e-06,1.425337458560954e-06,3.626541711429964e-12,1070.3735404956947,0.4963694263805431,22.97087,2.7153314138594435,92.63329096530467,22.97087,2715331.4138594437
0.270475425,1.7258047574435913e-05,6.130884471358287e-07,5.017525884080078e-06,1.0032481186620175e-06,1.1591200666352392e-05,1.6797737500893567e-06,5.543058694002831e-05,6.84048250043202e-07,4.394798674534766e-05,9.019816032742656e-07,5.13871075163411e-06,1.0202940020165303e-06,1.2833432627240809e-12,1352.7422569217863,0.6762399661506726,43.93661,27.027945787213575,65.22553620294285,43.93661,27027945.787213575
1008013.192898629,5.675276548806374e-06,1.9812560507940917e-06,3.7691080023082417e-06,1.1153916264356967e-06,4.953527662493464e-06,9.717671396131054e-07,2.9250913904453813e-05,5.154110204480386e-07,2.4200898029172955e-05,8.430466268767105e-07,2.120766747011078e-06,5.660821880599545e-07,3.232055497146066e-12,977.6825741125726,0.6990795968875494,40.50873,1.986807101370966,87.16541248843276,40.50873,1986807.101370966
1009495.8523653259,1.1049763844627934e-05,7.096927436043813e-07,3.430607768421807e-06,1.752138873362041e-06,1.5252902361130184e-05,1.2289233749350372e-06,4.5465927689815774e-05,4.0995541557413565e-07,2.7720084451279e-05,1.0988742873611642e-06,2.361380847143905e-06,1.93397859029022e-06,4.883334483125174e-12,1057.3902727262475,0.5999876708688843,5.999697,0.5041476346740557,118.63176366794423,5.999697,504147.6346740556
1005100.3515757429,1.1295056703844703e-05,1.5516710969090632e-06,1.3391418655296024e-05,1.0966950993312067e-06,1.9472911604260926e-05,1.0239620210242965e-06,4.082259454040761e-05,3.744773167827447e-07,4.457232227178373e-05,1.8003109004889664e-06,2.6200251018776123e-06,5.914192757136221e-07,3.719712162325179e-12,219.37368095404315,0.4920077776185547,37.8479,4.899648424257087,81.87882047809593,37.8479,4899648.4242570875
0.181595325,3.1752957812748755e-05,5.11410928571624e-07,8.058964009729351e-06,8.537464828903618e-07,8.042524053114053e-06,5.861040295170837e-07,7.062022916228715e-05,5.400623541146751e-07,4.799081036895416e-05,1.2683439819599037e-06,4.910560139581617e-06,1.5200052808959755e-06,2.168189533245979e-12,702.1039788291864,0.4044816331498058,55.78729,48.83512166349813,60.77645827281956,55.78729,48835121.663498126
1007045.8942990298,5.949474768198843e-06,7.531156936157595e-07,4.237798029923154e-06,1.5091321784283716e-06,6.366449343283513e-06,1.7832863129417192e-06,2.7711092740674487e-05,5.598700787614094e-07,7.245636110957928e-05,1.2309321874611266e-06,5.61276563932331e-06,5.625700936187037e-07,2.27357184711567e-12,261.57408447578115,0.5930351384769785,27.77235,2.954105700970179,87.87797987764557,27.77235,2954105.700970179
1005829.1558716573,1.2003211767263418e-05,1.4163229622584458e-06,1.1227166965166197e-05,1.2167468601412039e-06,5.474574156771963e-06,7.677242046072363e-07,6.64702665554232e-05,5.760455770787228e-07,6.338383938612186e-05,1.4950678616170439e-06,2.1154488399110495e-06,6.584343405521947e-07,3.4703237665303146e-12,221.97220693645824,0.7341204308020974,39.65334,4.170844128342751,82.910424364215,39.65334,4170844.128342751
1005817.9187525207,1.1589618778925548e-05,6.438331871114887e-07,4.215544355951078e-06,1.5488105773804027e-06,1.8260350973938753e-05,1.8725363875910937e-06,4.521033432176836e-05,5.105451091817318e-07,2.217702359714582e-05,5.13732880608773e-07,6.062369768457158e-06,9.14987105435967e-07,4.7830978220022175e-12,1068.9745501198936,0.5688327201267259,28.76814,4.182081247479286,90.69977775848677,28.76814,4182081.2474792865
1007584.0226673036,6.054512020494633e-06,5.091221807935443e-07,7.36989640322729e-06,1.7804966821069531e-06,6.473147463266777e-06,5.637328306823278e-07,2.2666985636937782e-05,7.044576288309546e-07,7.924034059421371e-05,6.828264771838868e-07,3.1497357049843455e-06,1.5321161944812746e-06,2.3911112886012503e-12,330.7430581634511,0.6456474000750331,15.26534,2.415977332696438,96.47413328156556,15.26534,2415977.3326964383
1001826.8846680772,3.40389014973567e-05,1.1352126497288778e-06,9.483092809031545e-06,9.58511439182703e-07,9.278471528608073e-06,5.105374818959252e-07,5.8401732121637646e-05,6.605921294158347e-07,3.629555844200999e-05,1.0691538903117563e-06,3.2112028186896886e-06,6.077936152238805e-07,2.3629621241720466e-12,937.708466753231,0.6487320315994514,61.96473,28.414269729019587,58.173115331922745,61.96473,28414269.729019586
1006822.8157085646,6.963655982085361e-06,1.1597923231502576e-06,9.724690025996349e-06,1.0395138402359552e-06,9.538032327783443e-06,1.0837711371799377e-06,4.112677732934205e-05,5.978735393631743e-07,2.35646876343598e-05,1.0412216747593449e-06,5.995385920917748e-06,1.2156074587671425e-06,3.5180941976462087e-12,294.44220493219547,0.41225395015178845,32.7206,3.1771842914353496,84.70957759817301,32.7206,3177184.2914353497
1007284.8393147971,2.654706283284631e-05,9.059533269183257e-07,4.156194989841254e-06,1.6108095265677843e-06,1.0000422530336058e-05,1.7333756788457383e-06,2.065866836510687e-05,5.7881206182248e-07,2.3833790191845578e-05,1.8487319135349172e-06,2.47619047757853e-06,1.6962620312724092e-06,3.4199002707587685e-12,666.0586974838209,0.7397080509763726,26.28527,2.715160685202908,78.08334934643582,26.28527,2715160.6852029082
0.4451828249205427,1.8572644101337923e-05,1.1131318238704997e-06,1.0671815169207063e-05,6.477656802119017e-07,4.095714125042296e-06,1.939326514767937e-06,4.3067274981803705e-05,3.616839622777031e-07,7.398414908260141e-05,1.734650110924066e-06,3.619353800898663e-06,6.064246994561855e-07,1.1243790319427322e-12,799.281168502338,0.5342457607701324,30.92001,6.91668400317829,82.92349163366639,30.92001,6916684.00317829
1007696.2928402118,9.613034058036232e-06,1.8851428127781163e-06,5.058916668847717e-06,9.420243811088464e-07,1.246175431040386e-05,1.2674496342121531e-06,2.4215645942337085e-05,4.5627669215001014e-07,4.608337438627884e-05,1.4825869428165009e-06,2.3363124446394076e-06,1.2709863568501037e-06,3.8325704959749064e-12,916.853560418259,0.5121323528644504,33.67715,2.3037071597882863,88.38395076233115,33.67715,2303707.1597882863
0.415630911695554,1.7723395355539586e-05,1.1363767696147021e-06,1.3290988782745392e-05,9.147725053296051e-07,5.3185832663732225e-06,6.078665555259013e-07,7.39243811598557e-05,4.701346504553485e-07,4.516702069256301e-05,9.3210100330705e-07,7.3791855977827675e-06,1.697348600284915e-06,4.349589320430853e-12,543.6339559950524,0.6925645123912136,39.08128,5.6503795321778405,85.87835855597413,39.08128,5650379.53217784
1006793.6392697203,8.700698509685346e-06,6.003104552046393e-07,1.050689744487479e-05,8.08445760736957e-07,6.416696057492011e-06,9.809239067709765e-07,6.364365307158775e-05,4.6442329156791473e-07,5.893009461687526e-05,5.95774421328378e-07,7.791211918542328e-06,6.083914896328954e-07,3.893363592094053e-12,677.3195307405922,0.7322018146516707,27.6648,3.206360730279681,90.93154828008426,27.6648,3206360.730279681
0.4956505602750186,2.1899832823039032e-05,5.126775512171946e-07,8.7821863601535e-06,5.459113744210449e-07,7.606022795467497e-06,1.8033526400700004e-06,6.949710341877292e-05,4.99445843212049e-07,7.470880512212558e-05,9.452162348019457e-07,2.8099776765416595e-06,6.03750698918983e-07,3.91254890864088e-12,811.0035143006094,0.47105012984007205,28.67427,5.571696588999256,91.89509503641145,28.67427,5571696.588999256
1006769.9618761954,7.01670201829464e-06,1.0867198097264407e-06,3.873790747213684e-06,1.3587113526903178e-06,1.4207970460325005e-05,5.035174672279949e-07,2.2625016022932883e-05,5.453699097150669e-07,7.415992248208163e-05,1.5514897546577268e-06,2.6839813810767397e-06,1.2992640054717897e-06,3.1711380277543275e-12,512.4816180550777,0.4544998884012872,27.69986,3.2300381238046674,88.17522570635019,27.69986,3230038.1238046675
1001983.4540763869,1.1966953237671465e-05,8.579539670231028e-07,1.3131143704836784e-05,1.8004929668183681e-06,1.4375740351862384e-05,8.38732838929104e-07,3.8985581380556524e-05,3.773412957704201e-07,3.255467061985481e-05,1.0904446434491551e-06,6.150656998786353e-06,1.8629419763846688e-06,1.1585974422021034e-12,946.6692312310781,0.7898898273737005,36.76756,19.309848776372103,58.01654592361314,36.76756,19309848.776372105
1005895.2294181465,1.7792327283848743e-05,1.6106924087954765e-06,1.191939677324655e-05,5.81727174590638e-07,1.4880459928883781e-05,5.63445234931887e-07,2.58803935682425e-05,3.840143838087373e-07,6.775013781077609e-05,1.402242969520788e-06,2.8839298926090663e-06,1.5517336297895362e-06,3.5887549504310585e-12,269.21214511290304,0.6278047506098875,27.64981,4.104770581853444,85.11075513873197,27.64981,4104770.581853444
1009551.414879551,7.572432465685277e-06,5.232803855880267e-07,2.3070366273376617e-06,9.077556657552793e-07,6.6293925613885815e-06,5.102979225696937e-07,7.536852754999829e-05,4.418020428120787e-07,5.282870787769188e-05,1.9669339633971198e-06,2.2992032629680758e-06,1.0058115475221977e-06,3.538641368858031e-12,930.3066918610741,0.5308915218684878,2.998554,0.4485851204489524,134.29021190664264,2.998554,448585.12044895237
1006104.1883023023,9.196180609906648e-06,1.5384273698115618e-06,2.656328090138377e-06,1.0980729870397566e-06,8.499732722400902e-06,1.1377599133872083e-06,4.426506982001081e-05,7.183640637328769e-07,3.541228733514538e-05,5.999899012631798e-07,3.0250236920423197e-06,1.8830871536987195e-06,3.4308743079815497e-12,737.4454840066438,0.6930809828284108,42.43714,3.895811697697699,86.12881957868741,42.43714,3895811.697697699
0.254709975,3.675673186938582e-05,1.5011447191557306e-06,5.641545916592311e-06,6.081509448941878e-07,8.579581041661844e-06,1.5257800073658488e-06,6.155489467930003e-05,3.845580188224189e-07,6.980803308151343e-05,1.3667086418356284e-06,2.2411112523731597e-06,7.148110571778988e-07,1.0758110220293362e-12,657.3335111669313,0.6245921363353367,46.03867,27.457532564417217,65.83738452802746,46.03867,27457532.564417217
0.39206850793675335,1.780548354460617e-05,6.799771054222691e-07,2.8928113765809196e-06,9.569690249479757e-07,6.449013151830942e-06,1.9207109268093198e-06,5.9271686687191344e-05,6.440102906356093e-07,3.669798348068292e-05,1.0338564098973991e-06,8.26111210536855e-06,6.992659484989349e-07,4.064924510199307e-12,396.79911171555455,0.6119758726968632,41.15936,5.969451682529865,81.65973493552804,41.15936,5969451.682529865
0.4669835690065215,1.1622292855943253e-05,7.300246028807426e-07,6.005161526141682e-06,5.277167151049267e-07,7.981870844038354e-06,6.540678809349104e-07,4.274949502799818e-05,7.934640303420183e-07,7.960790767959025e-05,1.7195028429396343e-06,8.948193768197966e-06,1.0046964236781364e-06,2.4124046262330003e-12,1457.9749064888042,0.5271677964931785,26.54357,7.357586239739142,89.66164196081264,26.54357,7357586.239739141
0.43689889257611014,8.030459893184296e-06,1.7928747192056728e-06,9.98040796310133e-06,1.1985116676340466e-06,1.5705488547643725e-05,8.776906145975948e-07,2.4213296228657367e-05,3.738966869336808e-07,3.177704545664545e-05,9.272512139397289e-07,4.088893363680484e-06,7.337703107199656e-07,1.084009385776455e-12,668.1379093504052,0.647949851559292,32.05646,6.907106296955594,78.91845168358796,32.05646,6907106.296955594
0.30426567652452885,1.0405293457768898e-05,8.284256671495432e-07,4.451301163550529e-06,6.65255282783373e-07,5.367997686608907e-06,1.5684112533715465e-06,4.557154365927015e-05,5.544466851698684e-07,3.174683998619137e-05,1.4452504770441228e-06,2.376390097131915e-06,9.908709056095223e-07,3.084360919462439e-12,1149.8058314310256,0.6664329647723224,49.19982,7.069426939018847,82.27523425265987,49.19982,7069426.9390188465
1007775.9747732144,1.7414212490467323e-05,1.715901133566019e-06,2.4451175577602846e-06,5.612320578970943e-07,4.6993610599803514e-06,1.4720415164375284e-06,7.37584108882474e-05,3.882954064611167e-07,7.849280579711072e-05,5.134135272148323e-07,3.393636949573639e-06,7.525523646079267e-07,4.55753420603738e-12,1086.5703121258662,0.4215933641396094,34.40141,2.224025226785598,93.01810420765847,34.40141,2224025.226785598
1060000.0,2.155603100517291e-05,6.312923519682601e-07,2.0982166784104737e-06,1.3511365813913253e-06,7.266783830659984e-06,6.914111064685662e-07,6.212376538471123e-05,7.578208256739861e-07,5.2680359650743225e-05,5.610944917734489e-07,2.6597210694150692e-06,5.004507713071032e-07,1.1423519490542173e-12,375.803114748844,0.575094952884665,-15.3361,0.0,0.0,-15.3361,0.0
1008681.6469940675,9.6008964815965e-06,1.5029244638320978e-06,6.25487569143161e-06,1.6746340672938428e-06,4.402135528346988e-06,6.223583218010443e-07,3.5686082154683606e-05,6.887348885315324e-07,7.150012258476602e-05,5.578231909171007e-07,2.3911748315338564e-06,6.732422221245234e-07,3.1833978857199828e-12,438.0206136290525,0.7514031152338521,25.89104,1.3183530059325348,91.0180652827829,25.89104,1318353.0059325348
1006168.7638392702,3.731710933136709e-05,1.239151617977106e-06,7.973820473564984e-06,7.16609632006538e-07,1.1091973589504151e-05,1.177127354911662e-06,2.090693016283446e-05,4.511040696665986e-07,7.525165355112777e-05,9.893997127122486e-07,6.850646254225156e-06,1.3271845050580433e-06,3.8931174818982966e-12,802.8042672086402,0.620297813563101,26.49295,3.831236160729792,88.9943573167736,26.49295,3831236.160729792
0.10195799999999995,3.463548758972843e-05,1.3347726031643034e-06,6.564738439578924e-06,8.306513432794768e-07,4.18471930450671e-06,6.883428533019252e-07,5.6646712171692454e-05,3.794095307115588e-07,2.0271396694172577e-05,8.61749723003697e-07,9.337244294345926e-06,1.1843384297289815e-06,4.763052646397979e-12,1204.7197575701625,0.40488192797679734,66.4056,12.848121470235776,94.66632520385907,66.4056,12848121.470235776
1008104.7703225731,2.0995616098729283e-05,1.1157056217305186e-06,2.012143039479851e-06,8.102391005507408e-07,1.8091540691510418e-05,1.6894735389693195e-06,3.622075167306201e-05,5.39441332349229e-07,5.268745111087292e-05,1.4345857085119088e-06,2.218453243008957e-06,1.0610716908412222e-06,2.742565653832432e-12,1382.814465626581,0.7821647024791878,18.40765,1.8952296774269068,93.2846018759475,18.40765,1895229.6774269068
1006470.8943719126,3.9216395854485495e-05,7.97535959425846e-07,6.910661425911413e-06,1.7216761286878265e-06,1.8748322015358342e-05,8.226486764730383e-07,5.735544240665187e-05,4.3731127697661566e-07,3.357993975032906e-05,1.0974569992357742e-06,2.5318305841338274e-06,8.251292184708486e-07,1.1204446163248469e-12,277.1223420636668,0.7855016424861335,9.059557,3.529105628087428,103.9555422601966,9.059557,3529105.628087428
0.28381054363659847,1.6337457139172666e-05,1.1135899258792596e-06,7.322832698311648e-06,8.6787966427085e-07,7.971680470392746e-06,1.7752403230838266e-06,6.270131098401211e-05,3.773028381677361e-07,4.267735125153537e-05,1.3512153738009491e-06,4.313091052841983e-06,5.315132871206024e-07,3.062668422699821e-12,514.126684479048,0.5915927931694801,47.20838,8.485064254536063,82.65228120748598,47.20838,8485064.254536062
1007174.3206439496,8.712554285663868e-06,1.2838139639348517e-06,8.47516750406094e-06,1.882739378860528e-06,1.1612522442592761e-05,1.1023268021122836e-06,2.9854575632617245e-05,5.725381987353289e-07,7.601901378873919e-05,8.408598581474912e-07,2.872883577654874e-06,5.019300299663512e-07,2.2031195333283607e-12,690.070035207209,0.7392264987424354,26.94175,2.8256793560504576,88.66226715571932,26.94175,2825679.356050458
1007134.101889409,6.932879583790352e-06,7.879540832019426e-07,3.102871430170545e-06,1.2022744023103158e-06,1.5174566286599782e-05,5.531555255252381e-07,2.6852066808467466e-05,4.874189798068776e-07,2.848510539883479e-05,1.7383130208365106e-06,2.687771021671678e-06,5.789600590036101e-07,2.3741813281414577e-12,438.901326483092,0.42445932217757804,17.42318,2.86589811059102,91.00382649702615,17.42318,2865898.11059102
1007376.5588427073,7.372932646930432e-06,1.8583856334601965e-06,8.236115427661914e-06,6.151044250936454e-07,1.4247570582783584e-05,7.660075616019264e-07,6.552397733163727e-05,3.8061758491579206e-07,5.5575828246751554e-05,5.226425866176128e-07,2.132419474450205e-06,1.7291468886686564e-06,1.9714873039804926e-12,1079.796963634441,0.5424677975305476,26.52978,2.6234411572927465,92.03732679483731,26.52978,2623441.1572927465
1008427.0813371157,5.058760340541687e-06,1.4425395310570944e-06,5.949086319307655e-06,1.7740528553732824e-06,9.09578037603485e-06,7.002545894138607e-07,2.4673008081721936e-05,7.402878029597471e-07,2.2607046069281425e-05,8.6164419463345e-07,2.849471318068493e-06,6.038081618821533e-07,4.4494623186815304e-12,566.066853443534,0.671335313721036,33.80874,1.5729186628842435,86.0525135862035,33.80874,1572918.6628842435
1006676.9916061171,3.663095510311702e-05,1.798830478530094e-06,5.017983074954427e-06,1.422544895039696e-06,1.987237803696312e-05,1.0814501016700063e-06,7.803076904023482e-05,5.161249414982368e-07,6.563292505626146e-05,1.6487898236220894e-06,2.3032889576053657e-06,1.1382663449526574e-06,2.5995985411793344e-12,750.5470507233614,0.46699483810437126,21.16839,3.3230083938828474,91.52132975709081,21.16839,3323008.3938828474
1008443.1008542948,5.506771402736053e-06,1.8744956955583395e-06,3.2454911576499048e-06,1.2675765988359184e-06,1.6548740598851724e-05,1.5101365560583072e-06,6.818661579050156e-05,4.0305182997508285e-07,3.3405554149685235e-05,1.0290560069931498e-06,2.2665552220610508e-06,9.486103345830689e-07,2.1080448274746824e-12,232.06334191094308,0.6383350942316125,28.20184,1.556899145705143,90.01427754100074,28.20184,1556899.145705143
1008250.1251936897,5.0114226425821265e-06,9.264823063825667e-07,2.401681464254253e-06,8.058060262127256e-07,5.192360952197133e-06,1.3447970969938999e-06,4.2914391138135955e-05,4.159562396555183e-07,3.637376251703509e-05,1.8853997325714631e-06,2.3453643115383664e-06,1.5057929253321397e-06,3.2147165542764308e-12,422.1918254180455,0.5410286572781335,27.6544,1.7498748063102914,89.51430395757353,27.6544,1749874.8063102914
1002458.4724627843,3.319940318931659e-05,1.4859161347360082e-06,5.728411610282503e-06,1.7650654080329137e-06,1.2801713423164063e-05,1.2948553201674101e-06,4.380473375667154e-05,5.08998285005381e-07,5.8385297189245846e-05,1.0043525533104622e-06,2.8107189226734715e-06,8.367431618076802e-07,2.4243756369693076e-12,306.01894221774506,0.6354165043852465,61.1954,20.037830405414095,57.54152753721574,61.1954,20037830.405414093
1006815.5135865997,9.584944982667522e-06,1.4134778898909625e-06,8.036301920665446e-06,9.59856311992971e-07,1.2419934165489314e-05,5.697467713567194e-07,4.32297933319206e-05,3.7300929641093773e-07,2.1445691832923034e-05,1.9790808962638787e-06,3.455005164395491e-06,6.938358833967334e-07,2.365557861631725e-12,1250.784587183397,0.6415495540442471,25.72364,3.184486413400264,88.1422272469418,25.72364,3184486.413400264
1007864.1802288303,7.834112106448078e-06,1.0680489697910272e-06,4.261485289285804e-06,1.8470330505156028e-06,9.067768857114534e-06,1.1202097765491505e-06,6.95682665180514e-05,6.839393994527254e-07,2.9326846432832258e-05,1.8959091805990805e-06,3.29916391911818e-06,5.384338022104604e-07,1.1670333971667617e-12,868.0877222085948,0.46724854326958204,17.85289,2.1358197711696456,93.79825051843709,17.85289,2135819.7711696457
1060000.0,2.3982436954077035e-05,6.263440076003072e-07,2.2297740102561446e-06,1.073557660629424e-06,1.0763557501746521e-05,1.0521272154606728e-06,4.758622844044609e-05,7.033105818510453e-07,2.7458958907292698e-05,1.252639016823514e-06,2.5686846316516757e-06,7.090326868766984e-07,1.5628283096464797e-12,833.4570987792601,0.511504449411731,-18.5695,0.0,0.0,-18.5695,0.0
0.4872318345414371,7.760747639320952e-06,6.001346729660453e-07,9.051461648969413e-06,1.0351223171063382e-06,4.7724497163477085e-06,8.968386523838111e-07,7.500426482484256e-05,4.798570199577452e-07,4.610384066182892e-05,6.563631592688482e-07,2.0331292978928358e-06,5.958685398785293e-07,2.744516372973346e-12,216.95949633311386,0.4144462723554488,29.72852,5.592170618342514,87.48912815301026,29.72852,5592170.618342514
1006157.4943399904,7.703430399285626e-06,5.364127150734784e-07,1.3214597711099063e-05,1.3119903449198638e-06,5.690450735650683e-06,5.99736669575326e-07,5.403443275077458e-05,5.358115113763753e-07,6.502403001923342e-05,5.964132565338646e-07,8.188328895327843e-06,7.009573208690891e-07,3.175098833398916e-12,253.85748347688082,0.7107384376505138,24.42014,3.8425056600095875,89.17200180764249,24.42014,3842505.6600095876
0.5334844380988064,6.560730325519544e-06,5.692262509912167e-07,3.9317197242290885e-06,5.336884394850633e-07,6.014851112659567e-06,6.57053569815682e-07,5.149255525302435e-05,6.956007258181961e-07,3.2240378859818724e-05,1.501177308791926e-06,2.8997372567964193e-06,1.5760940360862477e-06,2.086277220358637e-12,662.6166024599131,0.761237345887906,25.34778,5.056288476047743,82.69230851654667,25.34778,5056288.476047743
0.2891975578453378,6.104146163696887e-06,1.0530238736566737e-06,2.609485304977574e-06,5.517456767517115e-07,4.150293574635993e-06,6.258107100410076e-07,4.583437209803772e-05,5.017249814238842e-07,6.806536105663228e-05,1.293764870146951e-06,6.605000899766022e-06,9.588339644752996e-07,1.8377846248154027e-12,990.5539978529484,0.7442402420785733,46.84364,8.379005686186488,82.32238811071902,46.84364,8379005.686186488
1008002.1024752193,6.96098832980833e-06,1.4123996475008272e-06,5.828914800527324e-06,5.899494594550646e-07,1.4153440326041074e-05,7.206353332766896e-07,6.427660440878896e-05,6.509912299919419e-07,6.243503967665624e-05,5.485753373140552e-07,3.7290726662385585e-06,6.26073836970561e-07,2.492630188085302e-12,1241.8959716649701,0.48120962363149516,22.88814,1.997897524780754,94.14127693017566,22.88814,1997897.524780754
0.4521503700032639,6.397350030044631e-06,9.819324972019431e-07,5.489237277999635e-06,8.314981620412518e-07,9.806457051245997e-06,8.334391673516105e-07,6.41957203709588e-05,7.048577712569628e-07,7.036326126679855e-05,9.467196371975755e-07,6.7213158947110085e-06,1.7193335739640223e-06,1.852766293196986e-12,1110.5540716067076,0.771944621661221,33.16755,5.963720199869445,87.14089819727921,33.16755,5963720.199869445
1005800.1247905472,5.955679453420575e-06,1.0169790626586336e-06,4.421360810155879e-06,8.255005056527513e-07,6.516064682906137e-06,7.442604339954516e-07,5.7602607915930196e-05,4.412062542027633e-07,4.9658964302885024e-05,9.214325972871293e-07,4.005209089611454e-06,1.944491774117128e-06,3.0108912298292495e-12,986.0569089745976,0.4754258057990066,35.04212,4.1998752094528475,90.70280000663504,35.04212,4199875.209452848
1008121.5553929895,7.978332691817936e-06,8.911032614470893e-07,2.0346965140206257e-06,1.2264143326583055e-06,7.337057570295725e-06,9.377210202845116e-07,2.393217541248723e-05,4.119930827185261e-07,2.4105782544632942e-05,1.6983436382141761e-06,2.4162329466810477e-06,7.531637269307926e-07,1.2666288454546195e-12,481.3747869549661,0.5643742640777367,12.1804,1.8784446070104839,99.7012612650955,12.1804,1878444.607010484
1006677.7611773494,6.654196167443618e-06,1.5773439657821833e-06,3.9960726480657124e-06,1.2389277467132557e-06,1.2250170775053701e-05,7.235226603790581e-07,2.4667494014170635e-05,6.192027314855007e-07,6.499373762319589e-05,1.207869370558248e-06,9.300755707948595e-06,1.047973245302054e-06,2.210990303745426e-12,1482.2272850003399,0.7801484039045672,32.78579,3.322238822650591,87.48144436602814,32.78579,3322238.822650591
0.33112747499999995,1.8063754122899214e-05,1.394560563753632e-06,1.3034788865519126e-05,6.134585682392984e-07,5.886865908522637e-06,7.696475334577757e-07,6.23902773432082e-05,3.851704798813852e-07,4.599797232895603e-05,1.2882356882968921e-06,3.057223703861731e-06,6.606812895637497e-07,1.7251856394359942e-12,511.2485226509722,0.4535911611323518,35.84967,11.497646899849654,79.84371245070501,35.84967,11497646.899849653
1006364.5361782116,3.7245890871616196e-05,1.9706175387262517e-06,1.3487094171714838e-05,1.9294860740912174e-06,5.401682182862116e-06,8.300479572986728e-07,2.166259957820048e-05,5.503826048009534e-07,2.7317504420988163e-05,7.177155537709911e-07,2.7697236366537423e-06,1.5480725107633288e-06,3.676280052930848e-12,513.1513200760843,0.4314742317986662,32.29867,3.6354638217884867,82.78562226115,32.29867,3635463.8217884866
0.28686269999999997,2.8350250722874944e-05,1.620769551332787e-06,5.8068305607340616e-06,8.774176172691177e-07,7.300932786284742e-06,1.3542892894166999e-06,3.339402211226663e-05,5.226598414950849e-07,5.4851398873596784e-05,1.7804910789649348e-06,4.955074754880351e-06,7.255394583763559e-07,1.7030871458727098e-12,789.5908327534021,0.6347306064132046,41.75164,12.21463142243111,71.3457758365427,41.75164,12214631.42243111
1008767.644539242,3.2148322789284245e-05,1.510446686369585e-06,3.4337304348377036e-06,1.4581886400370096e-06,1.7067617846599374e-05,1.207025090225848e-06,7.433176586354218e-05,4.80083551472812e-07,2.7892134244688276e-05,8.359205031092159e-07,4.276370649221393e-06,1.640906115742377e-06,1.882410813065672e-12,1410.5512965215257,0.6378588938025258,7.327081,1.232355460757977,113.78009881941104,7.327081,1232355.4607579769
1007396.1259023381,1.4224414406803311e-05,1.8980924487819355e-06,2.2733602592913036e-06,6.676868256270335e-07,6.280891094197754e-06,5.579304926922619e-07,3.2187825066424065e-05,4.837185557208496e-07,4.201699119347869e-05,1.7611495927707677e-06,5.0271367473583094e-06,1.8032333079211182e-06,4.51676610406279e-12,1392.1845407922933,0.5225397989393639,33.38552,2.6038740976619605,89.5625006183714,33.38552,2603874.0976619604
1008048.2754372874,5.9982563284103966e-06,8.029493992437172e-07,9.256401321867869e-06,1.1422584336485862e-06,6.7281359237915396e-06,1.8402512747627308e-06,4.4426890252963096e-05,4.94314218800279e-07,6.446334260172612e-05,6.432483304452023e-07,7.898869533031383e-06,6.969167578401659e-07,2.0738313620437338e-12,1475.0886288213658,0.45468354594587485,21.15211,1.951724562712622,94.57592001576585,21.15211,1951724.562712622
1009421.0233021746,1.0746211810540299e-05,1.3517318016499595e-06,1.4621004808059745e-05,7.226606166276161e-07,7.430667308952259e-06,1.8229188805133782e-06,2.972816578382178e-05,7.985297019348093e-07,7.502200848411302e-05,1.2322801727804247e-06,5.115567494853735e-06,7.049655912965418e-07,4.23797373769947e-12,1423.2462282485733,0.7266312066207645,18.82349,0.5789766978253323,94.9094671135744,18.82349,578976.6978253323
0.1763298,9.349701951397861e-06,7.756457327485258e-07,3.7271503105879192e-06,1.3535879642208429e-06,4.3761082607417e-06,1.096679900316809e-06,2.7132489675308227e-05,6.659472026506904e-07,2.7358913655253753e-05,1.894872935508851e-06,5.981328333802567e-06,5.126847692369504e-07,2.362437645150994e-12,1092.135972903161,0.44879276900196796,56.48936,11.118760697904062,64.79858871889476,56.48936,11118760.697904062
1007891.5074984359,3.531889099611993e-05,1.5625509968593316e-06,1.2760562569433947e-05,6.088579130376969e-07,4.85410553420318e-06,8.33191875733769e-07,4.281052683854937e-05,3.875592129202309e-07,7.285681882041201e-05,7.380050756506338e-07,2.572537863115134e-06,8.267346245758099e-07,4.7601886996922094e-12,563.1681960885353,0.7585044657475298,28.84065,2.108492501564053,89.43746712821665,28.84065,2108492.501564053
1005502.6314708281,1.2301521059260409e-05,1.7552628860126538e-06,9.974715612119891e-06,7.167406962247429e-07,1.5562866869910108e-05,1.2319756119282924e-06,5.124549633737282e-05,3.7424813297322885e-07,3.984614546025957e-05,1.2189438126650829e-06,2.6024472728331274e-06,1.227913980193471e-06,3.717638680028394e-12,232.90959595852547,0.6116147053567235,39.11219,4.497368529171907,83.94064664291963,39.11219,4497368.529171907
1005992.8963071821,2.620601350278201e-05,1.6825205912100094e-06,1.0444594143096577e-05,6.807178268421677e-07,8.182737950513431e-06,9.36877739444626e-07,4.4524809330668756e-05,4.955908341983675e-07,3.133614266317131e-05,6.491395449434633e-07,4.247851557537429e-06,5.835589226899819e-07,4.332916938500677e-12,1039.417146709855,0.41865653671324365,31.71496,4.0071036928178,90.6429990527695,31.71496,4007103.6928178
0.36480412500000003,2.4445626263769698e-05,1.3199945043825428e-06,1.0338550405263733e-05,1.5447172608613715e-06,1.793906950035033e-05,5.455425425282969e-07,7.235752914130443e-05,4.827726029976182e-07,4.9182815223189875e-05,1.2453666880967933e-06,2.152406006991613e-06,5.178601631579196e-07,1.2771196955898445e-12,1313.2353215451833,0.47127256014790603,31.35945,18.385003228723647,77.996253049974,31.35945,18385003.22872365
0.4962050596610833,6.5250944776908305e-06,7.675738883685673e-07,3.8094705400313796e-06,1.2527826499594814e-06,1.831641178287497e-05,5.904268303369776e-07,2.0747528849605163e-05,4.578555759908661e-07,7.649254264005176e-05,1.3054972595885565e-06,2.4394695631896468e-06,1.786264934580057e-06,3.4147485368035855e-12,887.8125745651116,0.6510186096850865,30.2054,5.090177613556669,87.44738764456662,30.2054,5090177.613556669
1009090.7454967486,5.989609242615411e-06,1.9819343816548964e-06,1.2472819196337611e-05,6.583464831146928e-07,5.502206132291532e-06,1.184984957738734e-06,3.2538073905009695e-05,4.0716304752827745e-07,5.8609352408281695e-05,6.381734593865e-07,6.3808658811724385e-06,1.1501851368708457e-06,1.3500468526959907e-12,1144.1306532957992,0.7423780783553114,17.35318,0.9092545032513846,96.46179536359752,17.35318,909254.5032513846
0.28337039999999997,2.5531514068245125e-05,8.054901189328862e-07,8.517624393497914e-06,1.908872067993678e-06,7.051335847211762e-06,1.7248879273244654e-06,4.988298385796939e-05,4.268159036458997e-07,2.7688033120130106e-05,6.319804852936659e-07,5.601785892322997e-06,1.4557026059579262e-06,2.039058976589295e-12,1109.1036707217481,0.4760416444945975,42.21728,15.85083109871015,80.06331907809133,42.21728,15850831.098710151
0.17656522499999996,1.4810675021628658e-05,1.1613859090418145e-06,2.0057473839680313e-06,8.277007382558523e-07,8.573321181675166e-06,1.3076581859414274e-06,6.910566118191095e-05,6.99342325281608e-07,5.91229149334541e-05,6.8349547297853e-07,2.880332212180845e-06,9.035290904989327e-07,2.2624065062037704e-12,1463.5907347886707,0.5878169727238894,56.45797,14.131400829149952,86.88073947116425,56.45797,14131400.829149952
0.501637560873638,6.049610259231824e-06,5.351109146845908e-07,1.429544148569761e-05,5.325996369116759e-07,5.408454967109354e-06,1.1601156138992709e-06,5.962115790410685e-05,3.9645332115719715e-07,4.0315448650906454e-05,6.22777983457721e-07,7.900033910091522e-06,8.480762960778399e-07,1.1721078440032295e-12,838.8098549998228,0.4623883676422409,22.6501,7.139467565054484,89.45910392650059,22.6501,7139467.565054484
1008789.7873330823,6.152864136155947e-06,1.2223117754209552e-06,1.3621337519773066e-05,1.946615726007767e-06,5.720237044808357e-06,1.8993314612647813e-06,5.1178640299244497e-05,5.963672846811042e-07,2.5771383847561423e-05,5.661597646850333e-07,7.970146432675223e-06,1.2591422528549465e-06,3.876172493605968e-12,765.1643425222915,0.6829805873693371,31.03942,1.2102126669177211,88.88686622314549,31.03942,1210212.666917721
1009589.8246001361,8.623916484943775e-06,1.6461075253602584e-06,9.61633545289863e-06,9.706026732846972e-07,6.741309171985365e-06,1.4215878979734288e-06,2.398360057021856e-05,4.2566262258410576e-07,7.672672299973198e-05,6.751976954455388e-07,6.080154187989466e-06,6.179373714270101e-07,4.6303943451313305e-12,1395.535441679449,0.6033433080222825,18.06515,0.4101753998638973,96.90805746436209,18.06515,410175.3998638973
0.38961968067626523,1.8715340627068994e-05,1.4228293473217321e-06,3.6023026218357033e-06,1.992081339221144e-06,6.981966888208952e-06,1.973530836764857e-06,6.571071650542826e-05,5.657306583417125e-07,5.406555741013614e-05,1.2570204357857595e-06,6.0263418758308264e-06,1.6477127308822747e-06,1.3331000683802812e-12,1445.8606053878414,0.5620109500204322,36.49675,7.4661877729493895,82.8701886498296,36.49675,7466187.772949389
0.22193865,1.0951138158490827e-05,1.5606053721977601e-06,6.946383073086108e-06,1.9808452285222677e-06,5.618069048340983e-06,1.241581900968922e-06,6.966511259367147e-05,4.368269261503916e-07,6.936354705489461e-05,1.495586738770652e-06,4.3220398355693654e-06,1.5130672055294124e-06,1.1132679330589024e-12,1042.0805770841425,0.6126290561420378,50.40818,13.83067180918004,72.5260628170895,50.40818,13830671.80918004
1005410.8880516501,8.794467116738669e-06,1.289979746460254e-06,5.387216013619947e-06,5.779765157608078e-07,5.851091897943917e-06,9.801902214265124e-07,3.096225648220854e-05,7.135431775202878e-07,7.461966027780046e-05,1.4583534515902957e-06,5.722660909463262e-06,7.834525117365333e-07,1.022050792217395e-12,1057.988741198616,0.487900617047454,23.46442,4.589111948349878,88.93975238250925,23.46442,4589111.948349877
1060000.0,1.1142711550271127e-05,8.721119639926872e-07,2.2449100336959457e-06,1.4835876485712828e-06,1.1645422333843198e-05,6.870453366178063e-07,6.304333576867625e-05,5.254308830235706e-07,3.319003222288562e-05,5.45826783960401e-07,6.480759213776412e-06,1.4964129080594948e-06,1.075168832345433e-12,613.9465743814048,0.627470788576369,-13.8493,0.0,0.0,-13.8493,0.0
1008799.9769860602,2.6350795102330028e-05,1.8321872814862909e-06,7.556098590553244e-06,8.331076754300439e-07,7.96713864362105e-06,1.3573189447214635e-06,2.2099929432043687e-05,5.657997394428368e-07,7.143464781073433e-05,8.035400428539838e-07,3.984506414668698e-06,5.118574463100921e-07,4.491385281374645e-12,318.721178539854,0.6883586090087153,24.61046,1.200023013939829,90.40066790068009,24.61046,1200023.0139398288
0.45484497833765847,1.7138908240441423e-05,6.703748460188954e-07,3.819092228973776e-06,1.067505500844475e-06,7.114074334198573e-06,6.460534915048401e-07,3.875334267594637e-05,3.6015179488262067e-07,2.4186059173151698e-05,7.106651593579222e-07,4.025317274489866e-06,6.226923333201559e-07,1.024285197975966e-12,1009.5741646508901,0.6608115896467281,20.4036,9.68512086649366,86.41026916251624,20.4036,9685120.866493661
0.4205556154242499,6.1059257469524854e-06,1.373567948176533e-06,2.3967084773359722e-06,7.657588273203683e-07,1.8182412498475152e-05,1.1043115529782648e-06,5.671756240773179e-05,5.074811259795199e-07,7.429524252989683e-05,8.748255987155224e-07,4.708344915836851e-06,1.2264875243805688e-06,1.9220746345815706e-12,936.3131019574282,0.6092879369096948,37.74713,5.853636383030004,88.34713148144054,37.74713,5853636.383030004
0.3347972793073778,7.828774065943828e-06,6.284837611399984e-07,5.373915804112889e-06,9.778909230008233e-07,4.548935069264135e-06,1.1517952230583164e-06,5.819852028649321e-05,3.9996960481627426e-07,4.938485351802827e-05,1.2744724326751447e-06,2.0932624734881435e-06,1.8898708603319055e-06,3.0626734790804415e-12,1452.9851480539385,0.6139060635019464,43.94575,7.4243838277048875,91.7872027109634,43.94575,7424383.827704888
0.44044013067404786,1.3430034103271463e-05,1.0639226371414921e-06,4.06833166856497e-06,1.6036064665900668e-06,1.804157781297676e-05,1.8421738743764822e-06,5.168965555427302e-05,7.386677115617356e-07,5.26548774904669e-05,7.671256333505387e-07,2.407758607996491e-06,5.677749203375858e-07,3.452878660392982e-12,627.4603724583737,0.4753504396405137,34.95969,5.894487773038085,86.89037259227614,34.95969,5894487.773038085
1014435.3316632455,3.633698627885126e-05,1.2694705986368177e-06,9.738927290617099e-06,1.2090453729747969e-06,5.3586470726110135e-06,5.943474339922777e-07,2.1307500646549202e-05,3.9653507247986946e-07,2.2015294820511745e-05,1.6069553104469407e-06,6.957435413840052e-06,9.811733190547528e-07,1.8378314196322966e-12,1491.1435132296738,0.6252161432507154,68.87569,23.9068306544138,45.5646683367546,68.87569,23906830.6544138
0.29533353500150455,1.2908169452960599e-05,1.7941762760083956e-06,5.260234393856934e-06,1.3397212826499146e-06,4.007672208152995e-06,8.960988484368509e-07,4.354553521440286e-05,4.937494433787072e-07,3.070287287980026e-05,1.2576779664648067e-06,4.0296060250569135e-06,8.716539452928685e-07,2.5123927684035597e-12,971.0116161792024,0.7693428972646877,53.27842,6.20313259993982,77.63726021912042,53.27842,6203132.599939819
1000401.5592815847,3.14801093160929e-05,5.656783152332601e-07,1.0357829848549567e-05,8.534117294632102e-07,6.998309095220965e-06,1.3024720581480121e-06,2.0958703009278082e-05,7.141867926316672e-07,2.0936967479852756e-05,8.786814173751851e-07,3.529951444357962e-06,1.317737663795022e-06,2.131559573922482e-12,248.92557163180624,0.6956459116522101,30.60811,9.725076830024962,59.59844071841532,30.60811,9725076.830024961
1007948.4411958599,3.797775126899559e-05,1.0943639505600022e-06,6.925786905839335e-06,1.8997006596900948e-06,8.138998573801705e-06,5.822941042138395e-07,4.823162676681806e-05,6.049785548046077e-07,2.4194956948766735e-05,1.3121120023792393e-06,2.8623233065996516e-06,6.651618372049137e-07,3.0590704927176983e-12,971.6337904761517,0.6876063376902253,16.7583,2.051558804140046,91.74905665035867,16.7583,2051558.804140046
1006000.4667233451,7.258476987151609e-06,8.119873420999866e-07,2.7692546231591928e-06,6.251197774084425e-07,7.78219105967984e-06,6.65605902657973e-07,3.030213255781821e-05,7.920218438904759e-07,6.528043806799763e-05,1.1713425464122559e-06,8.73779693061543e-06,1.182245663453885e-06,2.46114614307149e-12,940.8918082154235,0.5341596770635965,24.57445,3.999533276654843,90.22307724513679,24.57445,3999533.2766548432
0.49700946431809334,1.1332080612203447e-05,1.796521857881345e-06,4.605315865018327e-06,9.133559166314204e-07,6.467381395441498e-06,7.904878321931376e-07,2.8747777940265816e-05,7.392680191297947e-07,7.193488223219156e-05,1.4050856521709852e-06,3.2801029143472203e-06,7.143959131123206e-07,1.124658239630096e-12,1365.694208420502,0.6447946850100525,29.31487,5.325160427276269,85.23338647663702,29.31487,5325160.427276269
0.34710066297504305,1.138051452145417e-05,1.8100205350421938e-06,6.554179258722024e-06,1.4200709302580666e-06,5.9092301087409815e-06,1.3299522088970518e-06,6.567979820921828e-05,4.4868578370816055e-07,3.736741600364796e-05,6.843612154672487e-07,8.255909517905891e-06,1.6866338922729138e-06,1.5289185208958294e-12,883.5718988388152,0.6704086537264928,43.21244,7.1522414809982795,82.84861853817317,43.21244,7152241.4809982795
1006015.5244415419,1.9617592387562132e-05,1.0887815141122254e-06,2.684603006832686e-06,5.342135474397596e-07,6.783495842932811e-06,8.951842038400008e-07,4.629567764404548e-05,5.269020103914119e-07,7.312468551589088e-05,1.967896498902441e-06,5.870112460489401e-06,1.0470694996893132e-06,3.4560679131078685e-12,879.1004490660724,0.7432534364871906,30.6612,3.9844755584581852,86.61345561246542,30.6612,3984475.5584581853
0.3832330214572836,8.758927699398019e-06,7.063007028769358e-07,2.4643152682293153e-06,5.055592896197526e-07,1.686903768493581e-05,1.1034443707623385e-06,2.39193389649797e-05,6.252115055752457e-07,2.346136671016856e-05,9.709536897065707e-07,2.144527172488869e-06,7.865699442224727e-07,4.251480930533605e-12,874.1437520986195,0.4770865568133158,37.74368,7.347575141708656,80.23894838535745,37.74368,7347575.141708656
0.3889065439488857,1.8543219763966575e-05,1.4832255690653244e-06,4.219672246968361e-06,9.627514288636804e-07,1.0265506955103782e-05,1.6452274153722692e-06,2.3805944725422037e-05,4.375917254490179e-07,2.1225837358315496e-05,7.352339707077574e-07,4.013934575934581e-06,7.624810255767858e-07,4.459370027870447e-12,392.8962107047055,0.6443753666384401,44.43097,5.114447242044571,79.54126789327442,44.43097,5114447.242044571
1006863.0245101351,1.6241902045180483e-05,1.5647379022069821e-06,2.6594658186549504e-06,1.3895265771465242e-06,7.091426347407104e-06,6.040420289851298e-07,2.3450155381961096e-05,6.468277375530248e-07,3.791955065601717e-05,1.6436958412376405e-06,8.03828045315515e-06,1.0406825286933301e-06,2.605080611359636e-12,447.40896172819714,0.6329401115697081,25.44152,3.1369754898649576,82.341450472226,25.44152,3136975.4898649575
1005690.0545191029,1.845502040440224e-05,1.6012135979614033e-06,1.3946046560885969e-05,1.0797927790304553e-06,7.994434050428922e-06,1.5287249496914663e-06,7.187030220418513e-05,5.856847359039221e-07,7.406354820457261e-05,7.180632942025311e-07,3.572778026066005e-06,7.561211274322209e-07,1.5180821709912773e-12,625.432902690123,0.5551545179524638,28.12501,4.309945480897072,88.26439852491076,28.12501,4309945.480897073
0.3726849,5.962239377565073e-06,6.809612320947956e-07,5.96139624180325e-06,8.362308784195918e-07,1.6621148583693288e-05,7.543190760483482e-07,2.5795767121727333e-05,6.977898943279907e-07,2.4882693459673524e-05,1.2670706902176168e-06,2.4882986005468974e-06,1.6425650685166976e-06,1.3684571800537963e-12,794.7750835164011,0.4732446380410288,30.30868,12.482068309109048,68.48857908180386,30.30868,12482068.309109047
1000358.0551423419,1.1645175712957793e-05,1.2414675560511673e-06,2.0768643889747985e-06,6.896715691837282e-07,8.262838822340865e-06,1.1164287119134468e-06,4.024666918792503e-05,6.261480184765867e-07,6.07124544018929e-05,8.66030728962888e-07,7.5036381198071245e-06,1.5827026310899481e-06,1.053986453615652e-12,1228.9106486148273,0.7954306332753325,61.80958,20.180414236281877,59.64194485765816,61.80958,20180414.236281876
1007380.3369154017,1.9363977416093558e-05,1.339329787068449e-06,1.2193350376057318e-05,1.10050197295721e-06,6.2831414981488555e-06,1.4206256891165616e-06,7.560735529158863e-05,4.06778265035567e-07,6.1026478570630866e-05,5.661833236770467e-07,5.81048489886502e-06,9.825420777609947e-07,4.1838110004176025e-12,283.7346814987142,0.5053983842978587,31.31476,2.619663084598243,89.31390711488409,31.31476,2619663.0845982432
1009209.5318400782,3.946683910217495e-05,7.600657599327381e-07,1.0898579288587281e-05,5.421976258079144e-07,5.776853910210192e-06,1.503034820999327e-06,6.361779486290252e-05,7.670022949292867e-07,2.5083506576957455e-05,1.5477081756422641e-06,5.334006938885687e-06,7.374728505067646e-07,1.8758056740716127e-12,435.52623676502986,0.7006425807975951,45.7359,15.781493541748226,50.790468159921765,45.7359,15781493.541748226
0.4189233324308515,2.2807339206282248e-05,1.421863918974959e-06,9.22583020047798e-06,6.588128745116946e-07,4.958566108668044e-06,1.9834782351944556e-06,4.7476611368418514e-05,4.3388245950821235e-07,2.4159395369058758e-05,6.02437757210922e-07,3.815114291948386e-06,1.9765891419797073e-06,1.4146414420606905e-12,1341.1591329645296,0.4918887288032966,33.77298,7.1111727027659395,84.47876549196778,33.77298,7111172.70276594
1006682.3541212772,7.891539963923623e-06,7.106828439883477e-07,5.139832520723785e-06,5.492145026381234e-07,1.2187863305623e-05,1.2663314294506684e-06,3.618903318929792e-05,5.182503884244645e-07,7.288537506968654e-05,5.074762935684777e-07,7.93013106241634e-06,6.087783273519296e-07,2.159627984962052e-12,992.9495010643117,0.7003615045959672,20.39953,3.317645878722832,94.6267439633568,20.39953,3317645.878722832
1008328.7163840786,9.62972230900475e-06,1.7378336720281646e-06,2.2418977910949026e-06,7.350875657583054e-07,7.2579716424713536e-06,5.404001876799487e-07,7.377460343411912e-05,4.1334353378834386e-07,2.7542522469590403e-05,1.1199562775257853e-06,6.901524933446689e-06,1.549850939716426e-06,1.3160226945105597e-12,237.75640116498073,0.50834129368287,17.89446,1.6712836159214082,95.42310925887172,17.89446,1671283.6159214082
1006638.750004631,3.3722217452777634e-05,1.499838868973773e-06,2.197182989518824e-06,1.0572873489637305e-06,8.365745576429407e-06,1.857157317476245e-06,6.059126547260827e-05,6.871107950840059e-07,6.0390706077645424e-05,1.783291636896551e-06,2.053444558594297e-06,9.385059322346867e-07,1.3000589677484406e-12,412.42856130370944,0.71882747451187,25.91315,3.3612499953689543,86.70222026417724,25.91315,3361249.9953689543
1005530.1137964777,9.189270490335635e-06,1.6960281122350426e-06,2.25015304894215e-06,1.5461158386159539e-06,1.2789829464591476e-05,1.7808717800678373e-06,2.863713183608091e-05,7.28701687522029e-07,3.797736737362684e-05,1.4664987309458354e-06,2.3552583963107027e-06,1.7834719818120982e-06,2.811083353302144e-12,1098.2789668720206,0.5284459704900988,41.86208,4.4698862035223685,80.63972678270656,41.86208,4469886.203522368
1005273.6879281962,8.593694024123912e-06,5.790427201048254e-07,9.759003200673758e-06,1.149845816862535e-06,1.6023512606952032e-05,1.8041491558903726e-06,2.1436849281344804e-05,4.798030781983362e-07,4.237601657082977e-05,1.0523728052994446e-06,8.798945413042636e-06,6.190690875983058e-07,2.976108885688919e-12,1017.5989992383072,0.5357913598590769,24.55678,4.726312071803852,88.09276370002019,24.55678,4726312.071803852
1060000.0,3.066577770946363e-05,5.464562941063329e-07,2.7361971346657e-06,1.1467845751472338e-06,1.4557887740502836e-05,1.1249544277767057e-06,5.191621419845068e-05,4.896794480233484e-07,5.7219183121472984e-05,7.389224374677319e-07,3.013514982098361e-06,1.0099378201972215e-06,3.287658030842893e-12,1431.3006097199548,0.5941871143850797,-9.80937,0.0,0.0,-9.80937,0.0
0.4299566146390308,1.842421505095533e-05,9.348060826961316e-07,9.425849144286124e-06,5.557925054812967e-07,5.398621766788532e-06,5.987316557816824e-07,2.2530906402669205e-05,3.7381113981125585e-07,4.1751606343813375e-05,1.9079462421230144e-06,2.139741526063317e-06,1.3138295782989742e-06,4.861297027339793e-12,918.6385895364526,0.7229369667715227,37.08464,5.676343414438767,79.61494947034224,37.08464,5676343.414438767
0.29573992499999996,2.3428130647312555e-05,5.358842198708132e-07,1.2672887191105888e-05,1.9345472117198803e-06,4.505443801355979e-06,1.6359350745353367e-06,6.615763790834016e-05,5.301530150209318e-07,5.231308713262171e-05,1.5113894904983512e-06,8.971027179012392e-06,1.1459375840926039e-06,1.7636083592174828e-12,964.0840400987247,0.6477705437459067,40.56801,12.743399066169584,72.38240288949494,40.56801,12743399.066169584
0.4191942503716222,8.44083402544713e-06,8.178563039986322e-07,6.675319559640376e-06,1.3855293782210785e-06,1.6955694901018e-05,5.818761170181811e-07,2.3038508568716357e-05,4.141567145495753e-07,7.015918905455553e-05,1.854066378273484e-06,6.670615567634633e-06,7.068846308563064e-07,2.453099353127574e-12,436.3242723987602,0.4085856061003106,29.97336,8.240221985135113,81.46640001646885,29.97336,8240221.985135113
1004706.7328005349,2.9720636987731496e-05,6.152766021260884e-07,2.511310609546876e-06,6.382949488188395e-07,1.1932997123372987e-05,1.2925305908638289e-06,2.8705877561880027e-05,7.263618077309804e-07,3.3987406596796825e-05,1.8871747801583927e-06,8.634438579015465e-06,1.3948169656536911e-06,1.0024295395547287e-12,901.4520061119657,0.4782008057902952,25.28874,20.13027790900539,55.2932671994651,25.28874,20130277.90900539
0.27410205,3.8065549948212175e-05,7.520264375528753e-07,4.881164177213738e-06,1.7528312799538752e-06,4.121033004024097e-06,1.0030591635654286e-06,4.104282032546799e-05,5.403433341231025e-07,4.469833888734966e-05,7.906917334011954e-07,3.093316738629401e-06,5.146341570117794e-07,1.3066999654503968e-12,1318.2358219209934,0.645539866933574,43.45306,23.54941477222933,67.63620216857448,43.45306,23549414.77222933
1006745.7484354803,1.0962444047746758e-05,1.0104330126582587e-06,4.0433576589511075e-06,1.1680927809299633e-06,1.635414970923722e-05,6.501898679674528e-07,5.1470364542941176e-05,5.353018318878444e-07,4.749672670283088e-05,1.7502336110307918e-06,3.790560957957694e-06,1.2052410153367872e-06,1.4003180049485275e-12,1431.9172400306359,0.6390930644902018,16.03658,3.254251564519756,95.32339817422184,16.03658,3254251.564519756
0.3691353,9.65666690134736e-06,6.908014015915949e-07,2.9033844083331052e-06,1.7932340522019232e-06,8.580000505171841e-06,1.5048094424045492e-06,2.4967233085863094e-05,4.79394060628903e-07,2.4746455853013513e-05,8.929935867992753e-07,8.32133834351798e-06,8.114529571940235e-07,1.144232404827772e-12,1252.3775732961478,0.45352849074535656,30.78196,13.473972345452124,71.34301643492108,30.78196,13473972.345452124
1005890.9383657535,1.948493999708142e-05,1.1060443511665029e-06,1.2959924055718617e-05,6.163487251039111e-07,6.336535207691931e-06,5.519738168930324e-07,7.20061985690006e-05,7.717950240462891e-07,5.804653135800873e-05,6.767676933494014e-07,2.5528079738878027e-06,7.76733839366102e-07,3.384039441218854e-12,1111.4708494844685,0.5608892775553208,25.98032,4.109061634246465,92.2575657762759,25.98032,4109061.6342464644
1006695.8716570116,1.2377113808693596e-05,9.50359134131589e-07,8.535922716215442e-06,6.191404626090174e-07,7.720812616968016e-06,1.5728011491909441e-06,5.446916422134431e-05,6.117827684584868e-07,7.505305031875802e-05,5.305243223641452e-07,3.668849967892696e-06,7.957841108098963e-07,1.517676736450076e-12,868.6836759387567,0.6585228522682881,21.99607,3.3041283429884474,92.69887038380759,21.99607,3304128.3429884473
0.33045486907483224,1.573169927440634e-05,5.720416448101951e-07,3.0214117787880254e-06,5.799250246280595e-07,1.1472988254732522e-05,1.4345181659679242e-06,2.1153479545133186e-05,4.4754911942653783e-07,4.1955658162818734e-05,1.6267391190446373e-06,6.21391388988999e-06,6.216040641783687e-07,3.735957672934895e-12,308.8203477100601,0.7402014915699959,38.86568,9.122101237006712,63.23942853150009,38.86568,9122101.237006713
1008578.1439084739,6.083964526603055e-06,1.5775343064210932e-06,9.669967330225913e-06,8.375379063391013e-07,6.44177875568425e-06,1.2530921916507234e-06,6.806303850723416e-05,6.352544965214257e-07,4.218274009202265e-05,1.6695512731102964e-06,4.795988827427526e-06,1.0508603242996773e-06,4.93154031736895e-12,587.340528977799,0.4033744397878086,33.54996,1.4218560915261549,89.03963474361026,33.54996,1421856.091526155
1005423.8539695811,2.446514354557514e-05,5.821531129710128e-07,3.863020855472373e-06,1.081133018683959e-06,4.39482006357808e-06,7.676963927049171e-07,3.0550360545507326e-05,4.005172690909989e-07,6.380371091805857e-05,5.006658592266597e-07,7.18522334374416e-06,6.396358595079334e-07,4.453404541231498e-12,1390.2361639750695,0.5991312069959764,28.47037,4.5761460304188715,96.61216276428972,28.47037,4576146.030418872
0.33981405,1.88536367962107e-05,9.73250499153032e-07,1.0690566667993355e-05,1.0292275292375466e-06,1.3944971973147464e-05,1.8914930170247043e-06,4.842029148448845e-05,4.5083378699694093e-07,6.682706745578643e-05,1.4121258431964075e-06,6.9627568709912734e-06,5.894755622149613e-07,2.0150818195650508e-12,368.0915302263571,0.5184777190044642,34.69146,11.36079221851785,79.24759046067977,34.69146,11360792.21851785
1007220.4718591587,7.274287237149686e-06,1.1655654463423852e-06,8.444528953865655e-06,9.152497795635181e-07,5.0500097445567985e-06,5.54864509607122e-07,2.5776269151280075e-05,4.5950900789115957e-07,2.185445939842096e-05,7.415645651524667e-07,5.353205025902062e-06,1.0452116266834503e-06,3.5997030026815445e-12,346.5982695357937,0.6930955692696499,32.05075,2.7795281408413115,84.37491541902105,32.05075,2779528.1408413113
0.319639275,3.5136797864304997e-05,1.7827113849447309e-06,6.285976886883955e-06,1.6514629930665716e-06,1.6115988470720925e-05,5.66479323127418e-07,6.613443757710267e-05,5.142186178594845e-07,6.280000614040772e-05,8.78127627405095e-07,5.333220760969643e-06,1.936603300166436e-06,1.5634843619706436e-12,1097.851098961381,0.43861403063442617,37.38143,22.886250226649995,74.38802783564934,37.38143,22886250.226649996
1008536.6250818721,6.986544259130689e-06,1.3164182543246349e-06,2.5007411818355445e-06,1.0711091418103348e-06,4.38440242504516e-06,1.6822204381414153e-06,3.59127635079212e-05,3.660691330378819e-07,5.192314560918722e-05,6.312060800328018e-07,2.0068710343355885e-06,5.037449198148479e-07,4.512404329731199e-12,1172.394465727223,0.6156965474386829,35.76102,1.4633749181278504,91.5807953346492,35.76102,1463374.9181278504
1007214.5087391852,7.475154832676152e-06,8.657721721335199e-07,1.161263110050543e-05,5.026749464474954e-07,1.1057960749442765e-05,7.863671283971488e-07,2.5649325029549768e-05,4.3753510257273457e-07,4.166743587341088e-05,6.925003109426499e-07,6.268274147506764e-06,1.8284676630558242e-06,2.4357671293201254e-12,410.3904679594656,0.5671719397379497,18.64988,2.7854912608148688,92.67430015132842,18.64988,2785491.260814869
0.308643825,2.6962422952437332e-05,6.336825467641837e-07,9.597031403219893e-06,1.448553269103659e-06,4.422920217956084e-06,9.34459296938198e-07,4.192944530853668e-05,5.083730359211271e-07,6.25612746651488e-05,1.4265922341318826e-06,8.985910731279888e-06,1.6421536709591354e-06,1.3302542504059598e-12,922.5530057462041,0.7558141565525804,38.84749,17.482120495099714,66.27348104854542,38.84749,17482120.495099716
0.21913837499999997,3.1297390987386485e-05,1.0022228436659842e-06,1.2089878336886166e-05,1.2713399856323627e-06,1.6560960239335654e-05,6.632815356892333e-07,6.186462633347875e-05,4.98449927799572e-07,5.633250604009583e-05,1.0078747498602061e-06,5.557452574807795e-06,1.7011916134071184e-06,4.7145492543416165e-12,1386.9662423038694,0.7000170136307224,50.78155,19.312562121354457,97.07964521414253,50.78155,19312562.121354457
0.36018015,2.4689385131604966e-05,6.390790319008118e-07,5.00119957943823e-06,7.049849282869977e-07,9.727388524422041e-06,1.905625316091796e-06,2.3251444118349726e-05,7.83029050995363e-07,2.6022216132778862e-05,1.2549657761691116e-06,7.144741540421958e-06,6.607837755034769e-07,1.4377845271464488e-12,991.4059385512837,0.43965974054642587,31.97598,16.47577405051662,62.11480666878074,31.97598,16475774.05051662
0.3243564749999999,1.5386795263113024e-05,1.0112948056323995e-06,1.4143401540003375e-05,8.114956302472895e-07,5.403212243040484e-06,1.3892885226210154e-06,5.489389899342008e-05,3.786643217449187e-07,3.8737784250827736e-05,1.3346802397430852e-06,6.8425898565382335e-06,1.8428633241601976e-06,1.0323548812904056e-12,1438.4678614463578,0.592911393919612,36.75247,14.333271299760057,73.79706446907906,36.75247,14333271.299760057
1008645.8031303148,1.1149107582686916e-05,1.2322416779877115e-06,4.68528833773352e-06,1.1960679323256124e-06,7.25842680126663e-06,1.1203910364760895e-06,2.0174709358696505e-05,7.379276864956028e-07,4.217688451262301e-05,5.747085074873156e-07,5.731768176672124e-06,7.233681983308515e-07,3.4548861398335e-12,1007.5208840196308,0.5868355530700052,22.2691,1.3541968696852136,92.73535721493796,22.2691,1354196.8696852135
0.4649803289581953,1.2603147208099949e-05,8.823990332078165e-07,5.059667630072565e-06,1.0044014067147572e-06,4.779850361090668e-06,1.918360651689333e-06,3.575136940067094e-05,7.115273040354239e-07,4.878721080070938e-05,1.0585104900110797e-06,3.2356245833893894e-06,1.249613814911209e-06,1.3321496518342223e-12,1078.2240161420941,0.7962703010922387,33.91012,5.227750841672187,82.18228390750745,33.91012,5227750.841672188
0.36986512499999996,2.762024142382633e-05,6.161487487521026e-07,4.395360674413986e-06,8.335143278194894e-07,1.8553112328226548e-05,8.696504548896574e-07,3.408045091518737e-05,4.1260926951319326e-07,6.679569939431164e-05,1.1091790643808611e-06,2.3274133598248612e-06,7.83141857451852e-07,1.3889536351501307e-12,1001.7654572382474,0.637270645992471,30.68465,31.505110449839822,66.52104911394548,30.68465,31505110.449839823
1010593.7150214431,3.189493620208664e-05,6.263388602581785e-07,3.858615304574508e-06,1.1524370453857388e-06,1.178100740537728e-05,1.1946178296374109e-06,2.0252007554456435e-05,5.133259708013414e-07,3.022459580061473e-05,6.041620087631645e-07,8.003864354764989e-06,5.158235791025978e-07,1.5395925219398366e-12,817.7333718950688,0.7059328723470645,41.81994,28.511581015783165,49.406284978556855,41.81994,28511581.015783165
0.5086201242941002,1.177736830135161e-05,1.1333011978562743e-06,1.491007971769022e-05,5.455783397662634e-07,8.093193313826115e-06,1.178924868617145e-06,3.9145933016928e-05,5.640897661227663e-07,4.306427646232863e-05,1.1412208345680878e-06,3.2780023642268573e-06,1.282920110080197e-06,1.507212593426582e-12,657.5263343100182,0.6471227730828769,26.41451,5.730842028235993,82.8265311035599,26.41451,5730842.028235993
1007525.4346366078,1.6391361921550834e-05,8.773693444713688e-07,2.3275235333081805e-06,1.01263754316786e-06,1.4559369831023576e-05,1.5198883201042958e-06,6.47087037395057e-05,3.93850631825942e-07,3.7949652200892514e-05,7.463635931849839e-07,4.182084403572974e-06,1.8499006394321873e-06,1.7378016934528044e-12,718.268395610146,0.6326099888576114,14.30543,2.4745653633922315,98.94144599784741,14.30543,2474565.3633922315
0.6074325564590173,2.68566952433327e-05,5.798033937451371e-07,4.307957274929163e-06,1.4669416304897732e-06,9.442852642311678e-06,7.221859195530957e-07,3.099583119497566e-05,6.777576785910354e-07,2.5198372934341454e-05,1.2142112705787155e-06,7.320522625689237e-06,1.6837483823118655e-06,1.6917276476252353e-12,422.17175702562804,0.7342777070034436,15.38353,5.087638741639305,83.51016410833147,15.38353,5087638.741639305
0.4189446,3.8899605138336584e-05,6.276589641770226e-07,2.6493352185743936e-06,9.443292456643896e-07,7.574373520886989e-06,7.472982091700172e-07,4.606460442259556e-05,3.780316537970377e-07,6.407380051448164e-05,6.409496732294831e-07,4.728552533482504e-06,7.097217071685889e-07,2.309525367828825e-12,1201.224173515077,0.4002179072984515,24.14072,21.18492398177755,94.52025582266447,24.14072,21184923.981777553
1007321.0299899336,3.098949991854147e-05,1.1067035274746662e-06,2.9325895914689087e-06,1.258278074393371e-06,4.273875959025856e-06,9.759879344712499e-07,5.040317389621172e-05,5.544533042170532e-07,2.7777608202794218e-05,1.140770662640497e-06,4.286973826474276e-06,1.5875643982721763e-06,3.3089725704975098e-12,337.782201314955,0.5390531939744772,26.58668,2.6789700100664295,87.0492555203127,26.58668,2678970.0100664296
1060000.0,3.871101107489082e-05,6.940563972194158e-07,2.702366850043757e-06,1.8924598414415087e-06,1.4225252878083028e-05,1.7781747897614372e-06,2.1353707754891505e-05,4.26695071901171e-07,5.131263417008069e-05,1.3569877519725173e-06,6.7934132994033004e-06,8.745386923153141e-07,2.5936524193701156e-12,1330.2703858324926,0.6385760884162515,-18.0009,0.0,0.0,-18.0009,0.0
0.3260751,1.912086696146426e-05,5.121274485187993e-07,1.4070195594819935e-05,8.206692390537404e-07,6.40777295039267e-06,1.0836630953169974e-06,5.7937933841137845e-05,4.1950844212998143e-07,3.6719587188004354e-05,1.0590161649282229e-06,7.78806383641097e-06,1.9739081526870926e-06,2.0042426156506484e-12,940.3268893608614,0.6010614447628558,36.52332,17.296673750633563,77.0556973035761,36.52332,17296673.750633564
1008983.7881618834,1.3561879309583582e-05,1.3585114714758523e-06,2.0801691824436757e-06,5.891187245889811e-07,8.551584437049542e-06,8.881595570174665e-07,4.875256457205149e-05,3.701793054646101e-07,2.3391707222946194e-05,1.4144492979094048e-06,3.981055151140912e-06,1.7136959900692852e-06,1.2186699703733943e-12,500.20405391453437,0.7675735959280324,10.14112,1.0162118381166354,106.03343047639682,10.14112,1016211.8381166355
0.11304201020465782,9.389031724860116e-06,1.915681719761813e-06,2.6068972916236373e-06,1.1412477510169717e-06,4.288461637998111e-06,9.779929219858426e-07,5.0299020497290484e-05,7.715743635640507e-07,4.338667972442238e-05,1.812839560661185e-06,7.46684416664364e-06,8.399937451571226e-07,1.6229626547871706e-12,250.20517402275462,0.4567053520303888,66.29508,9.589795591813687,68.04242086533617,66.29508,9589795.591813687
1030726.1839000104,2.521629435703997e-05,5.879063654739593e-07,1.2516324047160423e-05,1.166805153243648e-06,8.071277722648992e-06,9.695408479637639e-07,3.096960018112789e-05,5.056502717401088e-07,2.5606691533022003e-05,1.837674716642164e-06,2.675492870191841e-06,1.1631013565476644e-06,1.7057206835673113e-12,480.0913096325932,0.654080908440102,59.63285,27.221376160434247,29.273816099989592,59.63285,27221376.160434246
1006401.813065633,1.9720820105637366e-05,9.196479859166493e-07,2.1220539085763035e-06,9.984816918996687e-07,8.666533140048174e-06,8.57135545001952e-07,4.235016843987707e-05,6.219561789519528e-07,3.141297555023604e-05,1.1443873434960686e-06,5.259673458212755e-06,7.859531244875337e-07,1.1678120533379163e-12,1271.3163253897094,0.49270410398953424,4.800905,3.5981869343670527,120.68112433492023,4.800905,3598186.9343670527
0.39773618125540133,7.986705976920191e-06,5.042507683051207e-07,1.065891461590957e-05,1.9170637486091476e-06,6.353203988365392e-06,1.372977813391976e-06,2.7063017743922066e-05,4.1109950436600825e-07,6.31069519754309e-05,1.7398243197055677e-06,2.1898863150312835e-06,1.3967217501755199e-06,1.886532528475943e-12,1055.9356431684296,0.7786019417387384,33.93089,7.911285749783946,76.57460317072524,33.93089,7911285.749783946
0.43100489999999997,3.461877866669948e-05,5.494190813243305e-07,8.483277756779782e-06,9.623294937169071e-07,1.7672751195423976e-05,1.2143506068820704e-06,4.811926680123497e-05,5.211636873889293e-07,2.486481805898627e-05,1.4588199056793956e-06,4.7394510207638855e-06,1.0652230961037907e-06,1.4866638124289067e-12,650.4565650402797,0.5283940068255827,22.53268,16.78852005532311,70.98451691346227,22.53268,16788520.055323113
0.29075115,2.0354112241191312e-05,1.0779480840315624e-06,2.8225296363643186e-06,1.1242102464791658e-06,6.5378845658346395e-06,1.2856836456197277e-06,3.232276633807325e-05,6.360533460813369e-07,3.0849682274766966e-05,8.779194206994392e-07,9.644329311150573e-06,7.875172744585282e-07,1.8088022363676643e-12,309.2434144259592,0.4266240449390981,41.23318,14.381665508352718,68.98484094424927,41.23318,14381665.508352717
0.35727195,1.0055360015278666e-05,5.375425542491148e-07,1.1125043465407618e-05,5.337837224559889e-07,6.57206576518109e-06,5.686024738659601e-07,3.7230208933832164e-05,4.6010308501666015e-07,3.8456616969206185e-05,1.4433003301577105e-06,5.590005210287356e-06,8.197432473465375e-07,1.2550379884882843e-12,769.868529111136,0.6115697584503893,32.36374,21.314017024096465,63.95987350399575,32.36374,21314017.024096467
1000676.8245052537,2.3457507128494142e-05,1.3798365174412912e-06,2.5070037106799663e-06,1.49375281543693e-06,8.403414422354854e-06,8.19499080330858e-07,3.032611125429473e-05,6.850718268851024e-07,4.414200429148579e-05,6.592408716862302e-07,3.1864081367150737e-06,1.7442466086792982e-06,1.3867970313957484e-12,633.3810508309186,0.5953321561531577,35.06612,19.69962097380152,59.323175494746266,35.06612,19699620.97380152
0.36582202499999994,1.5188156621127215e-05,6.804169927191807e-07,2.5718636272778033e-06,6.762115103965692e-07,4.572739607917079e-06,1.4897090713155711e-06,5.193696381360132e-05,4.3592192159527986e-07,4.8858836088546465e-05,1.786193450142067e-06,9.689521056955442e-06,9.0390811508959e-07,1.0621005637618432e-12,816.7645481067589,0.613979157476498,31.22373,10.269487008046076,80.62916016027178,31.22373,10269487.008046076
1007445.397107716,7.195903444446019e-06,1.7742599273863577e-06,2.2951542974733374e-06,1.504003348647614e-06,8.659822514168877e-06,9.662280705145707e-07,2.026914670638575e-05,6.968969291640997e-07,3.654286805736144e-05,7.748233795027676e-07,2.2119837788520287e-06,6.430837551483723e-07,2.047202083697863e-12,597.4484326777742,0.530685892199672,30.12834,2.5546028922840542,87.52645427105166,30.12834,2554602.8922840543
1005334.184641673,1.9761349719712315e-05,1.8064587979723283e-06,8.68752123011342e-06,9.762089231211165e-07,1.463099788320767e-05,1.0165743609652594e-06,2.3022656835903993e-05,5.650315871476402e-07,2.3210214599528028e-05,9.010702939277342e-07,4.319103419613376e-06,7.500583442281454e-07,4.0518572653529e-12,845.5332310043948,0.6940882667278969,36.97772,4.665815358327046,79.99387653634123,36.97772,4665815.358327046
1060000.0,1.25534094564687e-05,8.454549589749314e-07,2.775249763168846e-06,1.534899652525866e-06,1.0319263725259564e-05,5.473777932300759e-07,3.0754196263619625e-05,4.2568980090041536e-07,3.463204437729108e-05,1.1292160528466045e-06,5.050697643025613e-06,1.7139412036286527e-06,2.7524885070967816e-12,759.0151119276214,0.7886675146401978,-0.0724083,0.0,0.0,-0.0724083,0.0
0.40718897732492737,1.0170320547042737e-05,1.164073996144421e-06,6.372228627029231e-06,1.495464049341575e-06,1.2133760750933391e-05,5.841177240781124e-07,4.182982496252714e-05,5.60349114973684e-07,3.888951174117736e-05,1.1133281496782107e-06,4.7031298348832965e-06,6.91549816748058e-07,4.4753555904386996e-12,1121.5313147194297,0.46549033252954386,40.51197,5.558849907002905,89.3138692900585,40.51197,5558849.907002905
0.45311416998045667,2.1626725229984278e-05,1.0574615142104049e-06,4.565138895903188e-06,1.0310643975053753e-06,1.715338078832676e-05,6.330548343328857e-07,3.0096966684146208e-05,4.4909706343931385e-07,7.339928536942275e-05,1.4670906075307786e-06,3.2285096756964764e-06,1.4163375643749446e-06,4.263171828098472e-12,1070.9895282953516,0.6896788580948745,30.8198,6.629493200781733,85.90426255320209,30.8198,6629493.200781733
0.3652910974750981,1.6800646809423714e-05,9.176913049451467e-07,6.194045226086141e-06,1.6860921938397186e-06,1.5063678707884785e-05,1.716733240852478e-06,3.1540091173683945e-05,6.346207220540386e-07,3.2423929803702054e-05,1.0279702940068717e-06,9.15945618391233e-06,1.3984168872622808e-06,3.880994735942251e-12,266.7447703547413,0.4573836894972834,38.20081,7.928113100996078,75.63370038319773,38.20081,7928113.100996078
0.306436125,1.2512084395027243e-05,1.1231993260885499e-06,8.725932627809572e-06,1.1634469428981783e-06,1.695007808137386e-05,1.6149132853813861e-06,6.396059175290666e-05,6.928972279375136e-07,3.028239807908007e-05,1.057674579670814e-06,5.596028881001682e-06,1.7588199801896075e-06,2.0693399567967817e-12,306.53407648771054,0.40575548388430555,39.14185,11.35185563896762,75.1229465423683,39.14185,11351855.63896762
1007238.2093047047,9.893127666444702e-06,1.11821608014698e-06,3.655029975908794e-06,1.906560755566187e-06,1.7738429562058818e-05,1.5387622782965945e-06,5.97863080395277e-05,6.790956376971039e-07,2.6614664196716733e-05,9.949386597624793e-07,8.162514740742522e-06,1.0325019989952854e-06,1.8769386331220944e-12,880.3810852486974,0.4332000708050287,20.72048,2.761790695295298,91.35830491537303,20.72048,2761790.695295298
1006242.4656171766,2.2631910216891497e-05,1.2111609888342147e-06,3.052972522969403e-06,1.0038578405338836e-06,1.3417614196509828e-05,1.622077287079496e-06,2.3426702235311698e-05,3.8433501714322267e-07,2.8118572977312095e-05,1.961752439438474e-06,4.412680043536269e-06,1.05521806887388e-06,1.5569985767373508e-12,1391.3662726992902,0.6305750966410533,20.58239,3.7575343828233514,87.66691601666878,20.58239,3757534.3828233513
0.35429730000000004,3.1656985849157026e-05,5.159588229234436e-07,9.922923940623107e-06,1.2426175550876063e-06,1.6132213825130535e-05,1.6104011201853085e-06,4.4251222201364134e-05,7.07388615043443e-07,6.350142762672972e-05,9.269669329560616e-07,5.062909082639755e-06,8.355586777921376e-07,1.268564730117025e-12,1319.8759790718038,0.7698446673839047,32.76036,24.400899426375037,69.21386690363832,32.76036,24400899.42637504
0.41739101506109194,1.688337522397502e-05,6.792536514149391e-07,9.811426640173532e-06,5.659947356396488e-07,1.5189633780317166e-05,7.717267098044597e-07,4.025547824334651e-05,6.556780602181025e-07,5.692602380712216e-05,9.522147613495254e-07,6.676672984079683e-06,1.4515601984809955e-06,2.934716600734188e-12,453.70653096212055,0.6693338197307701,26.82535,9.256754397556323,81.98966541400104,26.82535,9256754.397556324
1008285.3694747577,5.212059912508187e-06,1.4033028664532287e-06,2.556615586094792e-06,6.984662134531569e-07,1.02471497925426e-05,5.072857239425022e-07,7.553011033217158e-05,5.508264470986403e-07,6.523573919948443e-05,1.9581859153059216e-06,3.280009045686627e-06,1.2248767728258655e-06,1.6606563828781041e-12,357.6413565602458,0.6894027782279012,21.73573,1.7146305252423395,92.47071998857722,21.73573,1714630.5252423396
1006189.3560907048,5.4592989585498135e-06,5.426679522852384e-07,5.8316503274635705e-06,1.5721115205761692e-06,1.4439735350479673e-05,1.637131849824672e-06,5.4052364124721155e-05,3.7249122619464597e-07,3.150281063801021e-05,1.6918940403673421e-06,3.2378556397525346e-06,1.3465495270112206e-06,1.3944279297496486e-12,290.5824369006598,0.5373004106660669,17.00373,3.810643909295216,92.89455067264159,17.00373,3810643.9092952157
0.43887813339730425,2.130925255280759e-05,1.4886819820988567e-06,5.435331979532192e-06,8.457066902794483e-07,7.639866405058475e-06,1.7777164355860362e-06,2.231063830622827e-05,6.246801307201766e-07,4.053909835942387e-05,1.148035858342456e-06,4.992172154770977e-06,6.680238825032045e-07,1.476205743014994e-12,1004.2865386490504,0.6817258030388189,33.13213,6.505235664107831,78.91698372854752,33.13213,6505235.664107831
1005079.2769410812,1.840240072397836e-05,1.0637103400195856e-06,1.4275424279354937e-05,1.936087804786803e-06,1.5498194404631434e-05,9.077730816888202e-07,3.3251884423616534e-05,7.721501678971408e-07,3.734009307354092e-05,7.034991152217564e-07,5.699317917483567e-06,1.64895080104248e-06,3.744923321691465e-12,511.23142436309246,0.5949373649600143,28.58619,4.920723058918892,83.33003285061213,28.58619,4920723.0589188915
0.353391086694417,7.3601760355262995e-06,8.08564468339467e-07,1.1712561587827848e-05,5.753548757824007e-07,6.380948390911775e-06,8.620089578531754e-07,5.125473667912197e-05,3.724528110618362e-07,2.4083546424230373e-05,1.011233526450101e-06,2.942874553998889e-06,9.809952803560417e-07,2.0863365759057173e-12,1311.838407858687,0.6178809094265143,36.76369,8.83524953222332,83.63800581168226,36.76369,8835249.532223321
1007283.607451151,1.2020297709915402e-05,1.4453497535583952e-06,4.2853588322363445e-06,5.032586506102521e-07,1.741795939567136e-05,7.526080008855845e-07,4.119530782985926e-05,4.867298095407262e-07,2.8476559211805683e-05,5.49951389080139e-07,6.218144724991675e-06,8.854098473581793e-07,1.057882262992948e-12,336.2960391527964,0.7996703913705583,55.04805,23.26502335746947,52.71639254884894,55.04805,23265023.35746947
0.25609391611991117,1.3062957501111038e-05,1.8629376328370188e-06,7.183715424077731e-06,6.641013889029188e-07,9.468861550272417e-06,1.5543060040358433e-06,7.15073841003535e-05,4.992807616878108e-07,2.890265368597873e-05,1.932710827865823e-06,9.42696637861472e-06,5.266611053622691e-07,2.9363364714933075e-12,910.9218187748577,0.4541475668263881,54.55188,7.390679355203553,82.92339035629844,54.55188,7390679.355203553
0.500760466544519,3.838087603771783e-05,5.05767107907171e-07,2.666305572017996e-06,8.9465096593962e-07,7.891863783430041e-06,1.8241872818947475e-06,4.050837630835239e-05,3.906882864492321e-07,4.8149473220127305e-05,1.2770937349115808e-06,4.148245579588897e-06,1.0408319065796729e-06,2.539286769706303e-12,969.5709750956674,0.7176987713915546,27.35694,5.762499338219237,86.54486339166468,27.35694,5762499.338219237
0.319731525,3.433535832261291e-05,1.1100994569397957e-06,6.372448671709541e-06,5.321139767738324e-07,8.876828153114034e-06,7.171045898710274e-07,5.705458892508834e-05,7.48962646724796e-07,6.591167916696896e-05,1.19200670681635e-06,6.091944938070065e-06,5.024972369918004e-07,1.3225477775016973e-12,857.3532074507725,0.7054125483578332,37.36913,24.058443523282367,66.2215309021852,37.36913,24058443.523282368
1006220.5600976058,8.917176339935661e-06,1.170668158274881e-06,4.995851085489955e-06,7.266058285185513e-07,6.693622764139215e-06,1.8945203755785696e-06,2.3355651015243242e-05,6.330684772055022e-07,6.330486190228702e-05,1.4477760651221502e-06,4.751410285787316e-06,1.723705495894877e-06,1.2442552709438127e-12,838.2479746659967,0.5814051010187926,25.79155,3.7794399023941647,87.27061425124236,25.79155,3779439.902394165
1014349.9859844091,3.17069246128181e-05,5.149648865182171e-07,1.4058698373176919e-05,1.5284699583825617e-06,1.874865947010937e-05,1.9591646021555372e-06,5.9697576470467974e-05,6.591958552504211e-07,6.400956232516723e-05,1.5599738661977718e-06,6.969358965026203e-06,1.4452641732075996e-06,1.0581425638041496e-12,596.5869384351695,0.4833058345039118,36.80785,43.276049440482964,45.6500140155909,36.80785,43276049.44048297
0.4926455083137961,1.4256604229635603e-05,1.0319942307854817e-06,2.279890690712444e-06,9.909164556652722e-07,9.668494724529468e-06,9.242627403899784e-07,5.6366023252385317e-05,7.759663812124518e-07,2.7224195043948436e-05,6.916302378959284e-07,3.836235308799657e-06,1.4359065644022718e-06,2.0615410973171313e-12,1278.2201225041565,0.43771723578139593,26.02002,6.488173667448153,87.68951748490703,26.02002,6488173.667448154
0.41898975000000005,2.2228034386624642e-05,1.1567569004586144e-06,7.013272591082724e-06,5.845645181432502e-07,1.8498634607171e-05,6.533838822442398e-07,6.284549429711779e-05,7.230503483837982e-07,7.666931299239938e-05,6.473327584431861e-07,2.4564043176900292e-06,6.014349139890764e-07,1.5306740530767786e-12,416.9163715903086,0.41580769098946363,24.1347,10.831695928070815,87.83429894379698,24.1347,10831695.928070815
0.511602719890978,8.62082722768571e-06,1.2400665615200582e-06,2.8192131381707598e-06,1.669922839196544e-06,1.6875078329628974e-05,1.166693988005885e-06,5.457810676787583e-05,4.784023948827687e-07,3.793818287539578e-05,5.051016326989394e-07,6.773648235295668e-06,5.481222129783658e-07,1.0953670634693867e-12,1097.1836629746279,0.6757868188368235,25.92951,5.757038204360877,87.65822842610285,25.92951,5757038.204360877
1000091.2936190161,2.8611536465591054e-05,7.291172748152839e-07,6.243994228991469e-06,6.237855616759432e-07,7.270087110639238e-06,1.4758705863268939e-06,6.410235622397755e-05,6.01689390635009e-07,2.1719553854449892e-05,9.763310849256679e-07,5.391173834983079e-06,5.733871049953154e-07,2.775561980386583e-12,387.7757146020076,0.7002611406953569,64.57166,16.674999566436384,59.908706380983936,64.57166,16674999.566436384
0.364418580557335,1.5496672024932656e-05,9.534519796862375e-07,6.531681176434343e-06,1.3858368447174288e-06,8.586965020020986e-06,1.403294304241076e-06,7.81327372580843e-05,7.18562357105506e-07,4.434195910139011e-05,6.640538751748911e-07,2.661132290835142e-06,5.571961682279409e-07,2.221750847605163e-12,588.1115044019089,0.4576612299249237,35.46469,8.7838497777066,84.59597639064793,35.46469,8783849.777706599
1006980.0218686371,9.130955982076145e-06,7.219793396568468e-07,1.2019853865655391e-05,1.2238038593517386e-06,5.644546222655445e-06,8.940528559100954e-07,2.3226384394140803e-05,6.975802273853589e-07,2.1483594471788037e-05,6.52856494636955e-07,3.701998897631479e-06,9.095610086404005e-07,3.023927840356061e-12,479.6459016601642,0.5899564564585662,24.46128,3.019978131362962,85.0840157759998,24.46128,3019978.131362962
1006630.1153339886,6.82039815501596e-06,8.697740601370882e-07,8.104454541061075e-06,6.327337408338273e-07,1.7991724770743954e-05,6.168077769170307e-07,2.0998639023166506e-05,5.787451509036641e-07,5.892441738040256e-05,6.939441185016496e-07,8.421582301074236e-06,8.877400298321616e-07,1.243769091048512e-12,942.6136118807514,0.47863755050084045,13.7524,3.369884666011473,99.10546166276745,13.7524,3369884.666011473
1060000.0,3.668800713733388e-05,1.1225539469437748e-06,2.0406097352162414e-06,9.524350891660592e-07,1.0589551550891191e-05,5.212509925412302e-07,2.283994824705207e-05,4.3722888377916144e-07,3.17570456732275e-05,1.5113969982233498e-06,9.462875503376589e-06,5.183482958354957e-07,2.101363452253727e-12,999.9367184931253,0.43579009529801177,-34.3287,0.0,0.0,-34.3287,0.0
1018670.824836763,2.3914832997713306e-05,5.245726795924537e-07,4.967007104961872e-06,6.243796460071461e-07,4.768233511355396e-06,1.0578035569229149e-06,3.390150904115919e-05,3.720572063122349e-07,4.051994400831355e-05,1.7043232618859392e-06,5.740046933094885e-06,9.939385207843255e-07,1.3482030418904667e-12,232.43724216181377,0.7294509686645443,67.56385,27.957325705717807,41.329175163236975,67.56385,27957325.705717806
1005744.4835707367,9.650262294295959e-06,1.7951428509475554e-06,9.503139706463729e-06,1.4014915294818247e-06,1.4318149815036057e-05,1.996657980772891e-06,2.3325672579937665e-05,4.1141467211721423e-07,6.128296755769189e-05,1.9037263045729356e-06,4.288589856067124e-06,5.043780270314464e-07,1.5118899693094161e-12,518.3419289378896,0.4215174316860747,30.25502,4.255516429263279,83.95579316624791,30.25502,4255516.429263279
1005464.0203371134,3.8240789682684925e-05,1.5692825375507883e-06,9.240719058480965e-06,7.506808172816085e-07,1.4184460236778314e-05,1.7468829503363783e-06,2.579934166280396e-05,4.03940890124324e-07,4.910573717431618e-05,5.107869264891277e-07,3.4697825548900265e-06,6.733122708823013e-07,2.5750986188761806e-12,1181.927456013611,0.45676642940744716,25.51409,4.535979662886618,91.72033817581568,25.51409,4535979.662886618
0.30849970232182033,2.293745214020254e-05,1.8315161670076543e-06,8.713586337780218e-06,1.1224740431395601e-06,6.5359600029040545e-06,1.5654589517481708e-06,6.044707814722656e-05,5.258227982763185e-07,2.5679000467291027e-05,1.1761304976264696e-06,2.7963169450453215e-06,6.440582638130597e-07,2.8081878783314675e-12,659.058917392404,0.43774935074046045,46.27398,7.777817907127186,80.11888476883759,46.27398,7777817.907127186
1060000.0,3.4078167676440395e-05,9.596960867153397e-07,2.3446325327409567e-06,9.534554124254762e-07,1.492986674531997e-05,1.3569806903070265e-06,2.0679666010509332e-05,7.814843777585037e-07,2.4080628602570756e-05,1.8609472946711797e-06,7.571656322265793e-06,8.225530260749781e-07,2.384946711399173e-12,345.5307841073305,0.4148221526486076,-5.0525,0.0,0.0,-5.0525,0.0
1007245.1049730511,6.2300087248650175e-06,1.1095271159815243e-06,2.4984568640518733e-06,1.8792607404951196e-06,9.493442143585679e-06,1.7954863673195235e-06,2.268655565506808e-05,6.848779533354235e-07,4.230960455333048e-05,8.76123909383196e-07,6.768048613788071e-06,7.428132970818021e-07,2.6547911867749044e-12,896.6188151416554,0.5654495515087226,31.19418,2.7548950269489163,87.78195866873787,31.19418,2754895.0269489163
0.406639125,1.3537004098254362e-05,9.04956129725225e-07,1.1750084493824553e-05,1.947103397131342e-06,1.1843783341265648e-05,5.961731968560631e-07,3.803210881669058e-05,7.994426884230563e-07,7.040652818489714e-05,1.0002771421311311e-06,3.0847266199370696e-06,9.410694001845614e-07,1.0387728270709384e-12,1173.961863666308,0.5753287995483409,25.78145,12.818547518900475,78.741815034382,25.78145,12818547.518900475
1007356.8586785998,1.9616227110121094e-05,1.9356837289562098e-06,1.4312662629294824e-05,5.819918760248512e-07,4.214992310660491e-06,7.490593004148256e-07,6.465408615006834e-05,3.9957947792046244e-07,3.666405708104412e-05,5.311621262659199e-07,3.829825349600452e-06,1.388910953213349e-06,3.42039998149607e-12,1413.2769560146608,0.7074139740876372,31.08726,2.6431413214001735,91.12094940582163,31.08726,2643141.3214001735
1012732.1836973886,3.548386020532534e-05,6.612189703837437e-07,6.8077799714138795e-06,1.3762327798292642e-06,4.913925676123677e-06,6.573624677518127e-07,3.142844113805549e-05,4.32736542041122e-07,4.230021150965854e-05,1.01376483020635e-06,3.0906140823321226e-06,1.8520176194439012e-06,1.0649044518095032e-12,405.03643641210243,0.48960057668114976,39.4308,40.34316315022676,47.26781630261138,39.4308,40343163.15022676
0.38218064999999996,3.7228115881275634e-05,8.829703234385487e-07,3.475983630776892e-06,6.48412277348505e-07,1.26303468042434e-05,5.067888493967568e-07,2.19137461101723e-05,4.1118997245710146e-07,5.605956814150372e-05,9.885158148035227e-07,9.061984833537653e-06,6.141950530275389e-07,1.023685121420361e-12,1373.4610894881898,0.4005960371454037,29.04258,47.39223087009609,67.9007354920896,29.04258,47392230.870096095
0.31021792499999995,7.707911821938493e-06,6.762403535906058e-07,2.261378691348845e-06,5.127570800103928e-07,9.221964198192293e-06,7.058011288884971e-07,2.996714449771453e-05,6.368230705807313e-07,3.498198718004233e-05,6.966690569315352e-07,2.392083607404582e-06,5.033586112382941e-07,2.294980190080061e-12,943.2584740113714,0.7112579690460209,38.63761,11.150288852291311,76.90985495074837,38.63761,11150288.85229131
1005881.6453831468,3.993951944953404e-05,5.915763008282164e-07,2.5424907181553617e-06,1.5121931606806802e-06,4.1517960657252705e-06,1.878902167671136e-06,6.501575906148275e-05,4.893689688511964e-07,5.680181937465242e-05,1.1937917521742188e-06,7.489709488181651e-06,6.061418818760048e-07,2.2162623988799387e-12,1413.9644473326969,0.6968658233632719,30.38592,4.11835461685321,89.0216182443857,30.38592,4118354.6168532106
1006597.1576657008,1.6770396588089738e-05,1.045262343060273e-06,9.500466905436659e-06,1.3693691149594263e-06,1.316153754017274e-05,1.1773569933500348e-06,3.425724573645286e-05,5.548607337502711e-07,5.525521058826896e-05,7.5807008427251e-07,9.824392851819885e-06,1.8685378072164688e-06,4.560272987288743e-12,1326.5810153086727,0.619045267776422,28.91659,3.402842334299193,92.64422785246786,28.91659,3402842.3342991928
0.31424145,1.3566858702350739e-05,7.1500559835592e-07,3.276203504522685e-06,5.363789013973081e-07,1.7622298169415324e-05,1.5495736165852082e-06,7.700123961992509e-05,5.431445068315832e-07,5.164375294984352e-05,7.061675077159163e-07,2.4211750105279535e-06,5.717919229301766e-07,3.834094126929882e-12,1439.019935424402,0.4329927740382228,38.10114,10.733196358480184,100.96848353779048,38.10114,10733196.358480183
0.2410803685126147,6.106272500226035e-06,1.6990884325863667e-06,3.7983734961917754e-06,1.2520616520766186e-06,9.776765839362319e-06,8.343704963010529e-07,2.8644850381727934e-05,5.371915948206223e-07,5.729698258350841e-05,1.8996129605839598e-06,3.2888481593373885e-06,1.925932051796082e-06,1.3557637405780336e-12,537.7065073430226,0.7391457696698032,51.74659,8.832808259495414,67.95924555520054,51.74659,8832808.259495413
1008547.9772603917,5.12674438466424e-06,8.270449625723276e-07,3.841484066237816e-06,6.96573272294805e-07,7.77402251944223e-06,5.212121624018242e-07,3.1238025814427976e-05,7.646787663974989e-07,4.6409466738228133e-05,7.074821801250731e-07,5.103096714852698e-06,1.3269438002841813e-06,4.012102385890281e-12,761.5251673318577,0.4593079379681171,20.05635,1.4520227396083532,94.49566691170045,20.05635,1452022.7396083532
1009418.3024710818,5.590330736644966e-06,5.422839507060171e-07,2.640846169636517e-06,1.6963914917990766e-06,1.2765262782921714e-05,1.5371166181073337e-06,5.324625049884615e-05,5.536648068357344e-07,2.27080577924151e-05,1.009745176134217e-06,8.80110269861367e-06,1.2356211936339391e-06,2.2845912645622796e-12,975.4025608239713,0.70682316508587,5.811073,0.5816975289181628,119.25615111710928,5.811073,581697.5289181628
0.42332453012576166,3.743630234763199e-05,6.149681618151808e-07,1.2034612571621182e-05,6.077192203965875e-07,9.40000540961269e-06,1.0011056460106194e-06,2.2038951496978238e-05,4.4380127792901675e-07,3.137299684007554e-05,6.036927396457424e-07,2.8838776689487933e-06,1.7721311946652544e-06,2.7884646988805305e-12,450.4494081069646,0.5246292148821635,25.06379,9.547881794969532,79.98918456966986,25.06379,9547881.794969533
1005691.4498110709,3.612768745110134e-05,6.804392934109676e-07,1.4871971712053915e-05,5.122051592949202e-07,6.427143009763005e-06,6.237071588493523e-07,2.2805827057464987e-05,6.666226934346446e-07,7.468588082858578e-05,1.0742434174630728e-06,3.412706290601076e-06,1.070217557725667e-06,3.0194360189919457e-12,1419.7485438754877,0.651336715151934,19.06556,4.3085501889290505,91.46178239462131,19.06556,4308550.18892905
0.3534609,2.5649049159489072e-05,1.930675456577511e-06,4.015677364060155e-06,5.125617898812794e-07,1.1675231704348055e-05,1.7225054138599511e-06,2.343791964799248e-05,3.6923098777991296e-07,3.8086943945915594e-05,6.35421619925855e-07,2.1864519160985576e-06,9.030896313991404e-07,1.0385990099058145e-12,310.8289596894597,0.6246230400869338,32.87188,12.044988073230485,76.93577249360999,32.87188,12044988.073230485
1060000.0,1.481557658663927e-05,9.438061445327263e-07,2.123016830836242e-06,1.3630255145571295e-06,1.3281230519714495e-05,6.37970699426578e-07,7.820269806610828e-05,3.9847154735379036e-07,5.540500071782399e-05,1.803076376120362e-06,3.977781764491559e-06,8.132072411287954e-07,1.2230284680041747e-12,1051.3231484277862,0.5057967840030906,-39.1917,0.0,0.0,-39.1917,0.0
0.35489420959766066,1.512625463386724e-05,8.400356848591104e-07,5.452543882949058e-06,9.067435249460779e-07,1.3405625700316703e-05,6.824412327482548e-07,6.189373831233487e-05,7.334346294683886e-07,7.095443229841396e-05,1.4219185275205298e-06,3.3048227392236736e-06,1.366809510516155e-06,4.769268495164682e-12,597.0999512942062,0.47108174232790967,37.57235,8.532526616093573,86.37454762144873,37.57235,8532526.616093574
1009070.6026430279,6.7500949566657136e-06,9.19940210829072e-07,1.4629156233275683e-05,1.6293092538015865e-06,6.481017319883626e-06,1.5696412392398793e-06,2.0709696715819194e-05,5.915860458506113e-07,3.172879184393412e-05,5.047661792803726e-07,4.466529536714811e-06,1.4015695896573604e-06,2.738421973570288e-12,466.4451662693212,0.6927555987510909,18.65693,0.9293973569720634,93.72239083802896,18.65693,929397.3569720634
0.27170384999999997,1.390355945257984e-05,6.146348724164684e-07,3.210428670496632e-06,1.084228275670815e-06,7.887230001100945e-06,9.878323158988348e-07,3.5299912817457725e-05,4.12037044807317e-07,7.363555341278386e-05,1.427731406973084e-06,6.6815210075513236e-06,5.956080692888011e-07,2.0927651867944442e-12,1438.528274284711,0.5576964362056946,43.77282,19.75938373390411,81.42052082460876,43.77282,19759383.73390411
0.11796465000000005,3.892229817330425e-05,1.0130995091421799e-06,1.1027394585269145e-05,1.3260955650623014e-06,7.462077242126364e-06,8.134721067255335e-07,5.2691854255579415e-05,4.95545074351589e-07,2.471326304602289e-05,5.987576246423229e-07,9.738957762710841e-06,1.8826767767719136e-06,2.7185715742118183e-12,774.508732177588,0.7991159153245979,64.27138,20.201855024208104,61.859182235946065,64.27138,20201855.024208102
0.30240952914811636,2.9422171118323684e-05,9.227397262175988e-07,1.1228178326941292e-05,7.265454685704756e-07,1.0911876998571354e-05,9.636692435855968e-07,6.319185693795666e-05,6.109583025613012e-07,4.4578936267270966e-05,1.2127010021303684e-06,3.579163013384291e-06,5.259504731594923e-07,4.802560516963636e-12,341.5090303730912,0.6041039565304163,39.91268,9.929814834075344,78.19606522716349,39.91268,9929814.834075345
0.2643075,1.4159748487876148e-05,9.772132005383504e-07,3.6704430594581767e-06,6.118071376239459e-07,5.841482448526821e-06,1.656558132309409e-06,6.161963137694441e-05,4.602291987413033e-07,3.0620060295172584e-05,8.941273785979833e-07,6.569213878578203e-06,8.448735832285983e-07,1.2778954828526324e-12,343.60169914410005,0.4347522596605969,44.759,17.8335285586037,73.40925436802021,44.759,17833528.5586037
0.41982740507622035,2.5880934618478014e-05,9.110784996874288e-07,3.328327655649032e-06,1.3913733395737732e-06,7.097236114127752e-06,8.200787778962076e-07,4.4372446550151404e-05,4.130221753404393e-07,7.673012556759498e-05,1.2482004358982187e-06,3.1205696912900924e-06,7.402629946132685e-07,3.732581703915051e-12,1196.339413976984,0.44043013951355403,30.82474,7.959481796951186,92.17360962666518,30.82474,7959481.796951186
1003686.5794500734,2.1897593941766833e-05,9.904219844813008e-07,2.965931795399556e-06,1.0724143835616805e-06,9.40481707509016e-06,9.507899917849055e-07,2.0070031881581985e-05,6.140388657964538e-07,2.7644710322587325e-05,6.833490595306884e-07,5.9477166072935296e-06,1.4926853033634378e-06,2.237662079938677e-12,1323.2001018039678,0.7225166206919256,57.49419,17.390543422739007,56.31342054992659,57.49419,17390543.422739007
1007126.6727833779,2.253311802856151e-05,1.039918292212963e-06,3.4963990414057715e-06,1.5185995660576659e-06,9.490635358654708e-06,1.980884614934654e-06,3.507159917004469e-05,7.18918870965745e-07,2.0513491793964918e-05,1.6171847302668959e-06,7.443548390797696e-06,1.98058499410709e-06,1.3397821565067857e-12,409.29722606935195,0.7512650620075165,21.98934,2.8733272166221075,84.48569975444725,21.98934,2873327.2166221077
1007067.2313261424,9.546251522109457e-06,1.2423081230866583e-06,3.508667714852417e-06,1.5202351108935742e-06,5.400196778993607e-06,1.6544821284555716e-06,2.3569607411843348e-05,4.960435923356381e-07,3.077823955727314e-05,1.4024490477179856e-06,4.677470727506097e-06,5.02913634189437e-07,4.583564182544905e-12,845.6726386022634,0.4401920459077655,41.0915,2.9327686738575336,86.20991377943751,41.0915,2932768.6738575334
1007127.9477815246,2.281436278687811e-05,1.6754981703961827e-06,4.3448303489325586e-06,1.9655166381793055e-06,5.542380124252408e-06,5.452402432666558e-07,5.269750724493312e-05,3.9149586186983566e-07,3.715209644411527e-05,1.5758649771358968e-06,5.45025428279813e-06,1.7713364495318578e-06,1.0829242281354334e-12,316.30507893759045,0.5104089916719011,17.03233,2.8720522184753814,93.59873053281888,17.03233,2872052.2184753814
0.3408039,3.518779687720098e-05,6.688308058745319e-07,1.2740806887896496e-05,9.657272864849687e-07,4.827065858152213e-06,5.798998409277199e-07,5.204348959274322e-05,6.539424213828438e-07,4.529613687337454e-05,9.547993847460768e-07,5.713737564329289e-06,8.887698355067715e-07,3.5129171544612875e-12,336.45097501586315,0.6521363817383956,34.55948,10.499993817745905,76.0174264664613,34.55948,10499993.817745905
1005652.8820705137,1.1202814840547621e-05,1.8082895478884935e-06,9.259046308755562e-06,1.840137404643525e-06,1.2021973741629936e-05,1.1758288063272668e-06,5.666711323407383e-05,3.7494181778639997e-07,4.040835139750183e-05,5.731737131375107e-07,5.675086250936177e-06,1.614180607080526e-06,2.783797019352456e-12,1267.9182885665339,0.5314627017597429,37.72152,4.347117929486331,89.51133560426733,37.72152,4347117.9294863315
1008502.9407147425,1.0673073873039553e-05,5.065761885600291e-07,2.549515548466454e-06,6.652949817152635e-07,8.088983981330812e-06,6.815605579400941e-07,4.170493983573734e-05,6.326929632189946e-07,2.063749168240637e-05,1.7965734970861223e-06,4.910586202119721e-06,1.2763211852955944e-06,3.847002354763108e-12,879.3621113008304,0.40138524613283233,10.17498,1.4970592852574387,103.25298842306478,10.17498,1497059.2852574387
1007102.1580144506,6.656360443162044e-06,9.565842959018215e-07,9.257053570389554e-06,1.3473435349334252e-06,8.494577594056627e-06,1.854444152839043e-06,2.3158908257704283e-05,3.679898317726784e-07,5.2072397469278884e-05,5.832298198285797e-07,5.3863501784093805e-06,1.934413100243751e-06,1.2825693005089082e-12,1361.8844610724104,0.670738442527419,22.37225,2.897841985549416,91.74387692807127,22.37225,2897841.985549416
0.39126722928059143,3.1109297146083966e-05,1.1298703923032418e-06,1.4637069408668783e-05,7.083962219569468e-07,8.807281452997217e-06,5.909995476094801e-07,2.631583127546844e-05,4.718573749149027e-07,2.738469979881662e-05,9.296872627778476e-07,3.9269549806959515e-06,1.6547145004037735e-06,4.254441486797292e-12,209.06634283572075,0.7193075576031088,34.8216,7.902830828776343,68.93276743778972,34.8216,7902830.828776344
0.30530062499999994,1.5595065891644387e-05,1.2723299305985823e-06,8.469390476412355e-06,8.308574078556168e-07,7.04735468663382e-06,1.663547621800683e-06,4.00278075053923e-05,3.6425946541934e-07,4.933678436107615e-05,1.264230347822798e-06,3.2058278589735144e-06,1.5123636791026633e-06,1.2425915819471028e-12,1339.2406501907094,0.7856035059279888,39.29325,10.198630159340171,77.4179874715775,39.29325,10198630.159340171
1008244.3234581319,7.006703694531936e-06,1.5675169172136267e-06,4.394597649177064e-06,5.270832969444138e-07,1.9785945942904818e-05,1.1526301357575839e-06,5.763066687005835e-05,5.591791322282025e-07,6.470296692301093e-05,7.165618778792485e-07,5.845354862273457e-06,5.140021155933145e-07,3.6288418774910152e-12,1086.912338342002,0.542602923710028,26.94422,1.7556765418681801,92.85681206849674,26.94422,1755676.54186818
1008846.185372613,1.240388437811724e-05,1.301510617523751e-06,3.2825730622308783e-06,1.6238393755189388e-06,1.742575688750226e-05,8.289484215620751e-07,5.645634077643198e-05,7.254354388027151e-07,2.435258823355908e-05,7.81169824206126e-07,6.536300959330368e-06,1.5993205514208445e-06,4.220198701945252e-12,1270.4868598934195,0.5553580763122429,16.32191,1.153814627386994,97.11088385219006,16.32191,1153814.627386994
1008813.2993004523,5.0460816669578215e-06,1.8093697878136795e-06,3.100492897533335e-06,8.281461808298359e-07,1.9342338688350307e-05,1.8790224916983146e-06,4.916240418098132e-05,6.641012813601293e-07,6.895121969084014e-05,6.211792278932648e-07,7.836646281542186e-06,1.3246695863860209e-06,3.0596448683153657e-12,1006.0036145124708,0.7462810135547262,28.89759,1.1867006995476042,91.57496401326573,28.89759,1186700.6995476042
1003849.9397764242,1.6628544738495323e-05,7.459323989602973e-07,1.1206033497803023e-05,1.0047095080783648e-06,5.703040338041883e-06,5.071336099761636e-07,7.089822179646769e-05,6.492864532054666e-07,4.599171628690491e-05,1.5357880500136108e-06,7.41352452515665e-06,7.752780078549481e-07,1.444799955585923e-12,391.5681327224836,0.5473203835236787,42.90808,27.072546602736733,56.15006022357578,42.90808,27072546.602736734
0.29911905,5.798713509405855e-06,9.67640021583189e-07,4.170515123911311e-06,1.5316487748102914e-06,9.694559868364032e-06,8.563482416650741e-07,2.993022853430756e-05,6.361104769796736e-07,2.809154670385084e-05,1.2618087016463563e-06,9.017141853892638e-06,1.652904681255996e-06,1.4542234030592085e-12,914.9357998216881,0.4373889595363744,40.11746,10.812920156423099,71.47760680084644,40.11746,10812920.1564231
0.4700256349912752,9.84562640876611e-06,1.5587296857462784e-06,1.1789362841564295e-05,7.331979049193823e-07,8.92513118510452e-06,7.16556988475647e-07,7.929611562627458e-05,5.326364511539019e-07,6.235588761963457e-05,1.1253826345730806e-06,3.960346424340354e-06,1.889903298459926e-06,1.6738265470062819e-12,520.8164760273128,0.5347840139894235,31.43263,5.769185600348992,86.04134114162977,31.43263,5769185.600348992
0.33852986541215313,2.3511718635841402e-05,1.7761927803926234e-06,2.5021192788612275e-06,1.0658595314899004e-06,4.523070504796313e-06,9.317922352784067e-07,3.95961067558622e-05,6.858393908101048e-07,2.4082293841849975e-05,1.136462959460316e-06,6.851659467690827e-06,9.968864426348337e-07,1.1717156944234865e-12,670.9647628476957,0.4619057904970066,35.44871,9.824192383513873,72.31648660537968,35.44871,9824192.383513873
0.3407368302036924,2.953131878995235e-05,1.2133397871305078e-06,9.293954273648236e-06,1.5413519897400916e-06,8.411745468983087e-06,6.849950649992991e-07,3.4027585445697093e-05,4.0694643961109496e-07,5.9526652842518176e-05,9.139982855851832e-07,6.5610258848800755e-06,1.974586433487332e-06,3.4625532616262015e-12,749.706951566885,0.5850303932087535,36.72806,9.352108791852304,85.21632375879726,36.72806,9352108.791852305
1007306.803988768,6.708393748187226e-06,8.214280337297985e-07,4.86863396274272e-06,5.19297411335185e-07,5.550757484184076e-06,1.5733287266692234e-06,3.8044569504293906e-05,4.805289009544521e-07,6.10934592527127e-05,1.4234555048402552e-06,4.335247871163368e-06,1.9859314921012304e-06,3.3579306602874857e-12,825.5007711347439,0.6890640379822297,31.63065,2.6931960112319855,88.7742724110982,31.63065,2693196.0112319854
0.5048907920043895,7.843334817715461e-06,9.816985299999454e-07,3.711782035175995e-06,6.861242818408378e-07,4.103983342428241e-06,6.46814888509396e-07,3.692507845985337e-05,6.936369541210669e-07,6.41332826385558e-05,1.004522399015714e-06,3.3706859209931084e-06,9.447715975327473e-07,1.33832326246647e-12,264.75369863656863,0.6250489955328653,27.5028,5.553528319824421,85.95359529307314,27.5028,5553528.319824421
0.4408567614968547,9.979174363590429e-06,1.4551376500420622e-06,4.4276980120051525e-06,1.0396908536674018e-06,1.940595025931501e-05,1.7254897373911833e-06,2.588063445047155e-05,5.436410780123125e-07,3.0325149748078624e-05,5.326967886576337e-07,3.91051991342549e-06,7.077654986411387e-07,1.0166918067356905e-12,1048.5134464508174,0.5508987804746409,28.92996,7.68674154012581,84.4490535935942,28.92996,7686741.540125811
1007476.4563133572,7.687696418621431e-06,9.702776825748001e-07,2.291828997953981e-06,1.5907087202641152e-06,5.577201455862085e-06,7.991369202086672e-07,5.476515562809447e-05,7.791294731185777e-07,3.486485461866995e-05,8.920137871328441e-07,2.4988586523336643e-06,1.15467281637439e-06,1.42002912594643e-12,887.7179701671644,0.6888142243145396,21.12845,2.5235436866427623,90.95274261674763,21.12845,2523543.6866427623
1006575.832046943,2.8435374047741658e-05,1.1605131955659697e-06,4.536148310391088e-06,1.2689575908689914e-06,4.199287011869074e-06,7.202114715767186e-07,7.145550129814457e-05,5.467411783692702e-07,3.4504120363415625e-05,1.2824005250033247e-06,2.6564630236184888e-06,1.3084360553923049e-06,3.5100790264436626e-12,1210.6470086120974,0.5038832962692572,28.50489,3.4241679530569447,90.3153277113876,28.50489,3424167.9530569445
0.413264625,1.0285125560267672e-05,5.179191092729024e-07,5.7581790244648495e-06,1.5894060779182927e-06,1.385692383651624e-05,9.649531048494536e-07,4.454986345578334e-05,6.511626142970762e-07,7.536978042822361e-05,7.871681589128546e-07,7.902758779765179e-06,9.063427290193433e-07,1.5131973494917086e-12,211.484935198365,0.47674082124773104,24.89805,13.608268423534687,81.6943338540531,24.89805,13608268.423534688
1006895.0630541334,1.957093751824721e-05,7.80969472399927e-07,4.954621023584316e-06,1.3884649578348663e-06,8.947030838477757e-06,1.6978061695853522e-06,3.998954612561918e-05,4.7191499851341517e-07,2.8468808259169825e-05,9.155232207993148e-07,2.2637727145759038e-06,1.3276983517143101e-06,1.0454576005178424e-12,1280.5256375345082,0.6107874967446089,49.04717,29.125718642992837,53.104936945866534,49.04717,29125718.642992835
1009204.4759238268,6.790020021136346e-06,6.425387422077935e-07,3.0538205905737003e-06,8.735016923961076e-07,1.5392279041019492e-05,9.40098176278494e-07,2.6619511516242283e-05,3.7755795347921115e-07,2.5528830277221775e-05,1.8498212706466473e-06,2.534754385242211e-06,5.769726701984684e-07,3.406585461237879e-12,1286.6915956454359,0.7320529173940173,9.143929,0.7955240761731703,107.35556048466717,9.143929,795524.0761731704
0.30626715,1.9368959845326e-05,9.863636270802903e-07,6.791583457180788e-06,1.915105687674086e-06,4.748711151291876e-06,6.279681751819757e-07,5.892482728363122e-05,4.0828298352713065e-07,6.802578776252316e-05,8.37347183808431e-07,3.1841789024882453e-06,1.5958216533917205e-06,1.9164061208656767e-12,919.4966487772438,0.4129527758800891,39.16438,15.615429948091302,83.76254562784436,39.16438,15615429.948091302
0.3476804032135745,7.2054691067787615e-06,5.77195002108859e-07,4.7074243736029615e-06,1.1150973649752967e-06,5.584414963022289e-06,1.6391589782558696e-06,2.5639042449612825e-05,3.6860671325080487e-07,2.5675025066200645e-05,8.866381481268834e-07,9.392838560393945e-06,1.099827902981844e-06,2.421860109740254e-12,324.3519670959494,0.7917193290307625,43.68415,6.987538871457018,75.07509555153092,43.68415,6987538.871457018
0.24465569999999995,8.695996229071092e-06,1.2809520996077107e-06,3.436405250855141e-06,1.5775114936052504e-06,4.409431910121698e-06,1.0663894162104458e-06,6.665453653558678e-05,5.158898085961972e-07,6.807269125821603e-05,1.4329084372326906e-06,8.814436742159531e-06,1.5288499924610264e-06,1.1381165859036592e-12,1401.0061737315623,0.5782592889281928,47.37924,12.304669991632803,77.6085144018687,47.37924,12304669.991632802
1021964.0440837281,2.5237992099238363e-05,1.712785530429963e-06,7.955482075902508e-06,1.8438542219895135e-06,6.391514231624164e-06,6.581868083163656e-07,2.583808775868333e-05,7.013186498605563e-07,2.5794788535214467e-05,1.7821770693607793e-06,3.6673853233267684e-06,6.81957395572892e-07,1.1997097729596997e-12,1250.8418856020305,0.46396387387276117,50.10966,21.70371298231342,38.03595591627187,50.10966,21703712.98231342
1007490.0314374857,8.924920184113229e-06,9.247930896124792e-07,1.437529922509203e-05,1.7798548356812265e-06,4.034456751270774e-06,6.804611974846166e-07,4.363976351294288e-05,6.50761970505329e-07,5.705938370888539e-05,7.846889482336513e-07,2.2058359310844578e-06,1.6957844572582461e-06,2.6940974902962236e-12,996.5726171650792,0.7946562723816684,27.8472,2.509968562514323,88.46337619195795,27.8472,2509968.562514323
0.39209797097988314,9.829227687768374e-06,1.3174622618154101e-06,3.1092400989905764e-06,1.1562253006261805e-06,4.908890520097634e-06,1.3208152402714628e-06,7.904164453710533e-05,5.337742372772213e-07,4.233457134159375e-05,5.640962589837425e-07,8.442551575441527e-06,5.887576841646618e-07,1.866089389162857e-12,652.480181663354,0.419103200133041,39.68736,6.409873160804675,87.04850634610108,39.68736,6409873.160804675
0.4220959556353514,3.796896378246715e-05,1.0915850102848124e-06,4.749408325109801e-06,5.949652399394178e-07,7.997045958999821e-06,8.947537570653264e-07,3.4587858777377226e-05,4.689574493195123e-07,2.537294440375393e-05,1.6540757101862464e-06,4.8700764749931726e-06,7.617791983124125e-07,4.820086148593764e-12,964.545735985246,0.5059099961025377,34.2463,6.842271774585945,81.5285957981717,34.2463,6842271.774585945
1060000.0,2.373071720730128e-05,1.127219329063648e-06,2.0965343714821308e-06,1.3618538767109849e-06,9.026201086041328e-06,1.0660411687803211e-06,3.037122821536136e-05,3.608026897020154e-07,5.642628516064195e-05,1.9826563176385798e-06,6.7255840148477574e-06,1.6166137877163976e-06,1.035542499907482e-12,257.973305950555,0.404091825083218,-18.1794,0.0,0.0,-18.1794,0.0
1038970.6531102257,2.2108562629349095e-05,5.769689066180025e-07,1.3833768726460688e-05,1.6120369161031411e-06,1.042227247099353e-05,6.292947880048986e-07,5.82918609806392e-05,7.410362138798897e-07,5.8695870711753294e-05,1.8518830015946386e-06,8.271858889650325e-06,6.956305592430686e-07,1.0538251306373784e-12,536.7624827092741,0.6289689270075254,53.43015,44.79405461174465,21.02934688977436,53.43015,44794054.61174465
1008661.7634883964,5.3729427022742125e-06,6.831816394373069e-07,1.2231881987406688e-05,8.105605215248091e-07,5.452074064319991e-06,6.655320004654975e-07,2.0182726504965847e-05,4.116081618432074e-07,3.283061493314039e-05,5.290492764357851e-07,7.36050092275317e-06,1.7553228442136493e-06,3.655299276701452e-12,647.2682014819912,0.7893701763730633,19.41752,1.338236511603573,92.8089103707098,19.41752,1338236.511603573
1005939.5222268916,6.331267717212992e-06,1.7046463623493257e-06,3.1550459070065324e-06,7.984584542185265e-07,6.78756706386042e-06,1.3526860400306312e-06,6.939945002813752e-05,4.312102437991689e-07,3.505548639319803e-05,1.0059700009100503e-06,4.881213255404938e-06,1.0871298546367668e-06,3.0611444811579002e-12,470.5966227569886,0.47745641694978774,52.78361,4.060477773108381,86.7491941826653,52.78361,4060477.7731083813
1060000.0,2.5093166213620797e-05,6.531545061450648e-07,2.7731029163311274e-06,1.624058690564339e-06,7.542824948401854e-06,6.269502014972086e-07,3.613781984929705e-05,3.6208796994396356e-07,4.212881311467792e-05,8.086791061467526e-07,6.6511344720384894e-06,1.054626122568915e-06,2.8243087628762955e-12,359.1835019307082,0.7326613156971874,-13.6095,0.0,0.0,-13.6095,0.0
0.3455647155966804,2.577514283740722e-05,1.4194353788354874e-06,2.399900143721572e-06,1.692795442182979e-06,4.388067302972868e-06,1.4744240334734697e-06,5.667504726740668e-05,4.926383135360188e-07,7.038885624749309e-05,1.1675279294112883e-06,5.379580572606181e-06,1.8696363518217997e-06,1.2089591766476263e-12,515.5449208399289,0.5985651892467991,37.51774,8.922089376132783,79.15394937797255,37.51774,8922089.376132783
1006493.8104897026,7.548509711515651e-06,9.741691720459233e-07,3.727478788459318e-06,8.370527917900146e-07,5.175261699056436e-06,1.756652569761709e-06,3.4054880334636436e-05,5.790875721581368e-07,6.652646824466214e-05,1.2157397849549962e-06,4.976187070074682e-06,1.745177874722661e-06,1.7337094882730114e-12,1481.7787784030945,0.4391155647812988,27.82317,3.506189510297425,90.72809501856786,27.82317,3506189.510297425
1006855.9943301952,6.585282593316792e-06,8.6516453498447e-07,2.331022617418485e-06,6.868942983846353e-07,8.683528488009295e-06,6.897943738669697e-07,3.4859806137115475e-05,7.651090403238796e-07,6.542952529475667e-05,7.310991367120723e-07,3.3392834458833206e-06,1.2618667640967319e-06,2.26758306586603e-12,1393.1524039673384,0.5007498067113613,22.27142,3.144005669804715,94.18119088516117,22.27142,3144005.669804715
1005990.8926005539,6.192770359602208e-06,1.754928783061653e-06,8.215614187127721e-06,1.717979075257917e-06,7.936479655628059e-06,9.311837216780604e-07,5.7873588014330396e-05,3.67684165091356e-07,4.414236089066252e-05,6.227298692308836e-07,6.600010181128885e-06,1.0468771886116793e-06,1.540739262813848e-12,1336.9279025395,0.5081928463610543,34.42121,4.009107399446018,88.06880480163949,34.42121,4009107.399446018
0.3583444265588213,7.4388710431965965e-06,1.3289631264148075e-06,2.2697557054076515e-06,1.3032975335260843e-06,1.596673159971282e-05,8.174778034810767e-07,3.107146160629548e-05,4.469400106440256e-07,5.424877984757081e-05,6.067390318396992e-07,5.102127869564317e-06,5.783981840601631e-07,1.466185952207517e-12,1293.7110808803154,0.6069698895554316,36.08217,8.841571937647148,85.67213800834988,36.08217,8841571.937647147
1008916.3995340948,1.2525340254807776e-05,1.7834253058709558e-06,5.0632490201418e-06,6.068093068144949e-07,8.469861449648377e-06,1.928727745708556e-06,3.3606108047151334e-05,6.506663946972213e-07,6.588449946912724e-05,6.184165554064367e-07,2.3245066372552146e-06,1.064748268318242e-06,3.1261351476984215e-12,530.6840428469129,0.7191580047470506,23.96237,1.0836004659051421,92.15217249149588,23.96237,1083600.4659051422
1006570.8245569814,9.753610341071926e-06,1.8194995953629615e-06,9.849025870128996e-06,1.133984973879393e-06,1.3075840101863837e-05,1.9162082268184074e-06,3.04200438630074e-05,5.552838057341482e-07,3.959384956261035e-05,9.093099955956235e-07,5.548940626175889e-06,1.579020199041333e-06,1.3759028395906546e-12,471.6604794920674,0.4937912635730317,27.0942,3.429175443018612,86.76129454723572,27.0942,3429175.443018612
1008524.421416194,7.122554144247644e-06,1.132205283168452e-06,6.158578206036765e-06,8.170975898100581e-07,7.116544907406379e-06,1.1769250429856898e-06,2.164928825045672e-05,4.724022540285382e-07,5.399490551068471e-05,1.257906192437012e-06,9.377037841632146e-06,7.31979034418648e-07,4.144616665460736e-12,633.6065972410272,0.6013824724722211,26.20453,1.4755785838061006,90.08039854949119,26.20453,1475578.5838061005
1005563.9331764588,2.5547177591270233e-05,1.3855720912319466e-06,5.823266912549454e-06,1.579080432827647e-06,9.561859808885748e-06,1.925617355478836e-06,3.119420460903863e-05,5.10426180742938e-07,6.0104350520104416e-05,6.028835893422724e-07,7.115297842097484e-06,5.12626130169252e-07,2.264736163934454e-12,717.2681549707913,0.45013171630639476,29.09927,4.436066823541188,88.68366863510109,29.09927,4436066.823541189
0.1682625,1.6858815673887788e-05,6.313725761206973e-07,3.6987017145469685e-06,6.752122284005343e-07,1.4039578581032037e-05,1.6815501497177162e-06,5.5566972642406886e-05,3.8379436354740645e-07,4.503992635572075e-05,6.318027028790697e-07,2.5833484376520787e-06,6.44893936112609e-07,1.7574916494698955e-12,1181.4765843613177,0.6133134549360009,57.565,31.90173259951006,80.53933792047533,57.565,31901732.59951006
0.34113771399527293,1.041026113507381e-05,1.5069471587649426e-06,1.3127594137166775e-05,8.774993758944085e-07,1.3524880119062551e-05,1.9693426365384533e-06,3.717787366077319e-05,5.596189386447662e-07,2.598008031334541e-05,1.4349078448886565e-06,8.254505926537675e-06,1.2245385234348565e-06,1.1570560885296255e-12,1429.4931986956683,0.7171675686911501,37.23709,9.18336444018908,67.7232644792361,37.23709,9183364.44018908
1007144.8065091763,8.33383033509925e-06,7.305494999952253e-07,3.569331870468914e-06,1.1071075272509943e-06,1.0405508429653748e-05,1.4908364689428082e-06,4.629861610699926e-05,6.074232277476905e-07,3.455364693696411e-05,1.5833174672792116e-06,4.082649786312768e-06,6.023850003080603e-07,1.8990696237983175e-12,540.95906238354,0.7324176606293176,21.46669,2.85519349082374,88.77160439353685,21.46669,2855193.49082374
0.37476111589899885,1.0196495821877655e-05,1.600238483280541e-06,1.3918835631822904e-05,8.250840592852978e-07,5.467687389746042e-06,5.484783646409586e-07,6.37271323304937e-05,6.035031215260735e-07,2.052704719664884e-05,6.892974776416364e-07,2.256122628442232e-06,1.3895788177675977e-06,1.1454987013500856e-12,485.4878278024003,0.5482942156881557,34.05355,8.793490364040045,76.84958070824608,34.05355,8793490.364040045
0.19867852500000002,7.591077534671023e-06,1.1796622896403936e-06,2.6223968606488765e-06,7.556328140089568e-07,8.436428939460887e-06,5.639686977701247e-07,4.543400479560585e-05,4.885250209751907e-07,2.0161151615550053e-05,5.334976486351269e-07,9.453646023631838e-06,1.8194828694116041e-06,1.2599358772829719e-12,831.6095959901703,0.4149087468396747,53.50953,17.907324542054003,71.89733710126077,53.50953,17907324.542054
0.343495725,1.148636852214894e-05,8.708321367004243e-07,1.2856472901255986e-05,1.4110064637729923e-06,1.523601991176814e-05,5.39534007394925e-07,7.734097311099305e-05,7.21297721855392e-07,3.438655613489835e-05,6.767886477506131e-07,4.661155687595437e-06,1.838827183140198e-06,1.0167536137752237e-12,944.1757785024772,0.4913076682777072,34.20057,23.254890722495762,68.6396066913862,34.20057,23254890.72249576
0.3242365939184199,7.171726878966098e-06,7.283752506067158e-07,2.3982848880743545e-06,1.571698741522058e-06,1.1553286307514681e-05,1.6412322180492406e-06,5.08621818768367e-05,4.242258742203027e-07,6.656174987061168e-05,6.581346924112775e-07,3.871363372313585e-06,5.08691048959781e-07,4.516839503142096e-12,1002.3836093892736,0.5132457158343533,49.92536,6.052928243263204,92.02217891471768,49.92536,6052928.243263204
1007285.3698009201,6.068704384779907e-06,9.141771473614519e-07,2.636957835031378e-06,6.597993552628822e-07,4.691990470083128e-06,8.110889801521681e-07,6.963711220866696e-05,4.5297594900122814e-07,7.114618375737624e-05,6.566765277533558e-07,2.6663670862411416e-06,9.590890766812248e-07,4.220949707514352e-12,880.3665687934749,0.5906435160369335,34.13023,2.714630199079893,92.19939148715902,34.13023,2714630.199079893
1007043.6033223809,1.1980347832051618e-05,1.7865457169729554e-06,2.1316811798174693e-06,1.644109192155587e-06,5.594291328632612e-06,7.080954341188166e-07,2.999319011457339e-05,5.923595917583351e-07,2.1287489192046705e-05,7.345264836634337e-07,3.986441442080298e-06,5.505413677289237e-07,1.694798350368798e-12,642.2351370015203,0.6046388225271673,24.96778,2.9563966776191046,86.74581504275297,24.96778,2956396.6776191047
1008458.10091177,1.2519187200360405e-05,1.9944774490820664e-06,1.0776753977352855e-05,9.92286423145206e-07,1.0771423002456034e-05,6.495764670594551e-07,3.03050761242551e-05,4.1656103939180973e-07,6.794698891622863e-05,7.443547530539685e-07,2.846027576480248e-06,7.659408590992689e-07,3.4614040860295165e-12,301.1002354261068,0.5984841023928471,24.29098,1.5418990882300352,91.19432179874512,24.29098,1541899.0882300353
1006963.0531987923,7.884400052718755e-06,8.070337482129355e-07,9.646494742568338e-06,1.5076077730528291e-06,8.958435982104588e-06,8.570447017465816e-07,2.8501875331943952e-05,5.676307377586222e-07,7.971584199716216e-05,6.289492833705125e-07,8.16642839395628e-06,1.4594469213970846e-06,1.813115096033644e-12,493.0128469470919,0.7368266783984457,20.27867,3.036946801207698,92.03488788536067,20.27867,3036946.801207698
1009434.6372694897,6.645485140953822e-06,1.0858492456637787e-06,2.1742634705330784e-06,1.2981245578786577e-06,5.28386202251619e-06,1.0220284747704848e-06,5.53231927071021e-05,4.452709977930884e-07,4.943983444939981e-05,1.9432960505205364e-06,2.010368722169723e-06,7.998531721522157e-07,2.2391644179717493e-12,638.3810059247007,0.7542545536546478,14.3301,0.5653627305103213,99.83388447042832,14.3301,565362.7305103212
0.18639119999999998,1.3614333715584279e-05,1.8495996060987853e-06,2.8420003172038697e-06,8.595358165202274e-07,6.262418671252289e-06,7.805560690167502e-07,4.5313243196699335e-05,3.646299137609842e-07,6.0467768050089656e-05,1.11969212837814e-06,2.851446088642636e-06,1.0477256855277926e-06,1.5241421210940413e-12,755.5433673030453,0.5218898817560934,55.14784,14.784696050400813,77.3928131569068,55.14784,14784696.050400812
0.3672483477731583,2.9065141126831166e-05,1.2059599697124755e-06,8.830482834322217e-06,7.511641074067989e-07,8.327568268405433e-06,1.8821349832760539e-06,4.127020411372592e-05,4.4869274187678585e-07,3.768715413478088e-05,8.659517748339595e-07,3.6581971181278007e-06,1.0602940435032654e-06,2.0677387840488905e-12,1047.3727557951547,0.7424556385022483,37.56088,8.04180208907367,81.1990733222147,37.56088,8041802.089073669
1008386.1677331473,3.106760013220082e-05,7.13415482646367e-07,4.606673976901586e-06,9.557516285566128e-07,1.1938940557745337e-05,8.558316222982084e-07,2.765767919854924e-05,5.600579529556128e-07,6.140135085016731e-05,1.9044195857133192e-06,2.2282367444141563e-06,1.246811300011447e-06,4.136936934217077e-12,313.2662965007675,0.5491068029894722,48.35312,18.10641730273254,51.613832266852754,48.35312,18106417.302732542
0.3061970709019175,1.466714003523107e-05,1.1630051886311961e-06,2.1399092841916495e-06,5.432246819095576e-07,8.29013542732096e-06,1.8012589766115344e-06,2.5207871822111375e-05,7.058088651243981e-07,2.0309939585344856e-05,1.0238798202307518e-06,3.4264980717849895e-06,1.314950612789125e-06,2.8457657721245848e-12,1288.9163079167101,0.5540234983576353,45.58279,8.077280163923298,75.80304247672943,45.58279,8077280.163923299
0.3746169234120559,9.139377528921914e-06,6.936961514283036e-07,4.586332084074629e-06,1.6989046364390754e-06,4.219996249306583e-06,1.7397144797481276e-06,2.743062011480062e-05,4.388321065212006e-07,2.8959127324332825e-05,9.01007836732354e-07,4.538817937605041e-06,6.701463304034341e-07,1.8925283133241914e-12,1037.995748758622,0.6663487619489143,39.82938,7.066509063517765,80.16740639852398,39.82938,7066509.063517765
1007730.5259871873,5.236807605096384e-06,8.760608791121623e-07,8.20938443310493e-06,1.7115791844623075e-06,4.854070521124462e-06,1.8226428834450779e-06,2.5776793032531867e-05,4.1677993364491593e-07,3.532342484957718e-05,1.6417601351535986e-06,8.668593290290611e-06,1.218195904536388e-06,3.4871584770230546e-12,998.6008742525286,0.7084389433619402,36.64919,2.269474012812677,85.09407317751604,36.64919,2269474.012812677
0.1671019580027455,1.2801970468903647e-05,1.2261074800347822e-06,4.765415945279571e-06,6.764522356867882e-07,1.3590221140562893e-05,1.2767761067356641e-06,6.133354451851248e-05,3.7367521839802386e-07,3.840931909837242e-05,6.64569689255133e-07,3.898520958851887e-06,7.627910681103136e-07,3.701748738023049e-12,1105.2882572229835,0.6774398047265927,60.7705,9.08477167989018,91.3540626274465,60.7705,9084771.67989018
1008342.9465045752,3.042745971654256e-05,1.0051634084801842e-06,5.277644478901193e-06,8.703151830543567e-07,1.3201386266002258e-05,7.736887581735824e-07,7.93655957205324e-05,4.6579462204077514e-07,2.061671672175096e-05,1.267065715733187e-06,3.2553414812850435e-06,6.054588003037548e-07,3.793602227440471e-12,1102.8101078572472,0.4234730817745976,12.94668,1.657053495424796,100.82253356433543,12.94668,1657053.495424796
0.125334975,1.92350167996606e-05,1.0882943837029898e-06,9.342149673734477e-06,1.443613624234647e-06,9.617099464359203e-06,8.723297184429051e-07,5.45121185231457e-05,3.6865132863154253e-07,3.437854089275441e-05,6.478079356471062e-07,2.20699598401065e-06,5.507449544531931e-07,3.4144308334630623e-12,951.2445644305074,0.7848629286174954,63.28867,13.03412035333092,82.5881038783291,63.28867,13034120.35333092
0.44635552500000003,3.224198616456089e-05,5.103857901268518e-07,2.9426754157150356e-06,1.5359901937419196e-06,1.0195516312997361e-05,1.447411743186767e-06,4.050051827250689e-05,5.886036011054048e-07,5.083449499970008e-05,1.0968001731672733e-06,4.742778520548465e-06,6.239388325626819e-07,1.2130397339959204e-12,400.0939923843996,0.680971170433933,20.48593,10.12566043602687,79.80043177623838,20.48593,10125660.43602687
0.432923060036571,3.725222278245432e-05,1.4528933243736453e-06,9.486706530568558e-06,6.910015423992173e-07,4.626715083397789e-06,1.3899909281427148e-06,7.180627643765301e-05,5.513788106482983e-07,6.253730570449223e-05,7.662685255987433e-07,3.051053875394504e-06,8.768793614128445e-07,1.599760668303246e-12,239.26913192958287,0.6871853193505288,34.03454,6.47271559853716,83.0547613088488,34.03454,6472715.59853716
1005659.5637137825,1.7100935088396846e-05,1.2958749345823835e-06,7.635380133088622e-06,1.9251252245037237e-06,4.601918327994629e-06,1.4561565149731538e-06,7.543753589537598e-05,4.5835415269406716e-07,7.885128120402905e-05,1.1510959626716747e-06,2.0630251356365713e-06,7.394651011767723e-07,3.4814716064619416e-12,993.6445278816908,0.5674187166978155,41.45358,4.340436286217574,88.99961722421575,41.45358,4340436.286217574
1008183.4214149659,5.286380461085696e-06,8.471930829245267e-07,2.8722298879255706e-06,1.1759774965294919e-06,1.4958364191690145e-05,9.191539396265602e-07,2.0055299595941904e-05,4.425215494598572e-07,4.641259456621437e-05,6.262506749587087e-07,9.989370409294398e-06,6.896807078526699e-07,4.342942854397297e-12,1165.248893264725,0.511174427445796,24.05137,1.8165785850340788,93.73586186309743,24.05137,1816578.5850340787
0.39741405205688746,2.5651604696447848e-05,1.540550657204102e-06,8.152214721555946e-06,1.4800234178139838e-06,1.2216925541076224e-05,1.5627121765948522e-06,2.2201995801425242e-05,6.421140505645841e-07,2.3347888582467584e-05,9.612289167180155e-07,7.983013097730558e-06,5.038830273355195e-07,2.7743378374889813e-12,1440.0026055660921,0.5084317227105012,36.30989,7.210470917724501,80.00187932168731,36.30989,7210470.9177245
0.3777763895926304,7.9299407849024e-06,5.855221126742331e-07,1.1850420487980493e-05,1.0391528487136936e-06,1.6060482860092424e-05,1.4312214803810218e-06,7.171511178041195e-05,3.908466598092508e-07,4.9279334431849225e-05,7.096578358969155e-07,6.932878446594245e-06,1.7925534548389873e-06,2.8843033346396446e-12,1371.628259158863,0.6616195783346958,33.98825,8.692469416294783,93.40997955466457,33.98825,8692469.416294783
0.5281065743722433,6.068706111372972e-06,5.010218393055699e-07,1.3278060403343943e-05,1.4634985749134062e-06,4.80893017621066e-06,5.391648791330605e-07,4.588918346497035e-05,4.0778164811959974e-07,4.7953014940221626e-05,5.303668723382119e-07,8.241544730568286e-06,6.630429216899212e-07,2.283997722297474e-12,901.2476000255278,0.6070325542706904,24.58572,5.500021025110272,90.46280860844922,24.58572,5500021.025110273
1007312.0488944404,3.237236123769069e-05,1.8945820255049006e-06,2.282576045710763e-06,6.235892913547962e-07,5.094025458900159e-06,6.290335206621291e-07,7.421641744551164e-05,5.586354392139427e-07,4.933337465031959e-05,1.4547673290178504e-06,7.642203408876742e-06,1.6075845467010973e-06,1.6905898235068205e-12,1430.4843115750546,0.6642053480465977,22.25574,2.687951105559577,91.73005588827856,22.25574,2687951.1055595772
0.4627729525374521,5.204103869119057e-06,6.132768206725666e-07,5.562219932619567e-06,1.1164411836147456e-06,6.901226665609264e-06,1.0942131488498014e-06,4.867469274237527e-05,5.226691042734807e-07,2.9306489519614904e-05,5.549862512859889e-07,4.768258536136796e-06,8.987331354593381e-07,2.5943305995605206e-12,346.0332552716288,0.6399363186495254,33.33523,5.488512898501913,85.08861205079863,33.33523,5488512.898501913
1007908.4764205957,3.2110358334324435e-05,1.6439416852136242e-06,2.8254959727221075e-06,9.622580322531484e-07,7.516151226323782e-06,5.108996947411802e-07,2.0938922811682102e-05,4.0048646047614134e-07,2.0469646120311666e-05,1.1890429905960705e-06,4.168335375602862e-06,1.2068156057737292e-06,3.650031968539594e-12,1492.5450190877866,0.5685116922694992,18.49514,2.0915235794043814,91.42022482845114,18.49514,2091523.5794043816
0.40298325447627287,2.0244829685927907e-05,1.699047651485761e-06,3.5203175481147612e-06,6.76744921877476e-07,1.4567360506416574e-05,8.484904825789091e-07,4.931140894549572e-05,6.010547949989695e-07,3.1777723210913164e-05,1.030854946234657e-06,7.500810944776206e-06,9.78813525733397e-07,1.0094916478008451e-12,432.23551671383984,0.6943138800453503,28.1004,9.450549820949085,77.54869797552433,28.1004,9450549.820949085
0.4437984875625113,9.23833833503589e-06,1.251664481944775e-06,7.52664209221167e-06,7.560288450779254e-07,1.152718456552065e-05,8.396558210297037e-07,3.5201665939509975e-05,3.653771871998527e-07,2.2658455948109874e-05,1.8050854268933141e-06,9.328709344444366e-06,9.441308308304626e-07,1.4920889340198865e-12,437.43149352606827,0.7637890734263066,30.83452,6.99770449749955,75.25489542688268,30.83452,6997704.49749955
0.4647874494582482,1.635383100013666e-05,8.766896394631322e-07,1.0360890997808563e-05,1.3272424348853677e-06,5.980678828369316e-06,8.429068158759542e-07,5.744136881980789e-05,3.6022117325813895e-07,7.143254952161599e-05,7.512098843859449e-07,3.6597055204409103e-06,6.011992970902882e-07,3.4246073434101756e-12,1096.6175288024565,0.4168114553449469,31.54093,5.946223021670073,93.30048833931627,31.54093,5946223.021670072
1007515.4412622056,1.0457800289905832e-05,1.3165865886247517e-06,4.7082120643270706e-06,1.0017095965509695e-06,4.543493290541768e-06,1.0465033559160664e-06,3.678788801236836e-05,4.82668180213037e-07,7.378158773992798e-05,1.2828383085345056e-06,9.542410232365931e-06,1.6787738771076119e-06,3.7852664632391526e-12,553.5704470613613,0.7508724388446255,36.22701,2.4845587377943614,87.72900796684094,36.22701,2484558.7377943615
1007564.4375246947,1.4439916399184272e-05,6.129071302156087e-07,4.067194840546891e-06,1.350692464663928e-06,8.276243879333446e-06,9.978023257239174e-07,4.099765877313964e-05,4.489213371278192e-07,5.36880268463128e-05,8.840670817446267e-07,9.984926646667737e-06,1.894031627405356e-06,1.449896541338736e-12,249.97248348226645,0.5612928623163617,56.54444,31.358376717709902,52.43556247530524,56.54444,31358376.717709903
0.33366915,1.3111003735915067e-05,1.4650253885813644e-06,1.4124592702741798e-05,8.799571974384864e-07,1.0260585632891846e-05,5.981982244686639e-07,4.478307674859242e-05,5.661256588110388e-07,3.915519518956932e-05,1.7687646014334017e-06,8.343372585513299e-06,1.753404585314648e-06,1.2424616071794425e-12,265.6470331304565,0.502628917056308,35.51078,13.53213899205459,65.9830755746674,35.51078,13532138.99205459
1009586.5126600729,1.7586843815897036e-05,8.549447995557548e-07,2.7932031441069385e-06,8.83595472090972e-07,1.0847741677282798e-05,5.077391002166126e-07,3.5650091077255186e-05,3.8150835461133046e-07,3.7513498152652414e-05,1.8186052660500655e-06,5.1146263010064134e-06,6.389794445959258e-07,4.2058997194350955e-12,690.0419450801212,0.7941066908538597,4.203039,0.41348733992717474,125.26397370653424,4.203039,413487.33992717473
0.4797179306185226,3.308193027017189e-05,1.8608555400223101e-06,7.519890457840998e-06,6.192697425422103e-07,1.7437609339333544e-05,1.1538094231874976e-06,7.478238422473188e-05,5.576967111159077e-07,2.6957234240691418e-05,1.4171488330874872e-06,6.525831365361074e-06,1.6590100533156208e-06,1.9030941011730133e-12,869.19824557892,0.6840462252361543,27.99163,6.413793775259096,83.26044368214697,27.99163,6413793.775259096
0.3626661,1.2770539080906398e-05,6.482319870386528e-07,1.2673749022419777e-05,9.12348348821524e-07,6.494195603957009e-06,7.042297662402055e-07,4.142161298915142e-05,3.743217458087278e-07,7.438719173422072e-05,1.5315142881047376e-06,8.448058120697085e-06,1.5434908595706667e-06,1.1664159178493329e-12,460.1846880023129,0.611152078944551,31.64452,19.176179829373808,71.97414560839256,31.64452,19176179.829373807
1060000.0,7.416437123938843e-06,1.4428003063791548e-06,2.371882926474985e-06,1.9753170684247926e-06,7.644711888432245e-06,5.207496691834801e-07,6.933624151643e-05,4.5365915782713144e-07,2.1425675458773443e-05,1.9423153671325983e-06,6.154421798382521e-06,1.8149030629242737e-06,1.266498483305195e-12,1002.0216088122852,0.6987971840616913,-4.79875,0.0,0.0,-4.79875,0.0
1006941.0013252182,5.751524599267824e-06,1.4998506916275684e-06,8.904668056042048e-06,1.2506429393876749e-06,1.578397735755467e-05,1.6718325919162226e-06,5.5104814728088874e-05,5.648051105976198e-07,2.704673250062039e-05,5.890318486739071e-07,2.7778412231678998e-06,1.5401328443030578e-06,2.2206684642845674e-12,397.9974670072893,0.6542271132576958,33.49886,3.0589986747817455,86.37165652832445,33.49886,3058998.6747817453
0.257681025,1.548307626035429e-05,6.00730792272082e-07,6.585266638257402e-06,1.0572322803281586e-06,1.1284839780191464e-05,1.5862789605287293e-06,3.4046084077841666e-05,4.0898591900634335e-07,5.9455431671709065e-05,1.83992033487526e-06,2.487099298490684e-06,1.7619603064179579e-06,1.6994765424271754e-12,1460.5072909761013,0.6595858071784129,45.64253,23.127578144029783,71.50470417149658,45.64253,23127578.144029785
0.4534812141405273,5.612959728456131e-06,6.440760310617268e-07,3.942575750650203e-06,6.898023771239183e-07,1.0014564139127112e-05,9.787135148509273e-07,3.6131378497803714e-05,5.852860694329173e-07,6.066225882785076e-05,1.1849042737525022e-06,3.044207791297494e-06,1.7550208205075774e-06,1.905734698325869e-12,1389.985806636515,0.6273540137415083,29.16792,7.110375434378911,88.40555864830785,29.16792,7110375.434378911
1009157.6546973324,3.8113312319791014e-05,1.467719067300217e-06,1.2798270824711212e-05,1.9426067867409612e-06,4.2246786278650596e-06,1.966288130606166e-06,3.340451562460217e-05,5.51402871536147e-07,6.76783080368981e-05,5.626657786941182e-07,5.7752206248729645e-06,7.032013757546049e-07,4.505122212569213e-12,783.1408776372158,0.56339647295785,25.50165,0.84234530266764,91.52735791623122,25.50165,842345.3026676399
1007357.8547031543,6.162177398220067e-06,1.036977468008338e-06,6.330705483886844e-06,1.940383070319588e-06,5.116313019866703e-06,1.4428912435419832e-06,7.114211427666484e-05,6.010693193756246e-07,5.825928690099176e-05,1.6235459542809139e-06,2.021772853144576e-06,7.050598477560368e-07,4.5351954194303515e-12,837.9782761254589,0.4482063910687603,40.58859,2.642145296845714,88.8915948225759,40.58859,2642145.296845714
1006442.1162308262,7.0227130417101455e-06,6.835300365796097e-07,2.3147773248637718e-06,6.544443063108826e-07,1.1580118689241155e-05,7.745858666701494e-07,3.504985274436777e-05,3.6367885586698085e-07,3.978987258823282e-05,9.94288317786678e-07,5.623709450331644e-06,5.534593148758074e-07,4.9247620153039505e-12,654.4954134579214,0.49030229872180137,28.46916,3.5578837691737957,89.75011200527003,28.46916,3557883.769173796
1006727.0929265061,5.981100978247346e-06,1.1104908260776797e-06,7.610381334623617e-06,1.9079142887585097e-06,5.064515543973111e-06,7.939124793759751e-07,4.7371766678727446e-05,7.01707612180696e-07,4.579659901381249e-05,5.51703603479263e-07,2.751813154925295e-06,9.784421726776252e-07,1.4020411948549625e-12,252.40921413034567,0.519307994043119,25.82474,3.2729070734939842,88.38953569026671,25.82474,3272907.073493984
1005014.6433170893,7.328274625098812e-06,7.515007379559136e-07,1.4888783125799186e-05,7.321054383435335e-07,8.233523870023418e-06,1.0716994421530173e-06,2.000236867174739e-05,4.469499428759767e-07,3.6363821642366954e-05,9.252165110166005e-07,9.357950984027022e-06,8.90054515480646e-07,1.2300903916264302e-12,493.14045615328257,0.7945780309012203,22.17831,4.9853566829106954,81.83906096944638,22.17831,4985356.682910696
1005157.528132728,3.4082117070169575e-05,1.7049270071197127e-06,8.0616153370788e-06,9.598441400367427e-07,6.709280285411733e-06,1.4689490161468573e-06,4.647972800164502e-05,6.745680237255585e-07,4.789084446394526e-05,1.9384642006665407e-06,6.05290847856775e-06,1.6320261979665549e-06,4.8027229442666985e-12,316.7769463980021,0.6780306078162559,44.89577,4.842471867272099,77.4512967885826,44.89577,4842471.8672720995
0.27576209999999995,3.6885168794046106e-05,6.29778933843465e-07,5.915606204142247e-06,8.090083869232346e-07,6.157056625301617e-06,8.508951791110888e-07,7.691159271775318e-05,3.7080646927058613e-07,6.18119638733442e-05,1.0842434929025504e-06,3.5357192722256e-06,5.010099793160924e-07,1.7460834888425894e-12,1164.5839013365644,0.6915679029721203,43.23172,28.623893930275198,79.86215080194813,43.23172,28623893.930275198
0.301152825,2.6819484371053786e-05,7.802032381292746e-07,1.0761009080143554e-05,7.175464173121381e-07,1.2709819801652264e-05,1.1796093035986506e-06,5.056551319030472e-05,4.391467854399941e-07,5.037859579409361e-05,1.7945859267331681e-06,2.156777797845629e-06,9.88829621775101e-07,2.1402743236974367e-12,265.7519524587197,0.40452316578576625,39.84629,25.069806768907924,64.35865472607168,39.84629,25069806.768907923
0.304713525,8.336362172360849e-06,1.5776194218643664e-06,2.051431631360703e-06,7.700183648557593e-07,1.6830318624337106e-05,5.882328803698464e-07,2.9334183983466267e-05,3.6532106603763616e-07,5.7448889794986745e-05,1.1554172767416214e-06,7.1144504422267785e-06,1.0657458193692078e-06,1.3321839383131211e-12,1245.5534741395409,0.4096534570484538,39.37153,11.229382114088882,84.00414383423477,39.37153,11229382.114088882
1005227.1954247941,7.721849483202506e-06,8.49825134344668e-07,9.416822090411182e-06,1.448299875430596e-06,1.312775188364138e-05,5.284398459561618e-07,4.0769295772819555e-05,7.477052952175784e-07,4.251512942704598e-05,8.697546488404635e-07,9.204851340291388e-06,1.1947295425803791e-06,3.05243934983605e-12,227.35428257355767,0.577926416796977,28.02661,4.772804575205932,84.15765555174657,28.02661,4772804.575205931
1006290.8299838111,1.5384256198968748e-05,6.168978516957031e-07,3.824138895335473e-06,1.1616383542568795e-06,6.89087237119386e-06,1.920726738503122e-06,3.397027898465823e-05,6.255996518967589e-07,5.3464747936732786e-05,6.658611143714449e-07,2.7760465128289652e-06,6.942176638459351e-07,3.19036680940186e-12,371.79649591530705,0.422197508610906,26.06081,3.70917001618889,89.41719561712526,26.06081,3709170.01618889
1008393.8176804949,7.420665115380041e-06,1.9600728323705792e-06,3.6604273711046967e-06,1.624514259809423e-06,8.989551964664994e-06,1.0100715919907112e-06,2.153739148589814e-05,6.650448914932487e-07,3.640168154560258e-05,5.303964382488394e-07,6.370485720261339e-06,1.1568791991024564e-06,2.175605232843723e-12,1459.467615599395,0.6386323457008231,27.293,1.6061823195051568,90.82663267460825,27.293,1606182.3195051567
1007376.5854168226,5.4452825471359095e-06,1.2825346096254598e-06,2.534172093691807e-06,1.3182125711200954e-06,4.643271213088322e-06,1.6001324848416907e-06,6.25343757505299e-05,5.949790854525645e-07,7.771338411319575e-05,1.6601406088419835e-06,2.2706558039177797e-06,6.594724586576403e-07,3.966700049766549e-12,388.8372700958246,0.5559190493183503,47.62444,2.6234145831773845,87.2115339596872,47.62444,2623414.5831773845
1007009.9112914476,6.159050771119312e-06,7.958517008818317e-07,3.4854937225148374e-06,7.994095511562684e-07,4.3146296262545875e-06,6.267746550477571e-07,3.4790210229190065e-05,4.1779978652096985e-07,2.3597102934115927e-05,1.139182744481096e-06,3.827446583933611e-06,7.529036900168674e-07,2.0792505372864056e-12,1088.8674272142832,0.7951154057947761,25.37786,2.9900887085523804,87.89256326315238,25.37786,2990088.7085523806
1005187.7335131627,6.784056875217836e-06,7.722173608513183e-07,6.70824669125433e-06,9.597745592362034e-07,4.04538694827308e-06,9.691649298157413e-07,2.918594208292218e-05,6.352237254539066e-07,3.015781200568496e-05,1.3687120843445952e-06,9.355104589158451e-06,5.408911909934989e-07,2.3535749474247707e-12,1359.2262393428762,0.709030232243498,34.87834,4.812266486837299,81.21693955635288,34.87834,4812266.486837299
1006778.6412734877,3.3766710043113235e-05,1.730033540719651e-06,2.349481987048608e-06,1.4156160760025567e-06,6.371693221932459e-06,1.406194044932217e-06,6.258203340124556e-05,5.685481146721874e-07,5.496027910293053e-05,1.1120010705835678e-06,3.939610807272188e-06,1.5003970553577432e-06,3.646754494146715e-12,1497.142822523611,0.4529082085871089,30.47464,3.221358726512324,91.51312654635939,30.47464,3221358.726512324
1005960.1176010818,1.1666206662752676e-05,7.053417567667893e-07,8.247184381493957e-06,1.1114445996358214e-06,1.766460062509105e-05,8.273697791107007e-07,7.740603619678477e-05,4.018957020705632e-07,3.4075494778628694e-05,1.394479052659953e-06,3.2476151527798136e-06,5.985234806888954e-07,2.186817414352572e-12,922.181217218792,0.5793697416959336,17.3661,4.039882398918183,94.67738896414794,17.3661,4039882.3989181835
1007605.8842375013,7.836305141365735e-06,8.564988564769594e-07,4.489301289346506e-06,7.907470648327698e-07,1.4792569991000989e-05,8.625867461197294e-07,2.1185246465489637e-05,4.9381510036325e-07,3.6501238857741015e-05,5.058310009894675e-07,2.1468238657289574e-06,1.3773240890980237e-06,4.169230349790797e-12,314.0490326365318,0.6533149523405277,23.67463,2.3941157624987337,90.14086418655342,23.67463,2394115.7624987336
1018308.2511779965,8.693118206148032e-06,5.055860551647222e-07,5.9972853772606e-06,5.910557245432325e-07,1.5954433987980908e-05,1.1276218389115589e-06,4.546418158074137e-05,7.926472384168003e-07,2.169563056722937e-05,1.3962524974787712e-06,5.594198964219883e-06,6.09764806104353e-07,1.2431960344063267e-12,990.8030594958366,0.5355865662040699,50.45467,27.27081946480143,41.691748822003476,50.45467,27270819.46480143
1005925.6782770869,2.0931543354563254e-05,1.4487264058792526e-06,5.053796078159173e-06,8.362782073411968e-07,8.488327140897427e-06,1.1446540361688646e-06,2.755913166085775e-05,3.937152165260711e-07,4.919577856445675e-05,6.476767524308461e-07,3.761161732507902e-06,5.355443575094314e-07,3.1687456216784814e-12,759.4978962532973,0.4532191779108054,29.69143,4.0743217229130115,89.98007738818733,29.69143,4074321.7229130114
0.47467551329731084,3.734782531006586e-05,8.109212687001479e-07,1.0326817998686267e-05,9.90338320371125e-07,6.433523485499541e-06,7.809821355071775e-07,6.158762563312281e-05,7.882578965806643e-07,4.5349030176331624e-05,6.046299711878799e-07,3.342083852998918e-06,1.4086695610069988e-06,4.708249778480953e-12,565.9706525618697,0.5141253171137836,30.34512,5.909443468107565,87.73685373296117,30.34512,5909443.468107564
0.37077400123839305,9.918081622279857e-06,1.0193075593641193e-06,2.5695014756446066e-06,5.114198163224704e-07,9.867882390155214e-06,1.3535353098910237e-06,4.56459205597973e-05,4.75265471841993e-07,3.2507710788598897e-05,6.702274806367552e-07,8.327940467818431e-06,1.6138835542917528e-06,3.409395584962617e-12,717.5779877190006,0.5624577735570081,41.92046,6.592901950464277,87.12162175112347,41.92046,6592901.9504642775
1005729.9068229526,3.0332564478659596e-05,1.1441180625273026e-06,7.9647503280715e-06,6.150672719331243e-07,8.848675833605085e-06,9.9314971969853e-07,3.094689470427538e-05,4.984070150618928e-07,2.033751235724689e-05,1.9172187290713724e-06,3.85905988615081e-06,1.538708707645426e-06,3.867087110886588e-12,602.475999327667,0.5692228765204053,65.44709,14.05436150198063,54.27009317704739,65.44709,14054361.501980629
1008168.5825144754,1.2683341193783195e-05,7.540151316107471e-07,1.1397616983599166e-05,6.19221185201452e-07,7.883976235868729e-06,1.7937901788554832e-06,2.044957502869309e-05,4.212399823562685e-07,6.060992205804524e-05,5.455470973441632e-07,4.500786627471299e-06,5.191942386513341e-07,1.826987128846284e-12,458.7621128943848,0.40174721201614005,13.06857,1.8314174855245315,100.71631602346572,13.06857,1831417.4855245315
0.41838000463525893,1.2514990836586504e-05,1.2823423584832798e-06,7.186645484738588e-06,5.665724139552407e-07,8.901912668964165e-06,5.695043711684528e-07,3.596250417356289e-05,4.748862067072699e-07,3.68094302297596e-05,5.447539859482998e-07,2.4612807952206076e-06,7.126769249383642e-07,1.1283920425097664e-12,518.8834418948725,0.5305589029419147,26.21411,9.400566814589641,84.99083222031099,26.21411,9400566.814589642
1018155.29608431,1.2544134289445224e-05,7.223132657274392e-07,8.356448933095338e-06,1.9148857756661192e-06,1.2991286477474452e-05,8.297414282998444e-07,2.288096092230623e-05,6.882920176252716e-07,5.237190976437867e-05,1.96567927518784e-06,4.244487000869543e-06,5.39176108223754e-07,3.1998748311115066e-12,360.04071492307156,0.7734303317527167,57.89341,12.603911799574611,41.844703915690005,57.89341,12603911.799574612
1007230.9405991554,5.904372934271275e-06,1.2192310641023933e-06,5.756862795655164e-06,1.1104601074042041e-06,7.588430095446013e-06,1.903754770443062e-06,7.32819971714424e-05,7.083434374660612e-07,3.5045554927418925e-05,6.734375912302953e-07,3.40218873684088e-06,1.7056828431011456e-06,2.438035053596848e-12,453.25077507971844,0.5289076558157297,33.49874,2.769059400844575,88.13926969268213,33.49874,2769059.400844575
0.36841229999999997,1.7676340801342362e-05,7.208076896876847e-07,7.72333087172618e-06,9.460656058375648e-07,9.646142670711764e-06,5.048165606358441e-07,5.181355445111781e-05,3.744174938007796e-07,2.5873421316827652e-05,7.001688434129082e-07,6.645473766977071e-06,9.703232814217033e-07,2.1445945275961783e-12,1150.3475369163812,0.6168243535320735,30.87836,15.246006637139912,84.6504267654202,30.87836,15246006.637139913
0.285916575,8.310930768992857e-06,5.041616698117858e-07,7.297258958502042e-06,1.0922657420410416e-06,5.2077582352528365e-06,1.1542374017335637e-06,3.6426119173917405e-05,4.3670567456489165e-07,2.6014346147494855e-05,1.5526788166981593e-06,6.0738120939457435e-06,1.1546125255806618e-06,2.161957544630881e-12,1221.974173839361,0.4533045685599247,41.87779,13.65020984692288,76.85425994186666,41.87779,13650209.84692288
0.47280084503602177,1.620644016779441e-05,1.6485777852674684e-06,3.581018379010415e-06,5.284490371823606e-07,1.6187112531725664e-05,1.793923984519004e-06,3.1260048780276865e-05,6.621118685127087e-07,6.194356007673549e-05,1.8270835912679906e-06,8.45563099175098e-06,9.463059888567542e-07,2.700736609673228e-12,971.8611169499386,0.4747326649972418,32.78644,5.252034198559129,85.79806939544132,32.78644,5252034.19855913
0.4756887378610575,7.051556780786447e-06,9.637931963895694e-07,3.2226040859088797e-06,1.822734068552301e-06,5.170271066972707e-06,1.3583545592509257e-06,6.657277853410606e-05,6.057673128056749e-07,2.133863942493457e-05,6.957287993999041e-07,2.6822224062728773e-06,1.1099258504882348e-06,1.4986307142649373e-12,1489.0479005886084,0.4261034650304312,32.26066,5.294252485557698,86.76336433690595,32.26066,5294252.485557699
0.4560855821490307,1.803178242763319e-05,6.85822141785491e-07,9.992131121419668e-06,1.0228051889080978e-06,6.413460352222471e-06,6.712097774460239e-07,3.01852733977321e-05,6.097162423771108e-07,4.624508096126476e-05,1.0356542729260709e-06,8.37017332062313e-06,5.063425334461057e-07,2.952396282469177e-12,630.8192518788708,0.5284328486383489,27.74016,7.434528714038769,83.04176687566118,27.74016,7434528.714038769
1007126.6415439255,5.9555684293595425e-06,1.6082394811979549e-06,8.032678438858e-06,5.961203211395263e-07,7.481042715344677e-06,1.7772880122745827e-06,3.6938649985155994e-05,5.100897912287371e-07,5.2033919069967946e-05,1.1848229286581086e-06,2.7671956173206897e-06,1.8905376780000655e-06,1.2215012776607257e-12,204.91422959869575,0.7329353105823626,27.47877,2.8733584560744965,86.81244628657237,27.47877,2873358.4560744963
0.3860547835785415,2.577204937692392e-05,1.957975414884995e-06,3.074727624986807e-06,6.196179857311577e-07,1.3889387883376909e-05,9.106647414890546e-07,4.759577872628917e-05,6.70623246951917e-07,7.09706203563711e-05,9.900177320451352e-07,4.243811904012505e-06,6.767467034478041e-07,4.53415127142891e-12,738.41771150167,0.6903906271047355,41.67055,6.056643656858342,86.55315902116233,41.67055,6056643.656858342
1060000.0,2.142849140949325e-05,5.239640829319583e-07,4.463514452742616e-06,1.8114683187192542e-06,1.2953503817379293e-05,5.199894656630543e-07,6.085222499760742e-05,3.609928283291083e-07,4.337979947175623e-05,5.376427998569386e-07,3.6775339587107175e-06,5.245333489664223e-07,2.6879493514329544e-12,420.3054332068295,0.6013693445806172,-25.1976,0.0,0.0,-25.1976,0.0
0.3745919464863623,9.4128692969965e-06,1.1977684154976322e-06,2.372726844590606e-06,1.5671933353695686e-06,1.1210363598830436e-05,1.4971002276048771e-06,3.020991964147366e-05,3.7575621638119273e-07,6.943262489789096e-05,7.272368821730278e-07,5.930790630937424e-06,1.6668038133638572e-06,2.1418179045831592e-12,1186.1939950054216,0.6025358205050364,38.91294,7.342440140545507,87.76660580367975,38.91294,7342440.140545507
0.46092173143186316,1.2176359840716552e-05,8.953328286227813e-07,4.225681155763459e-06,1.8050107742650366e-06,1.5505759109507097e-05,9.071417145071909e-07,2.4963185771285106e-05,7.056095700411301e-07,2.8093191455055396e-05,8.764088359598556e-07,7.304595667838705e-06,1.2524208864824922e-06,1.7758798941415156e-12,1301.034371048349,0.7238290457243822,26.71732,7.547934742725473,74.7345172345845,26.71732,7547934.742725473
1008077.7740964306,1.1571853775997091e-05,1.8795653298368532e-06,3.3932956569678106e-06,8.84691328598388e-07,4.484030193761416e-06,1.1075356930239896e-06,2.8969435714222392e-05,5.789558247714361e-07,4.8952337361844937e-05,6.679127477824848e-07,4.638682349495383e-06,6.760391407182891e-07,2.5724534757238174e-12,1201.0970513668117,0.6717564537656464,30.47564,1.9222259035693705,90.30585788110166,30.47564,1922225.9035693705
0.282881175,2.37131090800089e-05,1.5991283182626665e-06,8.329758401660397e-06,1.606840905752308e-06,1.047499287638537e-05,5.566234566748713e-07,4.586787891685042e-05,6.326408790738064e-07,3.6162606203554914e-05,1.131749461744665e-06,5.426824396345261e-06,7.737761309884494e-07,1.6564750484466857e-12,1326.8080336356486,0.6388861557906874,42.28251,17.393236848821097,64.70006014050342,42.28251,17393236.848821096
1006872.3659521907,2.6414078703376683e-05,6.666836682569876e-07,1.05119490459917e-05,1.4642431053792472e-06,8.075574017460026e-06,6.749986345405374e-07,2.4009013830733342e-05,4.2997087891842807e-07,4.534536854393296e-05,1.7247372389491135e-06,2.3546481072553465e-06,5.750218190569791e-07,3.1789271102281735e-12,961.4409790564729,0.7738241460338834,65.92165,18.940898225974124,53.12763404780925,65.92165,18940898.225974124
1009147.0018404813,1.5167700197699095e-05,1.2327096538152377e-06,7.568969262292254e-06,1.765967765860585e-06,6.798319546302779e-06,7.456824450536701e-07,7.288243956004121e-05,4.3187947852407415e-07,2.045661271178964e-05,1.3191480569887727e-06,2.682617903198359e-06,9.335893754352046e-07,3.2972752875611754e-12,1484.0233176571737,0.7502710704903277,16.88986,0.8529981595187328,96.62228694592022,16.88986,852998.1595187328
1007469.6284328351,6.65454535418068e-06,6.534809634373373e-07,6.587146455465103e-06,1.043990857939886e-06,1.7454654725586483e-05,1.8379450730919513e-06,3.032152732491485e-05,6.966192855188325e-07,7.251542509507079e-05,6.255646123677378e-07,3.7931895518930343e-06,9.474950456994888e-07,2.250566600161907e-12,839.2037256321174,0.7388978973430151,19.17765,2.5303715671648757,94.12813232478752,19.17765,2530371.5671648756
1005113.4488932823,2.5019513361057662e-05,1.0372121398751505e-06,1.2486908664700233e-05,5.977175170288108e-07,8.25604577915667e-06,1.2191875257736565e-06,4.91728879635718e-05,3.7700732686523357e-07,4.974422216711142e-05,1.9252719536778074e-06,3.1901957990191104e-06,8.561085751740438e-07,1.082884574753799e-12,1106.7869976173747,0.7949798516371468,44.85443,23.315521750225145,54.886551106717725,44.85443,23315521.750225145
1008195.7378434506,7.577456327606695e-06,1.362893936536755e-06,6.377610408784062e-06,8.351780856488886e-07,6.5449752417401995e-06,1.4095032509527765e-06,4.4379973463294514e-05,5.525188557264453e-07,6.679225586343334e-05,7.280135660956243e-07,2.08044266909938e-06,1.282444409389861e-06,2.291864600382688e-12,1092.7080882859946,0.6494128563086377,25.86723,1.8042621565494195,91.87628769250132,25.86723,1804262.1565494195
0.5013307138817384,1.626879093894674e-05,1.5089651891632102e-06,2.9494418472075107e-06,1.280352897009484e-06,5.899573553122101e-06,5.025763217078581e-07,4.729838678021209e-05,7.4949272596008e-07,2.4765480005110554e-05,8.645030340099277e-07,2.423473217895156e-06,1.6008314246096236e-06,1.1002380180461144e-12,1344.0740330734961,0.5668723347296537,25.67229,6.245084444730463,83.82730603914618,25.67229,6245084.444730463
1006526.9975317988,1.1115503130210632e-05,6.007417932645883e-07,2.4413101416572087e-06,7.820338964112023e-07,1.7050611421030482e-05,1.3802310547692788e-06,5.1649974670485115e-05,4.979896327517354e-07,2.9394904834265812e-05,9.989777717138714e-07,8.888484950329441e-06,1.8583778562799512e-06,1.6803488122976163e-12,1177.0902416575232,0.5433895703806504,13.18803,3.4730024682012552,99.45253289049654,13.18803,3473002.4682012554
1002217.1122880591,1.3953213079338995e-05,5.742505392341782e-07,1.40085777709562e-05,7.117938636816522e-07,8.00356518243904e-06,5.039811701307452e-07,2.1504017716838257e-05,5.46941755316567e-07,3.193541002368053e-05,1.488431668386052e-06,3.899869342712374e-06,1.043846063832349e-06,1.2382773103368735e-12,1088.2813556100186,0.5429653259256217,27.83451,20.48745649268499,57.78288771194095,27.83451,20487456.49268499
1005589.0678255571,1.1844107986973988e-05,8.155246828815092e-07,3.850428004703594e-06,6.189147027234641e-07,1.6802865325530177e-05,1.6507821075049101e-06,2.8679586255709212e-05,6.656921853089212e-07,4.523554443123701e-05,9.623401758371788e-07,3.2210634345016846e-06,6.102365912403107e-07,3.915142691909375e-12,462.2314293836667,0.611713467259812,29.12678,4.410932174442863,85.50211461461946,29.12678,4410932.174442863
1060000.0,3.332137724564835e-05,1.9947709503211625e-06,2.069645818029283e-06,1.4651648591379932e-06,1.537257362272272e-05,1.5595874750942723e-06,6.655402640602639e-05,6.449457323022451e-07,3.745791483968228e-05,1.8877437816505544e-06,3.8579449179826354e-06,5.326145470328142e-07,2.7221169920865973e-12,1252.8573991178923,0.5071124647673455,-29.0821,0.0,0.0,-29.0821,0.0
0.47238148566053684,3.361070723060863e-05,1.0177541363348282e-06,4.5800043927720435e-06,6.358317399951588e-07,1.4433055815929028e-05,7.930969239478781e-07,2.139127819375668e-05,5.866112648966798e-07,4.196970199357185e-05,5.215196774817681e-07,5.327241101138467e-06,1.67632354076333e-06,3.326030301313934e-12,476.36851556486823,0.6671893703293394,26.62071,7.118527573578526,84.14025942440549,26.62071,7118527.573578526
1005489.5262735802,5.1275727769991645e-06,1.4542910144298171e-06,7.232573734214517e-06,1.5662831027275522e-06,8.600255795527403e-06,9.791364777877563e-07,6.449858320558677e-05,6.935988279823096e-07,4.443550250594584e-05,9.821105487135111e-07,7.738447221413398e-06,7.973420811975343e-07,1.2789164028992035e-12,549.3440124569136,0.4838979672270374,33.21815,4.5104737264198675,84.80647667195846,33.21815,4510473.726419868
0.46720558884191143,1.1232832690453235e-05,7.272904818754936e-07,2.0538347821446058e-06,7.767629829766528e-07,4.281368790128156e-06,6.640150840382938e-07,5.6844549335853946e-05,4.867025382153793e-07,5.214768490002248e-05,7.569711631729488e-07,4.540596099138808e-06,1.9552315515262338e-06,2.5149862053928692e-12,847.7449687740635,0.6556633143226529,31.06633,5.991877446323541,88.29442207240325,31.06633,5991877.446323541
1005894.3466164725,7.946084507372025e-06,7.082985799652137e-07,2.0773747963680166e-06,7.97504605648377e-07,1.5173217210808984e-05,1.436478816719371e-06,2.1292048797832964e-05,6.087521314276801e-07,3.641146497615366e-05,6.316387409177531e-07,5.398689806509291e-06,7.272532281512023e-07,2.849714402955264e-12,1251.36485258935,0.41771803141066666,23.36989,4.105653383527589,92.75977596137905,23.36989,4105653.3835275886
0.39036382499999994,8.121425318679907e-06,5.664602192686351e-07,1.2546279357946415e-05,1.149438457381138e-06,1.3651136817003068e-05,7.92370507536422e-07,2.950037599430699e-05,7.049124135196372e-07,2.04929044706821e-05,6.517631083120514e-07,3.305473541160582e-06,5.291461092262722e-07,1.1677747165582691e-12,1167.3323152365092,0.6659951581354031,27.95149,15.830445464482441,66.40184837427194,27.95149,15830445.464482442
1002889.9834887988,1.3319084916040522e-05,1.0462160335599045e-06,5.055912845566744e-06,1.1641887140844387e-06,1.8622711491771734e-05,5.853443820568063e-07,3.068482023367954e-05,5.424663190558541e-07,3.606805045154871e-05,7.242750589548752e-07,8.638355313214194e-06,1.0319418404471673e-06,1.2915555806327527e-12,204.80161123810944,0.6087928943473536,39.39242,22.99655830781265,57.110016511201145,39.39242,22996558.30781265
1007004.944072821,2.2528111021588985e-05,1.6001399863210335e-06,3.8110935141407864e-06,1.2165331497553132e-06,1.6323540077234622e-05,1.3128141932276288e-06,6.113344256409053e-05,4.489243742703246e-07,4.4109918053313865e-05,6.234505373354509e-07,5.66312153432479e-06,6.78098236408159e-07,4.7725625459754184e-12,758.1717710231718,0.6947314668978006,31.81818,2.995055927179019,89.84703068545441,31.81818,2995055.927179019
0.2673222,1.0583255836176422e-05,1.0697490418705496e-06,8.471327239913073e-06,1.4274972969309428e-06,5.222900087364518e-06,8.950126656977252e-07,3.893671345559194e-05,7.553584985587485e-07,2.6750649761310216e-05,1.6229438222205908e-06,4.083100214400414e-06,1.3191308749086944e-06,1.8551066884691425e-12,436.3312914703167,0.6361421949077739,44.35704,10.080132630736497,61.9754575376281,44.35704,10080132.630736496
0.271014225,1.961027444053515e-05,1.2179737908856393e-06,7.893709274983261e-06,8.368615871998859e-07,1.942034880859651e-05,1.0419327222138892e-06,6.902146322388362e-05,6.62783488021989e-07,3.830354907634958e-05,1.0009052876335614e-06,3.214822381029565e-06,6.12746746697475e-07,1.8477637211798403e-12,670.3579654411449,0.535954295286913,43.86477,20.90233754608859,69.98971692225585,43.86477,20902337.546088587
1005204.3632382517,9.574226287360323e-06,1.1856803226201744e-06,6.615629808023639e-06,5.164881499233788e-07,7.868879643945261e-06,6.17934187173018e-07,2.4066646352495187e-05,6.422440583953545e-07,2.7134478633695122e-05,9.642735441165212e-07,4.128413221539282e-06,1.0035926544664408e-06,2.540349176114538e-12,1474.9048307311214,0.7535613869764293,30.69751,4.795636761748341,82.92905288341092,30.69751,4795636.761748341
1007453.7164423757,8.03292310242176e-06,1.2821982233929305e-06,6.3477946092309374e-06,5.255220234468566e-07,1.4791391825658375e-05,1.4397521966543249e-06,3.62210046757609e-05,6.950697077178054e-07,6.707811746543913e-05,1.3462391489597678e-06,5.492431503488015e-06,9.304767391673554e-07,2.944950132296906e-12,917.8459932263072,0.7239679231226905,27.13494,2.546283557624293,89.18720152871028,27.13494,2546283.557624293
1012827.401901912,3.8725723724035825e-05,1.1187207294010194e-06,8.249576520213876e-06,5.514120262865925e-07,1.4288557191764942e-05,8.959179629122745e-07,3.090671654405748e-05,4.231902492237161e-07,4.1400914508137095e-05,1.9692767034966788e-06,8.224215761100656e-06,1.0638480701619681e-06,2.7313516593438886e-12,251.72900926985437,0.5809732101826279,50.16075,24.298109923277785,47.17259809808804,50.16075,24298109.923277784
1006043.1528797124,7.73993213921752e-06,1.019863921989595e-06,4.071000669684714e-06,5.469966593104535e-07,8.859920195857422e-06,5.419216814721058e-07,4.475540024348822e-05,4.835852379741287e-07,7.863286552191525e-05,1.4381470454676222e-06,5.48801457697017e-06,6.308183499530395e-07,3.783470797542895e-12,473.1272478192026,0.5054298178866328,31.14179,3.95684712028754,88.94991181219955,31.14179,3956847.1202875404
1005950.0520825669,1.4491222467192123e-05,8.839580616862818e-07,5.761629655973162e-06,1.6500263983825062e-06,1.873747655026797e-05,1.2927969361721898e-06,3.475420055709033e-05,4.06111977873196e-07,4.554698771689189e-05,1.2856674483540997e-06,2.6737997067331084e-06,1.829321141764927e-06,3.5451608900351203e-12,983.415412427593,0.6528139348319906,25.90818,4.049947917433091,88.13654008569448,25.90818,4049947.9174330905
0.313378725,1.0008452404445431e-05,5.650425940211336e-07,1.174264809403387e-05,1.0670631942631922e-06,5.130752626028164e-06,1.0974421308956702e-06,5.9720376110991246e-05,5.466011414067906e-07,3.41985014867806e-05,1.240848111535819e-06,6.822401412671135e-06,1.0150051963439454e-06,1.2403171296691426e-12,1250.9479018637444,0.6595424021110532,38.21617,16.218206652173624,69.39840268181419,38.21617,16218206.652173625
1000050.5467488084,1.3806646840231276e-05,1.7786920468006034e-06,4.370938957925684e-06,1.434800585317539e-06,1.8926579273630164e-05,5.26058759642024e-07,2.3568229645219902e-05,5.175834582100552e-07,2.4014576081475462e-05,9.740685916490786e-07,2.5327542840271973e-06,1.0789843126481744e-06,1.866106022562022e-12,988.7039978914353,0.4923871076819411,59.0872,15.049873468538925,59.94945325119162,59.0872,15049873.468538925
1006617.7017507749,8.855851108446242e-06,1.3313410597913569e-06,7.602912889641331e-06,1.6234632274664199e-06,1.1596471371721131e-05,1.1606587680484212e-06,3.75351652731872e-05,3.735348075510228e-07,5.380335855934905e-05,5.31623741237031e-07,4.406616961182574e-06,9.463746460056409e-07,2.687174032322815e-12,1320.9278626302905,0.7131762377309969,31.79711,3.3822982492251112,90.7767998514447,31.79711,3382298.249225111
1008844.7773402118,3.021141495640784e-05,1.990440078627986e-06,2.9388302600333564e-06,8.171237409908183e-07,8.20095178596873e-06,1.516485817819722e-06,3.692296408240635e-05,6.498802934966508e-07,5.783265419139058e-05,1.6018384819296547e-06,5.768888815158912e-06,1.6931442675435719e-06,1.1749026313701002e-12,628.050477373173,0.6528502465567234,52.41348,20.185378363341094,51.15522265978825,52.41348,20185378.363341093
1003037.1726774449,2.061989055798851e-05,1.4492068181163309e-06,4.85330914098862e-06,1.7533774354943047e-06,7.110911468914746e-06,1.2204514537847377e-06,4.139897975548402e-05,5.896185686523761e-07,5.101790720027221e-05,1.3931024841822463e-06,4.593066406786014e-06,1.3396133784233095e-06,1.5697161337446403e-12,258.12622237603,0.5470577954705227,53.07683,17.939285394861795,56.96282732255515,53.07683,17939285.394861795
0.5673759259659673,1.4412318961834093e-05,6.682561689995939e-07,1.4173130827814243e-05,7.698912797886942e-07,6.572647017182979e-06,9.772465894486978e-07,2.1477298300498907e-05,7.503415260515369e-07,2.3050618466998187e-05,6.176103222498492e-07,2.881187883856353e-06,1.2280362716007671e-06,1.6809719803536692e-12,263.98543460657993,0.5602385387890165,20.32897,5.206271961361308,82.80289846006944,20.32897,5206271.961361308
1019004.7709703356,3.921594915708425e-05,5.854677766642298e-07,7.08566337252615e-06,8.627939196866664e-07,1.799588668977072e-05,1.0479936909715444e-06,2.2180556532825336e-05,3.7093531644629167e-07,4.849178066028179e-05,1.6896013420907542e-06,4.128574511065643e-06,9.283993200339993e-07,1.0898098545483613e-12,1347.2241892275267,0.492848305817871,53.17557,63.810642887809315,40.99522902966443,53.17557,63810642.887809314
1007087.0217703002,3.785721278234942e-05,1.5247715624964168e-06,7.082492461890654e-06,8.20355416657456e-07,9.12424480302786e-06,7.203695859579644e-07,7.741716165608754e-05,5.695523364047775e-07,3.0040085305443363e-05,1.7776346796261397e-06,9.83521067871557e-06,1.5570395062661168e-06,1.976263962611594e-12,1313.0922120470914,0.7815115371291731,21.0487,2.9129782296998195,89.94652687187585,21.0487,2912978.2296998193
0.31341142499999997,2.7192533649299253e-05,5.482049684170007e-07,3.1026399678314407e-06,6.02663717926323e-07,6.687129254185923e-06,6.770149424335689e-07,3.992294765194111e-05,6.107211088818039e-07,6.667787306639389e-05,8.17978296830744e-07,9.151431872922465e-06,8.305292979761544e-07,3.117204722384686e-12,408.21704925481936,0.7640048167207861,38.21181,14.560014835483198,74.96614183262514,38.21181,14560014.835483197
0.18632595,2.0112325200125465e-05,1.25274499097738e-06,3.201662496901837e-06,1.012616511971734e-06,1.8805364342781745e-05,1.4621044631278005e-06,2.6698424581218393e-05,3.7101570547510987e-07,4.376779615603452e-05,5.65444163586772e-07,4.919278626893698e-06,1.7944395431497543e-06,2.9016191857624613e-12,1035.2928490398872,0.7983719075371192,55.15654,13.491077854460299,78.29175777461549,55.15654,13491077.854460299
1060000.0,8.01239780199523e-06,6.373247909916855e-07,2.3999212638083822e-06,1.6347532289514824e-06,1.3084981728464281e-05,5.501683830425593e-07,3.2353436342556197e-05,6.494295359335927e-07,4.213702110621963e-05,1.122064723091514e-06,7.2140121371465835e-06,5.168909984120375e-07,2.1189176520235805e-12,469.49513621522806,0.5166547828755056,-15.6783,0.0,0.0,-15.6783,0.0
1005551.8434132746,1.1118036060058862e-05,9.6051856738001e-07,3.3406247836996704e-06,6.387715478682023e-07,4.870417522918641e-06,1.4005766417245683e-06,4.4217081174410645e-05,5.56188101536019e-07,4.926638038656145e-05,1.7939705759241589e-06,4.379934818728398e-06,1.396143615220607e-06,4.419701798742258e-12,992.687160144567,0.569877913783914,43.93448,4.448156586725346,87.88250209481126,43.93448,4448156.586725346
1006061.2959944444,1.2534116880265792e-05,7.973804927103729e-07,1.3516199890757174e-05,1.735221327588148e-06,4.52716746761119e-06,1.2559758647453227e-06,3.503942215469335e-05,5.593244293454922e-07,4.894158628271754e-05,1.8475121498389571e-06,8.394218259261899e-06,5.734595947407876e-07,3.5530685228485443e-12,589.8074611210097,0.5093829651702831,33.03801,3.938704005555565,82.55808325740495,33.03801,3938704.005555565
1060000.0,1.3552304075821199e-05,1.3177721623918664e-06,2.250533618892684e-06,1.134138958893844e-06,1.4904831802222626e-05,6.628669944028372e-07,3.927760082387959e-05,5.155486435153206e-07,2.072914923054318e-05,1.989557550566692e-06,5.1816096763415334e-06,1.3546602974747954e-06,1.223582668700859e-12,726.5885224580777,0.66577516685999,-5.35849,0.0,0.0,-5.35849,0.0
1008207.0655767471,3.974468985336339e-05,1.9214385863285238e-06,9.449230144369368e-06,5.202740295395026e-07,5.105023397434115e-06,1.8966932792610222e-06,4.819320666647422e-05,7.805924325974521e-07,5.649810886500232e-05,1.1097817176416237e-06,5.654986437181905e-06,8.520096355517581e-07,3.737449167534838e-12,351.5475766746649,0.756276679601096,31.28355,1.7929344232529039,86.25760088302273,31.28355,1792934.4232529039
1060000.0,1.1866120682467823e-05,9.361682718293069e-07,2.5630822163030035e-06,1.4068902335863023e-06,1.967903170127319e-05,8.874427015656505e-07,7.490660834643524e-05,3.6043020352406426e-07,7.9710168668661e-05,1.4075742014931832e-06,8.725226206239579e-06,7.349763253523938e-07,3.690453742587261e-12,1398.235174579122,0.4537709110779578,-14.5048,0.0,0.0,-14.5048,0.0
1000431.3811276495,2.9222687990311875e-05,5.970865084060261e-07,7.872539687321336e-06,1.9422066075180764e-06,6.163801973613905e-06,1.1303473667915795e-06,2.1129163599247248e-05,7.383935799117773e-07,2.6712473010573195e-05,9.172813712622923e-07,3.953280443441322e-06,6.789674953737696e-07,1.969017669192121e-12,665.5084513303343,0.6961477578167481,34.81287,12.344050374242101,59.56861887235059,34.81287,12344050.3742421
0.4593236686827521,6.076708689659229e-06,1.6569023576957312e-06,6.895286073794056e-06,7.871964740523063e-07,1.1126806922894819e-05,7.331378301922925e-07,3.49965035072737e-05,4.481701110332352e-07,2.075995846711766e-05,6.278140271462595e-07,2.968223418108827e-06,1.643411377552573e-06,1.1061204760565853e-12,595.2590883292708,0.5581811574338843,31.9771,6.033923252689918,82.64178419592339,31.9771,6033923.252689918
1006079.9815166427,1.0581099188363036e-05,1.697444242231612e-06,2.6523877494381347e-06,1.5347544408734765e-06,1.4815329545899048e-05,5.824020515724445e-07,3.404540748880257e-05,5.322250263238817e-07,2.389123396747172e-05,6.765978826528349e-07,4.986243875840454e-06,1.478966717048377e-06,1.7755198341026402e-12,1375.9746718086274,0.5525568750310776,25.48344,3.9200184833572207,88.18473887189248,25.48344,3920018.483357221
1008187.3031064381,1.7863585186682306e-05,7.953766858686704e-07,6.4696762266838385e-06,6.223946019252458e-07,5.367439942670864e-06,1.2929067279131393e-06,3.366520365262257e-05,7.27365083866428e-07,6.163652883545525e-05,7.564208969478365e-07,2.150158636649839e-06,6.748616988499155e-07,3.980489091023184e-12,1230.6566513703765,0.7257413284408245,24.4608,1.8126968935618277,92.10261581495666,24.4608,1812696.8935618277
1009190.5014092207,9.795079570592442e-06,1.925997024570631e-06,8.936299686896258e-06,7.950101092137077e-07,4.430743977338473e-06,1.3603828991431332e-06,2.6695055316254904e-05,7.606238673091753e-07,7.658637311700546e-05,1.4732222636355704e-06,8.868059475610774e-06,7.128329705139483e-07,2.420821368557867e-12,825.4444821393965,0.47222717563344563,19.93754,0.8094985907792769,94.00501668736038,19.93754,809498.5907792769
1060000.0,3.321453911297155e-05,6.865266522545916e-07,2.0032007059029626e-06,9.576988479049608e-07,5.897280572632513e-06,6.910443923159433e-07,2.838998095152547e-05,4.803537347366472e-07,3.3774656313823085e-05,1.3926900644592193e-06,2.288380434822788e-06,1.2952903093832255e-06,1.6009815148833008e-12,1278.2962035936487,0.4595267604517881,-15.784,0.0,0.0,-15.784,0.0
1006805.9223933113,6.064182087393508e-06,7.1768801288291e-07,9.661334087281798e-06,9.434231285639469e-07,9.193237046244013e-06,1.1323271648485466e-06,3.102928252495193e-05,3.7873295652897746e-07,6.725759277713132e-05,5.056301711847549e-07,2.0454573066131706e-06,7.815777612817912e-07,1.4806451138759608e-12,844.2112471596967,0.5741786909846243,17.97589,3.194077606688724,95.50731111603187,17.97589,3194077.6066887244
0.49511743401127817,6.088993780416298e-06,6.545786025484822e-07,8.168498111683889e-06,1.5249715488406041e-06,8.97380860302968e-06,5.431976270119593e-07,5.449686806777615e-05,5.522689345926757e-07,7.621412535844964e-05,5.631332364774772e-07,2.7868204008173377e-06,5.619896496587472e-07,1.1597772524572222e-12,284.3997905047374,0.4915359837804263,22.01746,7.5900646395488724,88.83101549803871,22.01746,7590064.639548873
0.31421723045061684,1.3605059396682928e-05,8.858323534422655e-07,7.136127310373635e-06,1.8539176150784886e-06,4.096304806188974e-06,1.512425019592855e-06,2.227202108934075e-05,5.181731548370515e-07,2.1297360391950433e-05,1.2681944705137662e-06,5.520564345326399e-06,7.792547798054569e-07,1.623769512286641e-12,629.8690303361559,0.5816566075055287,40.4205,9.305160781975328,65.20524821550185,40.4205,9305160.781975327
1008836.5329512908,5.5811607907737615e-06,1.2180975176738808e-06,7.4354201493808355e-06,5.015964997775107e-07,1.606119114100293e-05,1.562586748994394e-06,4.969467951918303e-05,4.3757679507027356e-07,6.135883754519317e-05,5.525603685932485e-07,9.109733331055283e-06,6.410068637445144e-07,3.306487244519782e-12,215.90859461961458,0.41329614833829953,19.5074,1.163467048709148,95.03926867203037,19.5074,1163467.048709148
0.4239304267313124,7.341051132940816e-06,5.390382926607385e-07,1.3808902811358025e-05,9.097073576856951e-07,6.8609323545643815e-06,1.226089119570557e-06,7.385839004898973e-05,7.444971288693772e-07,2.0530002078654267e-05,7.86152912407417e-07,7.6178744217057316e-06,6.313007415617409e-07,3.2950892755847333e-12,324.58892223282845,0.7153045360845404,36.69175,6.035257930747502,77.6715800174155,36.69175,6035257.930747502
1007190.838503679,5.2921486490440215e-06,8.813062394192042e-07,2.1533612891237596e-06,7.738222888319875e-07,6.040354166338903e-06,1.3919145853087575e-06,4.3856163152077746e-05,3.655306702691077e-07,7.814794086142418e-05,8.72719946684805e-07,8.415809482909993e-06,6.650862398288426e-07,3.2913161792563002e-12,382.84437706576654,0.45427337841057946,32.05163,2.8091614963209555,90.19573681488059,32.05163,2809161.4963209555
0.354572475,6.642923593248779e-06,5.265770348513817e-07,1.4736786665379795e-05,6.897829470224832e-07,1.928296846622905e-05,5.991476209453526e-07,5.0269330102978605e-05,3.7382465100417786e-07,3.376576967071693e-05,1.2397335550291704e-06,2.332682199660232e-06,1.2539760289935972e-06,2.6861613178766282e-12,260.2642029928959,0.4302102598961347,32.72367,12.770086827551669,77.65068474613994,32.72367,12770086.827551669
0.5006400244798213,2.4191396037226786e-05,7.130385403603884e-07,3.7106728443894006e-06,6.817214694229035e-07,4.70626152047944e-06,6.857001996687486e-07,2.5466816612804253e-05,4.1615654372898556e-07,3.3815035621560816e-05,1.9261432626327354e-06,7.208326400550155e-06,6.227166360913013e-07,3.2531288328752183e-12,530.4118703022268,0.7329615320560885,29.0383,5.2629090208071485,76.86216849975278,29.0383,5262909.020807149
0.3906341757885156,1.1770383381678247e-05,7.405230079414666e-07,2.5792776576230543e-06,7.623675159478163e-07,8.952874343362155e-06,7.56180246271777e-07,6.097908441398393e-05,5.856510465934103e-07,3.62101358019412e-05,5.034613920178158e-07,3.057416407805667e-06,1.0167730212727393e-06,1.9958911823189197e-12,547.9094946833545,0.6981692434981727,30.56779,9.204295968459373,83.38837919095273,30.56779,9204295.968459373
1007840.0021915666,2.28002163032505e-05,1.1224774827525817e-06,4.102843292994816e-06,9.167058710100245e-07,8.303563448202598e-06,1.2657933668453847e-06,4.757503623917457e-05,7.19377269703894e-07,2.7991832449543403e-05,1.2515726397228498e-06,4.848036410577947e-06,1.189349806865969e-06,1.330332474865102e-12,813.4670263490881,0.49282133685413415,47.6487,22.997425129480174,52.159997808433424,47.6487,22997425.129480176
1005630.7126338778,1.1601389231128051e-05,1.4628623893273391e-06,3.9249379546877464e-06,6.395492159612295e-07,7.41683590099885e-06,1.8916328073152427e-06,3.3446439146164614e-05,4.6947747279844103e-07,6.47161287818104e-05,7.244821987224956e-07,6.84013181171314e-06,8.586686649268972e-07,1.2889373299440002e-12,1223.7944716228153,0.7489349771725563,30.28699,4.369287366122221,88.58538350249668,30.28699,4369287.366122222
1006313.6221537971,1.446625044094568e-05,1.1803191827451392e-06,4.629581546752238e-06,7.580120088702197e-07,6.14336217388179e-06,1.4799131912694788e-06,3.3379164112632785e-05,4.3926505659634677e-07,6.488981421512777e-05,1.3157983302634444e-06,2.5843048028438085e-06,1.6891692412614594e-06,3.494761258149548e-12,1433.6638953688248,0.7695215784450888,37.99184,3.686377846202963,89.59608218596196,37.99184,3686377.846202963
1005388.3972274213,1.1339995382380736e-05,1.356001108974708e-06,7.667058691619064e-06,7.989226492016324e-07,9.869998261507995e-06,1.317208953351583e-06,5.275908121674361e-05,4.98534747589401e-07,5.750863686462796e-05,1.6951256690155303e-06,5.0587920600661644e-06,1.7129142184059986e-06,3.3326215156002593e-12,400.3247639278094,0.48101918958851614,36.40929,4.6116027725787365,85.41243610200655,36.40929,4611602.772578737
1006595.3338895183,3.3226850065664205e-05,1.4240071934924253e-06,4.37299410398523e-06,1.7994523455855985e-06,5.098224053065288e-06,5.769489239568187e-07,3.862787028290689e-05,4.079699985001065e-07,3.7720090823576705e-05,1.2224052139339767e-06,8.992411855793503e-06,1.8684011542180836e-06,3.3166173817171526e-12,911.167971868711,0.4898422191261696,25.04117,3.4046661104816893,88.8387051950014,25.04117,3404666.110481689
0.3404355578374357,8.792591495363983e-06,1.8408503198829816e-06,3.5631930469352027e-06,1.0695897360166437e-06,8.947313987349275e-06,9.064703920044217e-07,5.054301657165901e-05,3.675915466112549e-07,5.936384363573012e-05,8.624978482226801e-07,4.757243488413034e-06,7.53704128599365e-07,2.1320026624337235e-12,1030.590125227522,0.6463644463074759,46.23613,6.511738686502573,87.12988934322964,46.23613,6511738.686502573
0.2991042399737607,2.3885784641950045e-05,1.4318039710585542e-06,9.772148015231398e-06,5.564515257018453e-07,4.669689237679874e-06,1.6481965088351224e-06,5.089844685751419e-05,5.366961970388999e-07,2.3021984811565086e-05,1.7337242130181215e-06,4.583398393103084e-06,6.567737653087694e-07,2.1030882014296713e-12,237.99501000565337,0.4092485710892164,41.96462,9.446444401049574,69.08950911628445,41.96462,9446444.401049573
1005146.0274644104,2.6743887142790793e-05,9.645765257571722e-07,4.296851911237196e-06,9.613013776447209e-07,5.22542097229522e-06,1.5802965393978344e-06,2.0113077673345412e-05,3.8850136678231894e-07,4.2064725761665645e-05,8.995183237561167e-07,4.344252461245653e-06,1.077569474176547e-06,3.143200099866698e-12,922.7115315579523,0.45597518499671663,32.36781,4.853972535589611,87.71537631934189,32.36781,4853972.53558961
1060000.0,2.2906332235883072e-05,1.1077878891578548e-06,2.5359095849133617e-06,1.9431864653474337e-06,1.9336754952926396e-05,8.684193542003124e-07,2.6260941228708627e-05,6.648281672716682e-07,5.921630424084405e-05,9.227700809115007e-07,2.689063197495584e-06,1.2183161476284462e-06,3.854486789070531e-12,1173.2648316889881,0.7965980167131056,-26.5655,0.0,0.0,-26.5655,0.0
0.35324971203926914,1.864131914629319e-05,8.569012315520884e-07,8.237357200115783e-06,8.060522968735177e-07,7.681817956399898e-06,1.78301912983995e-06,2.6072155043885012e-05,3.9270133159405536e-07,2.4239992532924595e-05,1.8169207059572524e-06,7.989982223581023e-06,1.13073616599873e-06,4.251758092765586e-12,214.75260764212175,0.5581646437068564,43.12148,6.9335675184292365,69.98549785056727,43.12148,6933567.5184292365
0.09619310106119021,1.6448685716121067e-05,1.0078313358561629e-06,7.63653836243102e-06,1.9819927755435444e-06,4.773456463012778e-06,1.2176185622610028e-06,5.296472217572897e-05,4.888942676024857e-07,2.998546350341042e-05,9.462735267873939e-07,5.428580486481662e-06,9.349723855916338e-07,2.950339896505662e-12,735.2020873614134,0.7556027160605905,69.14621,9.408412957552391,73.44664296552338,69.14621,9408412.957552392
0.32331885,7.969654973877929e-06,7.885494485945529e-07,6.700987558715379e-06,5.233046409828175e-07,1.8630657298161594e-05,5.80300608923131e-07,3.2485787953958196e-05,6.675643832812758e-07,2.0778331200133e-05,8.721838681001643e-07,6.355954005707544e-06,1.098376725685101e-06,1.5495150160727461e-12,960.6315340403731,0.7045674435924012,36.89082,15.852792356855005,61.41446913080398,36.89082,15852792.356855005
1006071.8827904959,5.920994687297117e-06,6.843673415097749e-07,3.460988211632067e-06,7.289004500934415e-07,8.60867073599391e-06,1.2585539866616323e-06,6.348701376819468e-05,6.082324139266242e-07,2.6578082038194836e-05,1.293519928482225e-06,4.71971619813349e-06,5.746604779826307e-07,1.0761340514838422e-12,932.357280769526,0.7188569745163779,20.78114,3.9281172095040815,89.7565414890932,20.78114,3928117.2095040814
1008299.8841764648,8.680840203013512e-06,1.3724378293898807e-06,1.3700147299962517e-05,1.6585821251999688e-06,8.852954343586036e-06,6.750284671491867e-07,2.2157987664593765e-05,4.3990804638806553e-07,4.2539638194415636e-05,5.773263501092015e-07,2.03382980752378e-06,7.40130486327119e-07,2.8671002637362593e-12,967.4093310668453,0.663077768930906,23.08214,1.7001158235352558,91.51275832038013,23.08214,1700115.8235352559
0.3397147930895813,2.4879839600559785e-05,5.340776037543302e-07,3.7467592821843357e-06,1.738589066978042e-06,5.187741338555258e-06,1.7699430942135044e-06,2.464071746020731e-05,5.638129898314498e-07,6.789947533864717e-05,1.6317630630118374e-06,8.87477035507227e-06,8.756320588484541e-07,2.4012824812355814e-12,242.87449473430684,0.7859265508423856,40.66624,8.211536276416746,70.348038286225,40.66624,8211536.276416746
0.425427525,3.091941577096198e-05,1.1522417756806958e-06,3.2861465100943465e-06,6.107944763508797e-07,1.8595923561221902e-05,1.453384705075434e-06,2.859244351850944e-05,7.358475057044579e-07,7.305940167994848e-05,7.603453935594034e-07,3.044768115931584e-06,6.206589675241985e-07,1.101229640495561e-12,615.0269326323739,0.42987485356768107,23.27633,12.513352465677254,85.39473740457989,23.27633,12513352.465677254
1009316.4737592584,5.680737825298581e-06,9.70036356059278e-07,1.4534963285640873e-05,5.713064529374171e-07,1.539327203847552e-05,1.8103709159395007e-06,2.2964074996709373e-05,7.50961591225709e-07,3.397127012483281e-05,5.585177213648182e-07,7.100064382746709e-06,5.734597287642757e-07,3.0945686596193732e-12,312.3335222000657,0.5982049587845986,12.05252,0.6835262407416581,102.11352569678547,12.05252,683526.2407416581
1006965.456253556,7.630420805596618e-06,6.030975084931587e-07,8.285531320118427e-06,1.1218918012687663e-06,6.58183853069557e-06,1.6190996184472154e-06,2.045491696552417e-05,4.010912844761418e-07,7.024640737128119e-05,1.2640151988163652e-06,2.0139154438608283e-06,1.9202563043652007e-06,2.3120211067290734e-12,1243.9055409414018,0.43530595984854753,21.5793,3.0345437464440477,92.62177178597393,21.5793,3034543.746444048
0.44725545617401496,6.054362317274974e-06,6.008346926761676e-07,5.8610870997027955e-06,1.6269487287519603e-06,6.472971766358935e-06,6.043410626401117e-07,3.915394714889749e-05,6.281782107837296e-07,5.8369475949119834e-05,1.1608197470740564e-06,9.524849547352487e-06,9.678623052373914e-07,2.272626744407106e-12,838.1173453832694,0.5178256120091269,29.79053,7.172622753039399,85.41038917851003,29.79053,7172622.753039399
1006089.5435190857,1.2193479440773222e-05,1.1570030040779488e-06,3.2361711508632204e-06,1.4919881125058768e-06,4.547384454901617e-06,1.7850213982288545e-06,3.996214601758986e-05,5.881133629906428e-07,2.3333415491268732e-05,1.9612138468238043e-06,2.434356511466574e-06,1.1135687968627561e-06,1.5852318140900065e-12,524.3546734291326,0.4607007030217958,30.37264,3.9104564809143136,83.09841297718249,30.37264,3910456.480914314
0.3608080244564684,1.0317212808216827e-05,1.6864120823733404e-06,2.3315939609919276e-06,6.949288529345318e-07,1.7586086049248883e-05,6.76231897494791e-07,2.1477087063637195e-05,5.79788268586537e-07,3.646936153834742e-05,1.2516049012126166e-06,3.737705214275131e-06,8.784547672346041e-07,1.5032415190030361e-12,647.7121817937173,0.46688827871781685,35.34402,8.964473021741261,76.62190071955203,35.34402,8964473.021741262
1006361.8792301201,9.790978349351646e-06,1.4293109862353842e-06,5.442551311264843e-06,7.704513487607241e-07,4.513557063561285e-06,6.061981549386045e-07,3.3093968074818486e-05,5.309272351243488e-07,6.136653585703113e-05,1.8257313130921685e-06,4.237705147291354e-06,1.061134088304661e-06,3.109028703398776e-12,558.6924066899369,0.6102847305384321,34.66782,3.6381207698798685,85.39413838793249,34.66782,3638120.7698798687
1009112.3203573084,3.316049658984924e-05,9.023991761657737e-07,6.761023249386181e-06,1.0093084519499128e-06,1.9428126532895538e-05,1.1453341648302275e-06,7.793780543746658e-05,3.68912222697781e-07,2.316479291968333e-05,1.9735837331137512e-06,6.177852754950503e-06,8.018844366360643e-07,2.0678900005746304e-12,1420.8041225554825,0.7668058139142109,5.581241,0.8876796426916149,119.22407145450782,5.581241,887679.6426916149
1008234.8222335263,7.709032126087787e-06,8.28241463366336e-07,5.531188748736328e-06,1.7088495622697697e-06,1.5754301504613877e-05,6.4548828733727e-07,4.844349870585638e-05,3.8572037167189196e-07,2.48306945402573e-05,8.756429771574783e-07,6.800516785289626e-06,8.254487723490932e-07,1.805065077261669e-12,536.687716823936,0.7495858997344821,12.70747,1.7651777664737167,100.22595087249263,12.70747,1765177.7664737168
1060000.0,1.3465173520112377e-05,1.2541184994025038e-06,2.3640834266933267e-06,1.644948994461773e-06,1.1458377339811394e-05,7.314893534457374e-07,6.398192713933127e-05,3.614672140787517e-07,6.219607570051625e-05,1.012897398923264e-06,9.312155229712043e-06,8.962409959591986e-07,1.3360951926546719e-12,252.6828328049873,0.680173476075981,-9.31599,0.0,0.0,-9.31599,0.0
0.4434863393314649,1.2615865086596979e-05,1.5326766781127954e-06,1.170614530871861e-05,5.023834269443677e-07,1.1171788291893606e-05,1.5427043763365726e-06,3.5267911620645725e-05,5.81036417534803e-07,5.0793068460651075e-05,1.9677554305796623e-06,7.297036890790498e-06,5.745806107976094e-07,1.2438364529954929e-12,382.93417252615075,0.588684953473937,29.35389,7.454379426741403,76.11682454245042,29.35389,7454379.4267414035
1005474.0969998471,7.098084171164597e-06,1.0020846597187554e-06,2.502893707541118e-06,8.135758200322906e-07,1.43272880651975e-05,6.253238847126812e-07,2.7486761601455178e-05,5.595043560296098e-07,2.5703460220291365e-05,1.0808248798516834e-06,3.158446479555403e-06,1.0512458296472512e-06,2.1342463530692464e-12,1326.226654665232,0.6104035353440189,26.22545,4.525903000152937,85.42695805930533,26.22545,4525903.000152937
1005841.5749598793,1.052447005468676e-05,1.158285884319536e-06,6.639341626770608e-06,5.226436631850558e-07,6.206154183146656e-06,5.277869019351297e-07,5.667131322910003e-05,4.4589584676465784e-07,4.628931123218106e-05,5.870861195733392e-07,3.6455560593783665e-06,1.477861030501693e-06,3.1077499813937656e-12,1416.8162511300825,0.5388117094844993,29.03967,4.158425040120714,93.9476153706813,29.03967,4158425.0401207143
1008384.271218666,5.318545872584842e-06,1.6312612878966143e-06,9.519033234726428e-06,6.545066853752399e-07,1.8971045317865178e-05,1.8497857295421511e-06,7.236495394371292e-05,4.106099714450111e-07,4.8778892629731225e-05,1.1361059254768296e-06,8.84206680585403e-06,5.053348492996787e-07,4.4635384822884375e-12,576.0487910580504,0.6558226397639777,33.96883,1.615728781334009,89.59305837096643,33.96883,1615728.781334009
1006405.8174322463,3.501625279383975e-05,8.228882438541974e-07,5.361214284852981e-06,1.946778118680988e-06,1.0485754983339171e-05,9.517948302466118e-07,2.7905087618267467e-05,3.9862223118336177e-07,4.2307070944675495e-05,1.6278577308747232e-06,2.0778600815131596e-06,7.579653869366734e-07,2.721454350470996e-12,1383.0435702706761,0.6849180160260864,19.21263,3.5941825677536996,89.29811417949082,19.21263,3594182.5677536996
0.35315485792571033,9.919127345252015e-06,7.592066711225347e-07,6.8813546618161455e-06,1.6738544022925262e-06,4.9012101294884055e-06,1.4381607380969674e-06,5.7433835337902315e-05,3.8855972911715673e-07,4.9642404212379954e-05,7.452634539448749e-07,4.89132793056343e-06,1.5154380681083422e-06,1.5892398927508158e-12,1348.9217386949842,0.45155713424266186,35.38412,9.258569682971588,87.53621182253393,35.38412,9258569.682971587
1007206.566940222,5.393291626107311e-06,5.625311525162804e-07,5.588023253578159e-06,1.0799249594339496e-06,1.0680747649919672e-05,5.158936652421633e-07,2.7207908309948e-05,4.7393607619990864e-07,7.795694725646729e-05,1.0855986222575149e-06,6.274169731337299e-06,5.175876041730888e-07,4.9630139673115385e-12,804.0568964615799,0.6340731286201147,24.17279,2.793433059777954,92.3644261166612,24.17279,2793433.059777954
1008306.276978015,6.356154426176728e-06,6.120909466726979e-07,3.1276805484775986e-06,1.2494616536076949e-06,1.2855311036444947e-05,1.3542078279769684e-06,2.8307062042036166e-05,7.49123886294714e-07,2.7877507570616147e-05,1.3575385632765913e-06,5.22154190108878e-06,5.096156810427005e-07,3.708395904061455e-12,918.3144742258769,0.7831286559834498,20.29167,1.693723021985061,88.37431674900638,20.29167,1693723.021985061
0.327841875,3.351715547724056e-05,1.4829764436408552e-06,6.597481935210463e-06,7.642529462724602e-07,1.3771393388532548e-05,1.0639737186673043e-06,2.9414239028247834e-05,5.701928553481129e-07,5.552515638271866e-05,1.5891233915616614e-06,5.276296080514743e-06,9.07425336454973e-07,2.7905266977675768e-12,1096.3115847665704,0.5437144425328467,36.28775,11.112743538095,80.73486519015643,36.28775,11112743.538095
0.33780007500000003,6.87617696509454e-06,1.1610851537382998e-06,5.9756123972569085e-06,5.103452102916467e-07,4.453132599445677e-06,5.347520003534894e-07,3.167004506013539e-05,5.196607634944895e-07,2.7645725741224445e-05,1.4263144186416425e-06,3.6351794868925947e-06,1.7259130560212648e-06,1.142906131842472e-12,613.8516142001159,0.5776637447308735,34.95999,10.18864589301244,71.63010880043764,34.95999,10188645.89301244
0.4845198294131353,6.069713234774631e-06,6.808181551356834e-07,7.620220648584439e-06,5.502748255668163e-07,1.0300937167015891e-05,1.0745064289116218e-06,2.4284349279763972e-05,4.291203389043104e-07,2.0576411122770092e-05,7.374953044261661e-07,4.322889765141396e-06,8.687039701597436e-07,2.685432475666754e-12,1032.1920558566635,0.7395518076353361,30.72051,5.403053823474585,82.53738636063639,30.72051,5403053.823474585
0.30601649999999997,9.248446185390137e-06,7.592189777187352e-07,9.510764043518427e-06,9.984722818573394e-07,1.7286293308151018e-05,7.82529629294953e-07,6.740608394183934e-05,3.6264000151149977e-07,2.95666007083351e-05,6.454473848741857e-07,6.622567272008062e-06,1.7434056115817908e-06,1.3234175811079695e-12,591.9259940532513,0.4019069694483053,39.1978,24.98495686509208,75.44962601183119,39.1978,24984956.86509208
0.3202902018479441,5.343026983222145e-06,5.586563568737732e-07,8.352793500349626e-06,7.661126365737088e-07,1.2747371535383139e-05,8.033029183063093e-07,7.384978283747412e-05,4.948060354618138e-07,2.3230572866992815e-05,1.0491015779968233e-06,3.3222546054923903e-06,7.389646452395282e-07,4.6633305885973145e-12,1406.616509984676,0.5536690866175806,46.12338,7.351377926082236,93.8512137194048,46.12338,7351377.926082236
0.37042005000000006,2.8329184272335973e-05,1.0914145507692885e-06,4.290657815602338e-06,6.260297246934393e-07,5.212788083760689e-06,9.358549158657903e-07,2.78624798511043e-05,6.620073678273441e-07,2.719321029282296e-05,6.108109454556513e-07,7.187718787756561e-06,1.2757211787954167e-06,1.5976506167268565e-12,435.6680796309763,0.4888964618692502,30.61066,10.246245053017693,78.26523511861826,30.61066,10246245.053017693
1009240.9999911818,5.9365664796042726e-06,1.214255379144476e-06,1.2808734442794855e-05,6.065081710323795e-07,7.455451025515912e-06,5.329899633321959e-07,2.0569569596331916e-05,6.974143139771655e-07,4.627399739047024e-05,8.613192468288251e-07,8.579713094355995e-06,1.3016279323487026e-06,2.626926165371366e-12,775.4084155359202,0.4396835073392777,12.16112,0.7590000088181834,102.412367498967,12.16112,759000.0088181834
0.4612180912406346,9.243251596862818e-06,6.215527004370154e-07,2.645566841425713e-06,5.995882113646579e-07,6.503898171033443e-06,8.793697490205961e-07,4.237308621260636e-05,6.652980989658293e-07,7.0145233354377e-05,8.226582893866278e-07,2.9464466740139303e-06,6.38246609419739e-07,1.922497759525193e-12,985.3606914944266,0.5899356241775688,27.27528,7.368692350374618,89.63367009205496,27.27528,7368692.350374618
0.3697521,3.9219014119910683e-05,5.034458503163659e-07,3.123726439071256e-06,5.955951074288124e-07,7.082070900746215e-06,5.234174559277318e-07,2.696144219496148e-05,7.034896785337447e-07,4.508785469416388e-05,1.0001548189732959e-06,3.2521316042225834e-06,1.4747496263963016e-06,3.7504257315924834e-12,209.86690923892348,0.46048950268353006,30.69972,17.163005164713223,65.16822105593754,30.69972,17163005.164713223
1007048.3971509099,1.1924762594927107e-05,1.2682585276045778e-06,2.206420610110585e-06,1.111808600982439e-06,1.125870878966056e-05,6.704923844780483e-07,4.7173948243610894e-05,5.321369631496707e-07,3.929721671566805e-05,1.1546100016781954e-06,2.006647267333996e-06,1.2245530687063519e-06,1.3442364484892862e-12,956.2974165561823,0.5366366458841769,14.10061,2.9516028490901522,97.91294601370932,14.10061,2951602.8490901524
0.12247747499999997,6.148686057525313e-06,6.123590820454429e-07,1.090327874007064e-05,8.427320241997339e-07,1.2702220624527661e-05,7.379249156987314e-07,3.957141954408308e-05,5.427425086266132e-07,3.3332567132586484e-05,1.9180693858500506e-06,3.2891574755117995e-06,1.3700116910638457e-06,2.540740062620254e-12,1008.1438009102948,0.7594072644192771,63.66967,12.819886126580105,62.507556806741306,63.66967,12819886.126580104
0.45302901045416955,8.014661473595267e-06,7.42935742113321e-07,9.621866111355756e-06,1.3697500228907163e-06,1.9286102683911465e-05,6.04340218928554e-07,2.767657905919457e-05,7.763212438051901e-07,4.930654385224345e-05,9.575675505268676e-07,8.73616415935298e-06,1.048952426907789e-06,1.129146788309704e-12,630.9469542644754,0.5158501220974092,21.53262,9.41905358183322,82.43227372064626,21.53262,9419053.58183322
1008176.8320130736,2.3001862205255724e-05,1.5974088037902546e-06,4.892184719971075e-06,1.4791236535134378e-06,4.838680939540253e-06,7.5336278389366e-07,5.711517012240931e-05,4.2092774335933156e-07,4.6866517510183776e-05,1.7713826492011125e-06,8.79184644568639e-06,1.2658969952991443e-06,4.795359880420549e-12,756.2806558605685,0.5682880691036535,28.85316,1.8231679869263606,89.79461877271247,28.85316,1823167.9869263605
0.432988875,1.217594121457078e-05,5.421735465630025e-07,2.855857795853538e-06,9.605035168790578e-07,1.6926544391087934e-05,8.926589299985808e-07,2.3784854974639085e-05,6.7312916942467e-07,2.497079842528797e-05,5.637318880722002e-07,6.173251048460344e-06,7.804100992726007e-07,2.413482331202675e-12,728.8132955196136,0.42967164157972804,22.26815,12.481404067186093,80.9349113355661,22.26815,12481404.067186093
0.362693775,2.240908393120467e-05,5.432726059348068e-07,2.6096233769134535e-06,5.503780917626167e-07,4.804594387590604e-06,9.705812241577937e-07,4.269860506512071e-05,7.54917789806537e-07,2.0677773102156395e-05,1.1961506082420592e-06,4.315331825317949e-06,9.044771789459161e-07,1.7153959781903167e-12,376.12826523571607,0.47936900163875623,31.64083,14.085640196468995,63.80762329013041,31.64083,14085640.196468996
0.4595789904707625,1.3744773844661196e-05,1.0557748102939234e-06,6.510553061894945e-06,5.521853967896621e-07,4.995275382025721e-06,1.5555997365812144e-06,4.0943472525252715e-05,4.518121981954341e-07,4.0706452642045664e-05,8.877160206033487e-07,8.674040061192972e-06,5.615849159277746e-07,1.584718954598415e-12,397.88848003861483,0.5246276175754223,31.03693,6.3057613811695,84.35867402075034,31.03693,6305761.3811695
1006991.6585986608,5.229410906232076e-06,5.204516362067448e-07,8.999661454492388e-06,9.376437205143832e-07,6.876535331932789e-06,1.761324942916711e-06,4.406383850424861e-05,5.531341489418679e-07,7.040743188248261e-05,6.142957506800844e-07,2.958572446777274e-06,1.3145625941682836e-06,1.3957638984547785e-12,537.5490230959645,0.5378318446857876,18.0852,3.0083414013391376,94.81824356884262,18.0852,3008341.4013391375
1008076.7559246559,1.9671633588735193e-05,1.0030612460991886e-06,4.301696291201282e-06,1.1689486925452499e-06,4.905647583336477e-06,9.709679204507708e-07,7.615208386075765e-05,6.364612947496097e-07,2.3078716677076085e-05,1.2467928622488585e-06,2.7670438879258367e-06,1.288794761057368e-06,1.94307276175695e-12,941.1620921868966,0.7529538601202717,21.46827,1.9232440753440874,91.17742638050163,21.46827,1923244.0753440873
0.4866669570975905,1.0157051297856075e-05,6.69250688093325e-07,5.746201795808068e-06,5.29421335125058e-07,4.6861044829067275e-06,7.318306738475695e-07,6.688099849956201e-05,6.898737465669212e-07,6.095129681353774e-05,6.273467301232551e-07,3.982615577394643e-06,7.503700906320593e-07,2.0013073607275416e-12,1325.5382361331658,0.7507297462830811,28.62191,5.94674871609638,90.6067378363659,28.62191,5946748.71609638
0.4030365,3.062083518835122e-05,8.337001450624084e-07,1.0136224413131847e-05,9.832999743607338e-07,1.9789417546741557e-05,7.747728768132447e-07,3.2284740629104674e-05,7.762362819558452e-07,7.057583941081211e-05,9.84878659583837e-07,7.660664929764415e-06,1.2703996686123974e-06,1.6576289443184385e-12,1176.782211673809,0.6454380228199412,26.2618,17.149300931425024,80.11025878331179,26.2618,17149300.931425024
0.40037347500000003,3.8165880764311376e-05,7.171542822917656e-07,4.8661220639838855e-06,7.510653504383827e-07,7.938230377904824e-06,6.282337929064135e-07,6.182934951008292e-05,5.710329407686956e-07,5.338060256539236e-05,1.581092691327161e-06,2.071017751427331e-06,8.787910068839423e-07,1.2488797489366568e-12,207.5576390783939,0.5653102891999319,26.61687,19.218693752333035,70.15558599097797,26.61687,19218693.752333034
0.2851610632618305,6.546708310631095e-06,1.0980663623586103e-06,3.865157430355574e-06,1.0480181904385234e-06,6.8450742634575895e-06,5.822514476289303e-07,6.219708061816038e-05,3.75933546475446e-07,3.588554531896863e-05,5.957366749494004e-07,4.1085286538641915e-06,8.924116435774209e-07,2.2081372034471725e-12,976.4601582888897,0.492566018520877,46.21359,8.729480469526779,87.97217024196073,46.21359,8729480.469526779
0.20478206536517962,9.717991378640808e-06,5.153304735275465e-07,4.861837678256438e-06,1.4694256177891377e-06,6.053064622794227e-06,1.6872472807788306e-06,6.648115694476575e-05,3.8159298199402046e-07,4.441527897435138e-05,7.59079846394697e-07,8.0948504799844e-06,1.242707136969617e-06,4.263791720641041e-12,441.86039784213557,0.7149688398715365,61.77727,7.275536385392814,84.23268009986363,61.77727,7275536.385392814
1008586.3782818479,9.18990745222904e-06,9.909302345244228e-07,6.05905059706018e-06,1.6404157765333233e-06,1.8011078909156425e-05,1.318108853657355e-06,5.501573329844486e-05,3.6180181854846315e-07,7.068556558217493e-05,1.925097458803383e-06,6.403434297688983e-06,9.508450133636413e-07,4.103466606237926e-12,685.6543999245957,0.7456075743429434,21.24525,1.4136217181520807,92.91964471545336,21.24525,1413621.7181520807
0.3732720346175949,9.16317927598994e-06,1.2404628257439636e-06,5.042479559364611e-06,6.630656326372714e-07,1.1381560595938e-05,1.042031985366511e-06,2.277126546304456e-05,5.167996018366885e-07,5.1382197504926595e-05,1.8578943211241046e-06,9.762169560788654e-06,6.104887232969112e-07,1.4786334579422196e-12,778.1195889312027,0.6924546357418029,34.40703,8.747009615296204,74.34313394798741,34.40703,8747009.615296204
1007276.6533750239,6.916816191880767e-06,5.40437830658302e-07,6.27375465530797e-06,1.3253013103945138e-06,6.65875654915133e-06,1.3524127049141157e-06,3.456747018493134e-05,4.955496965516452e-07,5.500976410757619e-05,5.082116779494441e-07,2.74674413692924e-06,1.1977114210281105e-06,2.944019068142344e-12,1303.313071442843,0.7135293304310212,24.43628,2.723346624976181,93.1119416385262,24.43628,2723346.624976181
0.396681501853961,2.6833510200795768e-05,9.029243477068608e-07,2.017583502289294e-06,5.489426065566706e-07,4.997356457559134e-06,1.502693401297225e-06,2.4675808713772927e-05,6.938408707636162e-07,6.417552058489876e-05,1.7203267699797269e-06,6.372610078118172e-06,1.025256374931786e-06,2.2482643545898896e-12,548.9483011100458,0.5550793016466701,34.68918,7.7259859258415595,78.75635857444465,34.68918,7725985.92584156
0.1631284936100506,8.46382571718084e-06,1.9044564890399755e-06,5.974591059581778e-06,6.639679590908762e-07,1.3433875580304182e-05,8.985802237442364e-07,3.73916910665769e-05,5.703497916424122e-07,2.0646280897164434e-05,1.4948151947359652e-06,2.614138229049296e-06,1.9380779738127994e-06,2.385743119233234e-12,727.1131824582436,0.6895126633050029,67.13404,7.334648255597976,69.38702282035813,67.13404,7334648.255597976
1007771.6646139923,1.8848011948081996e-05,1.314599853774907e-06,4.311169672437064e-06,1.628611665789667e-06,1.120678832418837e-05,7.102452337845464e-07,7.133989155452632e-05,7.331108657473628e-07,6.743119497466865e-05,1.1477336892016376e-06,2.078854215520326e-06,1.9598501480371806e-06,4.376370471008832e-12,563.9112564827279,0.6860769147692425,25.04529,2.2283353860076653,89.62562764070236,25.04529,2228335.386007665
1008209.6969216781,5.570951704601577e-06,1.6634447068598039e-06,2.681722493174809e-06,1.1836669992789926e-06,1.3670736670884305e-05,5.692614958837789e-07,4.3706590195816174e-05,4.274777081939974e-07,2.143304736030945e-05,1.2364190186624845e-06,8.377463798351805e-06,5.006342280143534e-07,1.1903791519725094e-12,631.3429845817802,0.5566017750195398,20.42831,1.7903030783218896,92.6956412596247,20.42831,1790303.0783218895
0.29352435,1.3431126671348563e-05,1.4888168888129144e-06,5.825514523865516e-06,1.3030082628876308e-06,1.2510291828728357e-05,5.43378256674477e-07,6.753100917022742e-05,4.2802016224024676e-07,4.1348796241728704e-05,1.013356748820826e-06,5.5926487079696505e-06,1.3722147205922603e-06,1.059177699635791e-12,531.8651626219942,0.42725508827343917,40.86342,20.27611423108643,69.92353752807799,40.86342,20276114.231086433
1007872.2257048975,8.984664739774631e-06,7.289433043016642e-07,2.274699292562163e-06,8.774165148699647e-07,1.685298883051901e-05,8.009926563133734e-07,5.184508253689879e-05,7.004831178528428e-07,2.606049273657996e-05,1.204647302530207e-06,2.3607138788613214e-06,1.0210851545773175e-06,1.4185520684811362e-12,603.3825851642036,0.5278875123031843,7.612838,2.127774295102494,110.7719173192006,7.612838,2127774.295102494
1008672.6574769237,1.4310335633774219e-05,6.570932316301836e-07,7.038424889130929e-06,5.084030182394045e-07,1.7645429495446235e-05,1.022881662670927e-06,3.107000151160624e-05,4.508565605083461e-07,2.3294344127473487e-05,1.6039063074510856e-06,4.131690202251956e-06,7.192314796218455e-07,1.1581195490207121e-12,1405.2838235397485,0.4148807053410045,47.26445,37.72876865773963,51.32734252307632,47.26445,37728768.65773963
0.30222509999999997,3.172745428076748e-05,1.4954914338897243e-06,7.516159043898733e-06,8.763608219510947e-07,1.0613338986340378e-05,1.3084236116808e-06,4.896246136373435e-05,4.237586371883957e-07,5.2906811367850434e-05,9.150122128840943e-07,2.374719154231527e-06,1.0223674331744842e-06,1.871038047853692e-12,1475.2384047097196,0.6069436370663822,39.70332,14.57928618285104,86.1455210809813,39.70332,14579286.18285104
0.36570794648983734,1.203457671764181e-05,5.626754440274385e-07,6.323251607058457e-06,1.5726563839198514e-06,7.43753678506282e-06,8.193181577033568e-07,5.5469176768574096e-05,5.458690318168517e-07,5.021057253336027e-05,6.24019373878895e-07,2.2229688276282005e-06,1.6696784133161788e-06,3.183105356879962e-12,1324.2887760438698,0.5331357835818725,33.21222,9.408016140406502,93.80156571510717,33.21222,9408016.140406502
0.44022517673899814,3.829410517502977e-05,6.665378615258845e-07,2.93044793280492e-06,8.196467295031429e-07,9.525497482472154e-06,1.1298450301452723e-06,3.589950695722732e-05,5.114414597182335e-07,2.4621221582323338e-05,8.346452437883523e-07,3.597298962807868e-06,6.968069283226841e-07,1.4892605760444157e-12,1052.9736755136182,0.7081854902538198,23.72027,9.274911930440071,80.20775852250594,23.72027,9274911.930440072
1005465.3114917831,1.4414687740986122e-05,7.394770756812773e-07,4.369814858936563e-06,1.2473932074589362e-06,4.6553028829233136e-06,1.754236277465132e-06,5.280952496418225e-05,4.7046649949321094e-07,2.1237717261837926e-05,1.2857756155044208e-06,4.7651051505043986e-06,7.246565459818634e-07,1.9828397023575777e-12,912.4689096982822,0.6419009383589237,31.12309,4.534688508216903,84.83920697741698,31.12309,4534688.508216904
1007546.1842163418,7.705991354420041e-06,1.5471086371343564e-06,9.558712437916635e-06,5.044978910197302e-07,1.4234191977735227e-05,8.021504605653671e-07,2.4883347796919444e-05,6.960748771546727e-07,2.562476937253756e-05,1.421978422447731e-06,3.995630785406631e-06,1.0869994702179277e-06,2.8345069701228596e-12,531.5601454053262,0.42785294842115446,25.31648,2.4538157836582206,85.50258626917963,25.31648,2453815.7836582204
1009259.711089247,1.0814192665832897e-05,1.3921404052725887e-06,2.262611557827684e-06,7.790945847611682e-07,1.6349724221235613e-05,8.358021516620142e-07,3.0306945091604054e-05,3.9195278353778344e-07,2.7838979613835383e-05,1.5237049909699554e-06,4.241601693462159e-06,6.510710236574925e-07,4.362582173964055e-12,895.7221373239661,0.6257211623306802,15.50846,0.7402889107530096,97.36978837077707,15.50846,740288.9107530096
1006116.5088826244,1.3339495424840511e-05,1.7076379988380793e-06,1.0918310642048119e-05,1.2123591415326937e-06,1.371322217134272e-05,6.818472877083238e-07,6.634824720702865e-05,7.066478905606203e-07,7.46562009029467e-05,1.501824540725389e-06,4.255461607842864e-06,1.7896875188279961e-06,4.614343010107655e-12,350.73971269377876,0.7515278928278549,39.36646,3.8834911173755287,84.11194957384056,39.36646,3883491.1173755284
1005554.7813487131,1.4179317041220599e-05,6.07272988369846e-07,2.5898556733273427e-06,1.3802939398152623e-06,1.1431920680736415e-05,1.7938800392630925e-06,2.6332400897808157e-05,6.712394284199709e-07,2.1779291701996897e-05,9.234916080913223e-07,2.2856277144364317e-06,5.533893237411906e-07,3.786553828134936e-12,1131.2263825149412,0.5114632253075012,25.61973,4.4452186512869245,83.99451709228569,25.61973,4445218.651286924
0.24129116593872507,7.476248041982962e-06,1.2748003880726705e-06,5.355651221432176e-06,1.7134403288785976e-06,1.888361489547966e-05,8.109008976118042e-07,4.9839641153283685e-05,7.089963971787238e-07,5.2179355090620065e-05,9.292060939241188e-07,4.258944674306299e-06,1.4287787633871168e-06,3.8290745241746225e-12,1218.81421599804,0.7613164229011333,60.73654,6.127391362450997,84.14145397144462,60.73654,6127391.362450996
0.36831475965388166,3.491935051237646e-05,1.279616445405477e-06,6.46858628288313e-06,9.65583883762339e-07,7.328435293194568e-06,1.3375134167923441e-06,3.652805621562647e-05,6.667777207177552e-07,3.4949498550317607e-05,9.398600852219172e-07,3.220490800336627e-06,1.1603108143329013e-06,3.203726713794214e-12,690.9159673841277,0.7418777621821425,40.64916,7.0726616138447325,77.63877224319594,40.64916,7072661.613844733
1009846.7823924572,7.496629975868793e-06,1.4721833602534245e-06,2.06585117289747e-06,1.1728239982755648e-06,7.216625917160263e-06,6.254444933934832e-07,6.269020866167237e-05,4.507545788583864e-07,2.4230418675714862e-05,1.2736142630007862e-06,5.995603761853289e-06,8.287785483166114e-07,3.5109786556117295e-12,1011.3858979968575,0.7828751882748531,6.48608,0.1532176075427027,117.59450021319824,6.48608,153217.6075427027
1006275.0011404817,7.30469985534689e-06,1.5972356189834908e-06,6.42819410021773e-06,1.4344305338672219e-06,5.9227427750094486e-06,1.1871760668392327e-06,2.037175661855504e-05,3.661610543091881e-07,5.2290863514463306e-05,9.702856972276475e-07,2.958367457937162e-06,5.359378792262071e-07,1.2014201860281975e-12,840.694302507997,0.6562159019313569,29.61607,3.7249988595183723,86.41245478160135,29.61607,3724998.8595183725
1007517.3491538638,6.341377591131401e-06,1.760207854563569e-06,3.878903838367368e-06,1.4048764450528016e-06,4.669698403540137e-06,5.50374525892631e-07,5.3431049998795364e-05,7.442456085110954e-07,3.575433118793954e-05,5.217606363183621e-07,2.1080650594463387e-06,8.721519566427278e-07,2.464848301987149e-12,1133.0981483430814,0.6677698560406392,34.88783,2.4826508461361514,89.12561667227462,34.88783,2482650.8461361513
0.3178041,2.896049916185269e-05,1.7647577139395813e-06,6.671228502177877e-06,1.6552327384811151e-06,1.7541778377926377e-05,6.627865285100282e-07,3.1108072513373935e-05,5.399230416878305e-07,5.379454941239754e-05,8.214890585781606e-07,8.437433537521023e-06,1.1488942482809244e-06,1.189451771797646e-12,941.5915327056911,0.5887974666659068,37.62612,23.424265221838517,64.88486330374252,37.62612,23424265.22183852
0.31908555,6.045229636707965e-06,7.092166030736362e-07,3.259887274159168e-06,1.7320649452053423e-06,9.02172461298006e-06,8.865876807395903e-07,4.813681215229455e-05,7.114335497350803e-07,5.1250189496030316e-05,6.974348192176836e-07,2.569839431344086e-06,1.6855188776939832e-06,1.1588816982189117e-12,1493.3889101044915,0.5979420712371865,37.45526,15.172687494742208,77.24559272386824,37.45526,15172687.494742207
0.297142725,6.671704059155802e-06,1.2438386692967087e-06,4.692758647211136e-06,6.123826843574888e-07,9.213812402683415e-06,7.688403120116915e-07,4.220611677010546e-05,4.444359568786268e-07,6.858737558617606e-05,1.7450682064662032e-06,9.816637149769699e-06,9.973141719026108e-07,1.2298229460514265e-12,203.39784064305567,0.7243376017641504,40.38097,11.139746376208404,74.2939987737486,40.38097,11139746.376208404
0.5563814331437092,2.0959703383102035e-05,1.384413474620616e-06,7.52784464298264e-06,5.146209999425036e-07,7.506599001883909e-06,5.356115551237349e-07,3.0491104667675402e-05,6.532871189527256e-07,5.978657156549521e-05,7.787645329072686e-07,5.16277126192034e-06,1.0859492490724616e-06,1.722646809019472e-12,471.0129378070828,0.4572963550552942,21.34832,5.34024667425163,89.6653326282052,21.34832,5340246.67425163
0.324261525,3.099928421996099e-05,8.713285876875406e-07,7.435488837974175e-06,1.3748424247196503e-06,1.646380777868063e-05,1.3123458747073776e-06,2.6322471166776344e-05,4.3412458308689497e-07,6.950905252609758e-05,1.613318736252882e-06,8.645627169338896e-06,8.483778398678371e-07,3.1492250921632407e-12,1282.387792809236,0.48030897024817326,36.76513,15.569025149299833,87.01688064554995,36.76513,15569025.149299832
1008807.0652538366,5.135549005532249e-06,1.7582607135640982e-06,2.2427963978570532e-06,5.268384451765218e-07,4.352078072156685e-06,1.5599618998807636e-06,4.523026866637937e-05,3.794712317118802e-07,3.697972645657054e-05,5.855710427763995e-07,2.0114645847888464e-06,1.8416830874944039e-06,3.950447751119666e-12,891.2028518120161,0.41794195226874997,33.3784,1.1929347461633981,91.26186772378823,33.3784,1192934.746163398
1009482.9270587795,1.4950378327068393e-05,1.951785406589398e-06,3.183134356463629e-06,1.3177170539798496e-06,6.2639500165948226e-06,7.956499885202416e-07,6.78130217103145e-05,5.813295360300643e-07,2.5658220168610645e-05,1.2886724675089688e-06,5.439212008559761e-06,6.878806897357101e-07,4.420511642999257e-12,1118.1602544100033,0.6533428890808866,19.16535,0.5170729412205105,95.0838879831991,19.16535,517072.94122051046
0.36670695000000003,1.1904253747605545e-05,5.652813180211518e-07,9.442833074822404e-06,8.63229584179495e-07,9.444150579189212e-06,1.2187434080551554e-06,4.066224522315194e-05,6.878107368087475e-07,2.4295027427814082e-05,6.04666172462845e-07,5.559149462577211e-06,1.027989564488446e-06,1.753048105506968e-12,1479.3847026287176,0.7044128941657501,31.10574,11.386878686543943,79.9772898953418,31.10574,11386878.686543943
0.31587322500000004,9.390666720342196e-06,9.445688545674264e-07,8.152754181922321e-06,7.134425841309925e-07,8.359633244154034e-06,5.026032012927077e-07,3.2376907611938455e-05,6.386004835820922e-07,2.214990157392326e-05,1.5761638488697351e-06,9.965703555739228e-06,5.258312326411627e-07,1.7532213674486761e-12,913.0241888086567,0.48483637772304766,37.88357,13.271417825853769,64.80649083160112,37.88357,13271417.825853769
1020721.5036201254,2.5302233428575944e-05,7.017425639335424e-07,1.135922018007986e-05,9.108597154632162e-07,1.786529685725153e-05,1.1561435730643716e-06,4.7156862801155954e-05,4.538849149277558e-07,2.4267345674952224e-05,1.0832746766734112e-06,9.799811978675642e-06,1.4083364954316995e-06,1.2525856889685485e-12,748.8479591036241,0.4931122078727806,62.21194,49.556546614031575,39.27849637987459,62.21194,49556546.614031576
0.287542875,3.989186577544655e-05,1.3821297663820134e-06,4.097630346963532e-06,5.203532497744392e-07,1.2919358827822191e-05,8.772573853811154e-07,3.922146784560994e-05,5.277054559693883e-07,6.650892178346903e-05,1.0126770934338942e-06,4.321537484909112e-06,1.6695577994404427e-06,1.2233667575733561e-12,890.0014847926844,0.7241965471452194,41.66095,31.562471610133375,60.42905400222112,41.66095,31562471.610133376
1006279.6075730002,7.847102548955147e-06,1.8070969318182313e-06,4.780170785699345e-06,1.0366502401132257e-06,1.1661010405216257e-05,8.207814802562641e-07,2.258810405433551e-05,6.072370602738205e-07,6.765495805317717e-05,1.4790118407621898e-06,2.5935176212219134e-06,1.8007986018598366e-06,1.3187158969768e-12,406.58989652468324,0.570045687056349,27.38944,3.7203924269997453,86.29257955460236,27.38944,3720392.4269997454
0.2359374,1.2353707059783036e-05,1.0206204683757474e-06,8.05027958876647e-06,5.078189464458639e-07,1.232553192587188e-05,6.549390086669089e-07,4.8809525512885344e-05,3.854750512471039e-07,3.4589808812197336e-05,1.5519108942112433e-06,2.625195023983467e-06,1.0722147438240473e-06,2.8048952444533266e-12,1078.7717927961637,0.6856502757602205,48.54168,13.409211203171722,78.89502103504299,48.54168,13409211.203171723
0.38263289999999994,3.738262429944628e-05,5.004686179805604e-07,3.597928563799657e-06,1.1230826332529396e-06,1.4693449437425828e-05,1.095205165395839e-06,2.317139571202105e-05,4.6609450265996724e-07,4.740284901717099e-05,9.730221172995834e-07,2.55551762291448e-06,7.821038789812806e-07,2.640351679096857e-12,844.8072477745749,0.5185543269662187,28.98228,23.21550508691097,66.77170291093599,28.98228,23215505.08691097
0.34550465717512624,1.566053900599556e-05,6.488342797924406e-07,6.144369952393151e-06,1.8910453943591853e-06,9.420036572711674e-06,7.760252791705384e-07,7.202787577330008e-05,7.495688905900686e-07,7.373659348329587e-05,7.483668785735106e-07,6.941898834744664e-06,5.818506915597147e-07,4.592842326489855e-12,703.7910552960624,0.5931383775217416,37.72303,8.86290471299495,88.11005826881436,37.72303,8862904.71299495
0.3690821408166003,1.6796224962401182e-05,1.1044394550071276e-06,1.3655610328695995e-05,6.063195471756585e-07,1.867068736995284e-05,1.653983067000253e-06,6.656690664280174e-05,4.7642744835763964e-07,2.2746193165379256e-05,1.046631565479586e-06,2.2758439050845354e-06,5.857274886076013e-07,4.81826439037393e-12,883.2567599198943,0.41575112061525127,39.822,7.2901143673359865,88.21000771105,39.822,7290114.367335986
1060000.0,3.071859830128957e-05,8.24803274564145e-07,2.18359048130876e-06,1.3535973424891022e-06,5.375462241588757e-06,7.26754205800257e-07,5.307424753086677e-05,4.1596105373786097e-07,7.442505093015451e-05,1.0885112198655535e-06,8.363919958890106e-06,8.117804712326829e-07,2.1069873591564017e-12,264.726321506479,0.493165819771768,-13.4732,0.0,0.0,-13.4732,0.0
1007414.5453424375,5.1762562629583295e-06,6.081890655145717e-07,2.9695923936930302e-06,5.933611528446436e-07,1.2973807717938863e-05,6.15508623894448e-07,4.814013480564768e-05,3.788177037534284e-07,4.0399895675006226e-05,1.5924259999327025e-06,2.1197421064319807e-06,7.322834496315252e-07,2.5092601973934855e-12,1459.750923736729,0.5606000681566228,16.50754,2.585454657562518,97.65298409376474,16.50754,2585454.657562518
1005091.2247791013,1.9044625580339683e-05,8.062276120388709e-07,1.4863518268341424e-05,6.259424320170317e-07,1.5735151671659513e-05,8.803496973257417e-07,2.6789009279475094e-05,3.9590699836079513e-07,4.35172362212323e-05,8.519753285146826e-07,8.32955551937456e-06,5.095445394699093e-07,4.629958796970905e-12,1030.6202475297098,0.4079251853836183,23.89889,4.908775220898731,92.49805812207194,23.89889,4908775.220898731
1008049.656792738,6.635626164922865e-06,7.186486260289379e-07,2.832738768488079e-06,8.525104491322387e-07,1.2552726053725454e-05,6.061663400871371e-07,5.290844568758538e-05,5.694217113333186e-07,3.310295669041896e-05,9.58697163699439e-07,7.162046458172011e-06,1.2059020118318814e-06,4.953083671054652e-12,1106.4720433329358,0.5306526228631083,21.41811,1.9503432072620102,94.06425559801819,21.41811,1950343.20726201
0.03454725000000003,3.143537005738136e-05,1.3020267659151337e-06,1.0162348497767675e-05,1.4392132218849782e-06,6.535798212830742e-06,1.8558423513186314e-06,7.57928723676965e-05,4.827691149638496e-07,3.521068990986077e-05,1.4680952616685399e-06,4.443708300737115e-06,5.356636852728965e-07,1.8446277969542527e-12,1374.1835515262997,0.7155943310507495,75.3937,17.232542482554337,65.83970511410394,75.3937,17232542.482554335
1005873.3469697041,1.0611738564876958e-05,7.619972876559317e-07,1.32850689866769e-05,6.772402456663757e-07,6.806662651105106e-06,5.475896008411601e-07,3.390820581357207e-05,5.07133118688901e-07,4.280995047733691e-05,1.051842259199374e-06,7.51774307011296e-06,8.16696335512296e-07,4.0822412853997e-12,458.21464483539916,0.699015330888572,27.91215,4.126653030295901,84.44488511787384,27.91215,4126653.030295901
0.4886947024736165,8.723650797185e-06,6.582001640700658e-07,3.6361142343052554e-06,1.3974713350367568e-06,5.779271798581311e-06,1.839810784546955e-06,3.2633357569513086e-05,5.571941739462162e-07,3.6248443481710654e-05,6.241835538531544e-07,3.909710988181548e-06,9.92436599107342e-07,2.011297947833719e-12,709.1281434806549,0.5198854193615472,30.47211,5.3105789010553375,86.89367630386992,30.47211,5310578.901055338
1007587.1719816726,9.589779233593193e-06,6.192161215259472e-07,1.132856287754832e-05,1.5398694993272663e-06,8.560647906033882e-06,1.0345833159889058e-06,2.0127260845004998e-05,5.400491393264256e-07,4.652143556720407e-05,7.009611420386748e-07,6.941148901506786e-06,1.231903077121074e-06,3.4611695212349344e-12,993.1092309140299,0.48737722533013583,19.10363,2.4128280183273594,93.76105220041303,19.10363,2412828.0183273596
1060000.0,2.8037587843776334e-05,7.088953150478067e-07,3.26902396552789e-06,1.9329355246797345e-06,7.999317762575903e-06,1.1440308533223405e-06,3.1919387348272466e-05,5.521183136869867e-07,3.276287895435405e-05,1.4402486794756768e-06,7.137197884324734e-06,7.782224665077027e-07,1.1006266111504318e-12,1492.8839410614241,0.4127524363871834,-5.5697,0.0,0.0,-5.5697,0.0
1005651.595178788,7.192700228238252e-06,7.261199781896122e-07,5.08867060257229e-06,1.3809228484766626e-06,4.053077800658854e-06,9.432886923834046e-07,2.9500269825181325e-05,7.491559896577512e-07,5.721195214784835e-05,1.430951209404655e-06,4.982496817235123e-06,1.3139277636329772e-06,2.0526994680144303e-12,1389.0818235262875,0.5960089442342087,28.91755,4.348404821212107,87.05401033565323,28.91755,4348404.821212106
1008073.560687942,6.715820035747768e-06,1.9241471129573795e-06,3.770856628216398e-06,1.205701216406538e-06,1.764291575312864e-05,1.2604235470735703e-06,7.668729479057454e-05,3.613787691997144e-07,4.360387258016411e-05,5.202059122806145e-07,3.942690850644124e-06,7.956274715672707e-07,4.94244851601798e-12,342.92028889545463,0.41538061999256626,39.99233,1.926439312058058,89.61235244958358,39.99233,1926439.312058058
1009526.8709239752,6.5882434956422015e-06,1.3143995163559787e-06,2.0197037161463646e-06,1.979195791524912e-06,4.1519095316706315e-06,6.461687285959393e-07,4.360984769023693e-05,4.617208353085148e-07,3.219497136681444e-05,1.704604094905519e-06,2.502505091474459e-06,9.513119662186451e-07,1.5314524344444335e-12,1088.9141126920574,0.6689342578785011,8.979658,0.47312907602470283,109.64747992562276,8.979658,473129.0760247028
0.4968589307698416,8.109141561970608e-06,6.818819183990106e-07,5.383901148942391e-06,1.6436976992098186e-06,1.3557559504636168e-05,6.489509798919235e-07,6.041783483707152e-05,6.422187863354703e-07,2.2992139708011818e-05,6.08982412699121e-07,5.756091980055416e-06,1.1112696346907581e-06,1.5561693120542603e-12,1329.6184414396491,0.5604420016943507,23.0207,7.219432769206334,87.4002935801698,23.0207,7219432.769206334
0.36784125,7.34050757701708e-06,9.47001216873556e-07,3.405763972738231e-06,1.0737970340079016e-06,1.547174254492919e-05,8.471024363048708e-07,2.5781876886587708e-05,6.136211736063772e-07,2.332729456501043e-05,5.367138853497841e-07,3.5899613941534403e-06,6.815488172766296e-07,1.3630412071589817e-12,1129.386087357746,0.5400389353888082,30.9545,10.086398783782705,80.89930149906596,30.9545,10086398.783782706
1005870.9026726544,9.187006988301573e-06,1.8778995059018113e-06,3.374014561012446e-06,1.4272103323863231e-06,1.926696414542374e-05,1.5119104147576752e-06,6.266215198023232e-05,5.933698155698313e-07,4.4977411426822244e-05,7.836915624685192e-07,2.26894507080341e-06,1.2579934612677128e-06,4.418357152689429e-12,647.2260391521195,0.5429916540165678,55.83284,4.129097327345612,86.85664973820589,55.83284,4129097.3273456115
0.5137786796130666,2.4072677978429544e-05,6.782265000782651e-07,4.989922878180084e-06,5.221373492075022e-07,1.3698731047095289e-05,6.034996801713835e-07,2.590003341952849e-05,7.069808529995932e-07,3.558986016377688e-05,6.595677144860862e-07,4.075282933896091e-06,8.529555638071176e-07,4.981425421714248e-12,382.5163856119878,0.4347475816839956,23.46679,6.408815815477338,84.82573842841093,23.46679,6408815.815477338
1005363.4323621441,9.67532172623053e-06,9.667772313519808e-07,1.393145179385911e-05,1.3549912998400822e-06,1.3646527759984616e-05,1.4086636190577058e-06,5.744180547233463e-05,4.421205211994503e-07,2.3021906051883428e-05,1.4206142710802606e-06,2.0947082041725513e-06,7.145352730376543e-07,1.2101737209157475e-12,1468.4188970818886,0.6620010895790918,65.79047,22.204625362096735,54.63656763785584,65.79047,22204625.362096734
0.32300077499999996,1.1303463825350921e-05,5.098805505388312e-07,6.995597084143226e-06,5.427732519347818e-07,1.002734130193775e-05,5.616224606548437e-07,6.340146415088988e-05,4.362189447786951e-07,5.9802227574908504e-05,6.924312512937675e-07,5.411522858288963e-06,7.966700587375748e-07,1.1260342083930899e-12,1168.151120411555,0.7764099659303317,36.93323,34.21734457940531,74.98597678883182,36.93323,34217344.57940531
0.2746905,9.541539707926832e-06,5.230323975984839e-07,3.888114808847443e-06,1.1737218504310853e-06,1.0341254290838081e-05,6.094912195585055e-07,6.241003320233535e-05,7.471329345305531e-07,5.306636138455083e-05,8.935039500966924e-07,2.884632016180449e-06,1.5237835967564078e-06,4.595935458594843e-12,1437.9487424251863,0.4861252167236716,43.3746,11.323008164060456,96.78140078854489,43.3746,11323008.164060455
0.3908731839351245,2.540185517252332e-05,1.5752374455658165e-06,5.83043983286036e-06,1.0808054597051078e-06,1.8670795302780588e-05,7.669226252334968e-07,3.22279540302626e-05,7.599978277412334e-07,4.9765342898876755e-05,1.2315078167361711e-06,2.192805505736718e-06,8.342748589085467e-07,3.717891611211574e-12,720.9592199855589,0.5465071113294302,35.6382,7.673612642595021,81.06364769897147,35.6382,7673612.642595021
0.41646284999999994,2.9836184211328293e-05,6.111106273139046e-07,2.849587274516293e-06,1.3610344483226291e-06,4.75222057973785e-06,7.123723380689118e-07,3.8444076071078236e-05,6.64241773342148e-07,3.6887367429745166e-05,9.546981231093323e-07,5.307260432782766e-06,5.463308323085866e-07,3.177569049003747e-12,580.6459744841687,0.4097131453409402,24.47162,10.142164280335981,79.2668296988977,24.47162,10142164.280335981
0.4054918920862827,9.048262636428541e-06,7.157469848608957e-07,1.2147095626798117e-05,1.0300215838547061e-06,1.248547589053003e-05,1.225859387580775e-06,2.8234580337842734e-05,7.286054418800636e-07,3.352005025298292e-05,1.778551829346776e-06,2.2915661779764594e-06,5.271441756442485e-07,2.861205095466294e-12,403.81808999042335,0.7925289409913294,35.85233,7.024625316548689,63.834315487468515,35.85233,7024625.316548689
1007316.5174289473,1.3673920560049907e-05,5.894350146015465e-07,7.299138057050632e-06,7.799137515070221e-07,7.713294531508278e-06,1.289346365337348e-06,2.3446695127314693e-05,6.162278467537364e-07,3.8248387984098696e-05,5.95847114159896e-07,8.558046389561367e-06,1.891970005160805e-06,3.6761678794630216e-12,1382.6125598511758,0.4854517872847113,20.32718,2.6834825710527563,94.46011170458274,20.32718,2683482.571052756
0.4424887424773129,6.998759306564029e-06,5.836136092541101e-07,4.731477753344231e-06,1.2929053681479374e-06,4.57447193404907e-06,5.385493236294647e-07,4.0190080343211576e-05,4.3208974922131366e-07,4.714504781824142e-05,6.213429967481914e-07,5.20009453787524e-06,7.033775566947952e-07,2.4914711486100195e-12,298.1708178140231,0.5289052022774625,30.43545,7.169815300907483,85.89568635572054,30.43545,7169815.300907482
0.421862497231464,7.864863194764562e-06,9.467259783141701e-07,9.590471275115847e-06,5.85530690944004e-07,4.1770126616078165e-06,6.045015775573991e-07,4.077513183835089e-05,5.161551422938477e-07,2.0027157166088164e-05,1.2200486202189597e-06,3.4918318355820465e-06,1.1405373660010905e-06,2.7069983132052243e-12,1147.6943664645232,0.5492640431624316,36.50319,6.174543110741439,81.73103724063093,36.50319,6174543.110741439
0.4851209833647503,7.523574915713517e-06,7.113300788651526e-07,3.794206679431254e-06,5.072273925146424e-07,1.9623497892474775e-05,5.040912420311169e-07,5.865391720864549e-05,4.865637794872969e-07,6.121279427480159e-05,7.012844427467882e-07,4.4317767723182986e-06,1.1694544108839473e-06,4.168927924019332e-12,1168.2089293164886,0.5238714356361366,29.72066,5.678962665409989,96.10917777239425,29.72066,5678962.665409989
0.33028949999999996,1.027159580344997e-05,5.398312620635643e-07,6.625308137316602e-06,1.0041660415751976e-06,8.287168924392212e-06,8.664579500422232e-07,2.7807603544196723e-05,6.706386631881763e-07,2.9168298456778747e-05,1.15602609100845e-06,6.360162628893859e-06,6.650021382118954e-07,1.9285927696211453e-12,1096.705806233061,0.6717679957985452,35.9614,14.405620221321303,65.71361881743661,35.9614,14405620.221321303
0.3831569999999999,9.28383204642227e-06,5.500424272161418e-07,8.378842158366425e-06,6.123342577797261e-07,1.4236816838276601e-05,1.0595172429629677e-06,2.2855106414013066e-05,3.8237619116884e-07,2.8033927022135048e-05,1.070972251057214e-06,2.474044988542997e-06,6.35095878476918e-07,1.0811297258714365e-12,1175.4453249845183,0.4400514758935105,28.9124,22.565133515939277,69.62415980516396,28.9124,22565133.515939277
0.37892181341518255,8.31450086297215e-06,8.412426509446882e-07,2.449161618038446e-06,7.689750827651742e-07,5.083170825667918e-06,5.731879255121312e-07,4.201295881987321e-05,5.571373561850537e-07,3.3019633383194997e-05,6.935596205228772e-07,2.104097790129436e-06,1.0720309084922356e-06,1.3730549109810937e-12,1150.565301625703,0.7525935374267725,32.3244,9.1458074633927,80.61380933499672,32.3244,9145807.4633927
1006154.7817733478,2.0228020256289535e-05,1.0323582862134882e-06,8.595696098561042e-06,1.2094488866810218e-06,5.720257727102916e-06,1.604576108548423e-06,2.780063910120653e-05,5.653995223526522e-07,5.045960189552597e-05,5.632734610091594e-07,9.056315077377242e-06,9.711514678252821e-07,1.4846367579511954e-12,694.4882972561006,0.4050521447237034,22.60154,3.8452182266522703,90.59408521857497,22.60154,3845218.22665227
1006289.8083148625,2.3738989510406388e-05,1.1368342557861143e-06,3.707005537770576e-06,9.809040245388656e-07,8.69087091553503e-06,5.330511766647707e-07,2.0651828553940185e-05,3.9918787281914807e-07,2.855925470077044e-05,1.351482435206153e-06,7.02435365420859e-06,1.9093044896271243e-06,4.348971831910483e-12,793.7776137022813,0.5734806425614483,25.26441,3.7101916851374406,83.66868413706182,25.26441,3710191.6851374405
1005263.7645191883,8.747743118646702e-06,8.295309435088983e-07,9.909941125070664e-06,1.5041116968875046e-06,1.178346081027974e-05,1.5975928024064938e-06,3.119429076576186e-05,4.1574731148529147e-07,3.7778242854319055e-05,1.0411461852050663e-06,2.2782192858089495e-06,5.824710970405037e-07,3.515215777426555e-12,1179.51731089245,0.6488863118434889,34.71276,4.736235480811642,87.45049934584203,34.71276,4736235.480811642
0.395928075,2.6310571761688787e-05,7.620007829943652e-07,3.373998570554859e-06,8.274461054618715e-07,1.0599658311306151e-05,6.08587324014026e-07,3.46020082084196e-05,4.7170048329743115e-07,6.256714070913304e-05,1.1487617655269428e-06,4.149794024109863e-06,9.979452681010333e-07,1.4628026783993273e-12,779.9914006491751,0.6737421328153643,27.20959,17.588991149203384,72.87622642640726,27.20959,17588991.149203382
1005602.9291700132,6.3683302491813265e-06,1.4245413268788378e-06,5.488558335198691e-06,8.891799814555835e-07,5.021932474424204e-06,9.020717546050202e-07,4.498077826211464e-05,4.957835948462743e-07,2.4098511222194838e-05,8.726348611694657e-07,7.596311128205344e-06,1.799172131122873e-06,2.0322619474823478e-12,484.3862930084937,0.410103763259218,36.12238,4.397070829986853,85.19281356771195,36.12238,4397070.829986853
0.34294596968612207,1.06464263748475e-05,6.666245982763964e-07,2.438798448329117e-06,1.063589333692252e-06,1.5762791596869762e-05,9.697298084097405e-07,2.975209048413658e-05,7.953839356295815e-07,2.5170720777869655e-05,6.069206096335217e-07,6.046379346499855e-06,1.809083068430657e-06,3.4057526836703735e-12,575.2966975225652,0.5523123024744236,34.69009,9.875134212555116,71.52787042549429,34.69009,9875134.212555116
1007178.582553479,5.769597643983082e-06,7.54837885986645e-07,4.39707088458061e-06,8.482294538640223e-07,8.861725191194817e-06,6.641527766208208e-07,2.707243573750439e-05,4.562981906985434e-07,5.133538054250362e-05,5.521900332756764e-07,4.173634064553701e-06,1.4725030017640445e-06,3.0076946607308496e-12,426.3505258714578,0.6683769288726631,23.66441,2.8214174465209974,91.21223991964946,23.66441,2821417.446520997
0.3866796368982079,1.0895857782204875e-05,7.531677763477614e-07,3.158366893247872e-06,1.150236860235391e-06,1.969177738551248e-05,1.3891899996006868e-06,2.6655216333089793e-05,7.523427176474991e-07,2.8756014869982555e-05,5.192230407475096e-07,2.9919104305645263e-06,7.7184734838943e-07,2.3795710481233335e-12,934.9895574431786,0.6372620955422933,31.38239,9.118097524071683,81.34546728612551,31.38239,9118097.524071682
0.38990017499999996,3.265224482580557e-05,1.807436942014615e-06,3.093410403163508e-06,1.0735675443116033e-06,1.4023098736699612e-05,6.890369258241647e-07,2.0800433968334776e-05,5.546422052130314e-07,3.925408246304211e-05,1.1540476413709257e-06,5.608640494072245e-06,8.724407835595178e-07,1.4410378913553912e-12,1295.8210840998986,0.706203133894549,28.01331,10.88463202495044,68.91587590053443,28.01331,10884632.02495044
0.5051549204566679,1.6585924300237607e-05,6.427145181757402e-07,1.3619646998435702e-05,1.473174890457211e-06,1.2479427133567489e-05,1.8610025611179806e-06,2.3411698506826602e-05,6.019789475863495e-07,3.904420704570595e-05,5.416009524007953e-07,3.4007261387231612e-06,6.811801996981879e-07,1.1092345884614524e-12,1380.1956910154904,0.41995183043813816,19.46888,7.953139181733287,89.31444988034734,19.46888,7953139.181733287
1005161.905666712,2.343200473381453e-05,1.2934125271578279e-06,6.422420127777927e-06,5.601604462333762e-07,8.274821080012333e-06,5.973154536849947e-07,2.4858795267065222e-05,5.280755679917937e-07,4.104446757739499e-05,5.143579116949743e-07,4.742517269014335e-06,9.283238292002762e-07,2.5572392898628593e-12,1485.5718570187712,0.560191421663772,23.85037,4.83809433328801,92.93165191905089,23.85037,4838094.33328801
1008098.1117344045,5.587539152168127e-06,1.5743613578431127e-06,3.925392445286651e-06,9.307071386028933e-07,1.0725169706793047e-05,1.4949708071096179e-06,5.480691103849591e-05,6.079301181233413e-07,6.343422853437428e-05,9.687045488603122e-07,3.163284251339139e-06,1.1716980545350242e-06,2.7312061419065816e-12,273.9442900601101,0.4644919691379621,30.43863,1.9018882655955496,89.72077508123051,30.43863,1901888.2655955495
1007776.6796894711,3.041422825129478e-05,5.795122734490441e-07,2.5688963057616424e-06,7.362760597028625e-07,1.5803301747478615e-05,1.4959426538117455e-06,7.86632343961702e-05,4.783438242457605e-07,5.561749363382266e-05,1.0760789196010055e-06,4.727760133666101e-06,5.759481979178879e-07,4.5432995526900345e-12,1458.2707756179354,0.5730674239306732,14.58939,2.223320310528819,101.1113901851629,14.58939,2223320.310528819
0.3854544943887441,1.392375214070802e-05,1.2005413702127365e-06,7.946838286061086e-06,1.885748942355675e-06,1.2471777038726052e-05,8.782871297539247e-07,2.802099078646786e-05,7.95638300106919e-07,2.639441189612913e-05,5.696851719482014e-07,5.222519934784111e-06,1.948197110239478e-06,1.8038018596654307e-12,658.1188290061111,0.7271904384434476,33.29384,8.593668224450235,74.008132467724,33.29384,8593668.224450236
1060000.0,2.3530618669019616e-05,1.4206871980919236e-06,2.4630464684993593e-06,1.1434291531331262e-06,1.0656010153160303e-05,6.763477899325575e-07,7.099472839406757e-05,5.397146191199607e-07,2.2616252844524287e-05,1.6003199841360466e-06,2.809919037450114e-06,1.631151972200333e-06,3.137886997956248e-12,1042.7513298019066,0.7548237818039877,-4.44436,0.0,0.0,-4.44436,0.0
0.4148443184995565,5.5889760666101496e-06,1.043045829645057e-06,1.3501364315119835e-05,1.3153062793072834e-06,4.804219074529726e-06,6.663550438569632e-07,6.261882216958689e-05,5.364811123363082e-07,3.610094220855573e-05,9.913753212125372e-07,2.7089650845581746e-06,1.2892531626190797e-06,1.3183826715548317e-12,705.7227133836179,0.7209902911891628,35.12181,6.869684260017738,79.12944664655892,35.12181,6869684.260017739
1007727.5479150227,2.1040359409723213e-05,8.970021803731412e-07,2.549793000045709e-06,1.5967706780017233e-06,4.5268699856510275e-06,1.1710806754976623e-06,4.151885928856682e-05,4.4581905017609757e-07,2.1041855482327716e-05,1.6197480767493741e-06,3.2964069051681003e-06,1.1519695545339785e-06,1.0948122781654029e-12,819.0881138616949,0.4653368788998622,13.63464,2.272452084977292,97.92883518411867,13.63464,2272452.084977292
0.26486175,1.051006392912137e-05,7.535144436045926e-07,5.655409544412025e-06,7.932329726222923e-07,5.7446497457503005e-06,1.3101111210859857e-06,7.001241321293852e-05,6.930782930041006e-07,2.76799248871055e-05,1.1450446868706598e-06,5.135988444738569e-06,1.4309852719947258e-06,1.2202147653083507e-12,826.3778180315703,0.5113806635117248,44.6851,18.64295438415658,66.32541021280534,44.6851,18642954.38415658
1008696.2954559696,2.2935043314574214e-05,1.1546961623577323e-06,2.728353856565031e-06,1.7673063011165268e-06,1.397321955548042e-05,1.7218414117630703e-06,2.3160763102051667e-05,6.866843696333875e-07,2.2030155743164046e-05,1.1490151099999857e-06,6.578164134274154e-06,7.820552953411128e-07,4.1257435536981345e-12,286.7995270949256,0.6956215883584104,15.25402,1.3037045440303299,91.23597994592195,15.25402,1303704.54403033
0.4875531656234906,3.848682075925224e-05,1.8626546376524996e-06,3.33694270862906e-06,9.910721880918182e-07,7.876017638174692e-06,6.412719888650027e-07,7.311242670864658e-05,6.922882201713516e-07,7.905821703574349e-05,1.331762508279006e-06,3.843113894483384e-06,5.265510491324588e-07,3.0664250568522498e-12,713.7144588176328,0.6285793292469803,31.31059,5.1046963750603735,86.01481621092285,31.31059,5104696.375060374
0.509090842737784,8.605676133841643e-06,7.151986903390105e-07,1.0538851993038216e-05,1.3628773894594164e-06,9.769888241425129e-06,7.773725435850055e-07,2.277785736213559e-05,4.913771946244564e-07,5.864311488686982e-05,1.1536579094223594e-06,2.0281259907175764e-06,1.4576303812990878e-06,2.1316748119639574e-12,719.9256649442863,0.6645910106208277,25.64748,5.94212229048864,84.53414114771407,25.64748,5942122.29048864
1009706.053538289,1.009068923683437e-05,1.8867016781289445e-06,2.194858859448098e-06,1.1284062529526972e-06,1.2256820354419214e-05,7.640334424109958e-07,6.792104089614532e-05,5.717349027008113e-07,3.809569058071912e-05,1.1968774997058043e-06,8.71674633535814e-06,5.227600865784708e-07,4.882870620511645e-12,994.6626423817662,0.7464974617238105,14.20392,0.29394646171100897,100.37922116469865,14.20392,293946.461711009
0.31008212265736734,2.155249087157929e-05,9.472417073608277e-07,7.204663948305622e-06,1.7219826761497097e-06,6.788236122247259e-06,1.8549960297890194e-06,7.217296706118136e-05,5.028586334845648e-07,4.045854815089412e-05,5.483181425552451e-07,2.7871134081863183e-06,1.8999773255210043e-06,2.132275886873497e-12,1414.5972077357026,0.5811285049581016,40.03853,9.585156093705306,88.13286889459891,40.03853,9585156.093705306
0.41795534999999995,1.3515896022575069e-05,6.038118071875157e-07,5.248417826673929e-06,6.843118442858891e-07,6.417582023373075e-06,5.078274652892773e-07,7.159025763095944e-05,4.595059390781502e-07,4.927693374135067e-05,1.2249124540966858e-06,6.527632162950056e-06,1.8534238677597017e-06,1.1634385588099876e-12,1001.748187711639,0.7518236183879157,24.27262,11.267423552316087,84.49818394814967,24.27262,11267423.552316086
0.439864425,2.8648462000301484e-05,6.873268629805833e-07,1.0216106410986334e-05,8.849018768318782e-07,1.736897399467989e-05,6.460219073023976e-07,2.7690228481492245e-05,4.620968190042984e-07,6.981682888761744e-05,5.697058415600567e-07,4.80246367073687e-06,1.2291210688649227e-06,1.6469613888691284e-12,548.992119868507,0.5186123542808868,21.35141,16.072279389586733,86.51923018450297,21.35141,16072279.389586734
0.5780181362772359,3.7739413850395663e-05,1.6762418468145851e-06,3.4510706103898234e-06,1.2647078215542283e-06,1.1724087326566329e-05,6.218695297509016e-07,2.9465386260737357e-05,6.865680603924621e-07,5.6878184579143074e-05,5.05101676674307e-07,5.260864662682202e-06,9.191909487741671e-07,1.7593997742838304e-12,1362.7792672766288,0.43634453451041977,11.44543,7.445645548910564,103.3071636292319,11.44543,7445645.548910564
1005442.7798613977,2.006836356975775e-05,1.0206637702481789e-06,7.520886354718838e-06,1.944972086475893e-06,7.819894110249158e-06,7.309926826918911e-07,4.676331482281671e-05,5.70213604200504e-07,2.307131609764384e-05,9.93082576540214e-07,2.725936136588027e-06,1.055775729177956e-06,3.118523444910951e-12,1366.4313320091107,0.5869832397667509,27.46625,4.557220138602298,87.07769945358623,27.46625,4557220.138602298
0.34749217743885763,9.724911170388715e-06,1.5818754898601482e-06,2.6211625781384035e-06,1.5994117700301368e-06,1.9684435748487264e-05,1.2912375119826519e-06,4.7475341451793416e-05,5.403417374216224e-07,6.27364424687688e-05,8.53277554601943e-07,2.260564607424768e-06,1.7454944544817085e-06,3.5085508400894317e-12,235.309773951065,0.47985360121222154,47.6428,5.807472902445695,82.68753895455183,47.6428,5807472.902445694
1008206.3239005832,1.1095637519556609e-05,1.175281049984862e-06,2.8815414527256754e-06,1.1140503235957784e-06,1.968311445509144e-05,5.250276438956576e-07,7.535067625060447e-05,4.366939657099689e-07,3.3974730547641035e-05,8.486310375791396e-07,5.111985728627301e-06,1.8315726041473612e-06,1.9767987032878663e-12,425.24978002889486,0.46715238264157594,12.54837,1.7936760994168472,101.76680508218425,12.54837,1793676.0994168473
1007212.0220029029,1.0287713129719737e-05,6.894059305379078e-07,4.333227067838539e-06,1.0998923086902485e-06,4.644831383486773e-06,5.474693096196255e-07,6.256866289187014e-05,6.72421139210646e-07,2.609456163627592e-05,1.2777579644152349e-06,7.677351172537133e-06,1.5011821872902994e-06,3.5285982219651183e-12,597.2068769101911,0.5121770759037286,22.56328,2.7879779970970513,89.6004722374017,22.56328,2787977.9970970512
1002932.577918624,1.856748360013975e-05,6.145458557794646e-07,2.0088877061038967e-06,9.008006114078229e-07,5.3241374160578885e-06,1.4038216704954703e-06,2.908585693274093e-05,4.1941919773273086e-07,6.113111349619846e-05,1.2737583835448011e-06,4.760292135085482e-06,6.87839716239752e-07,1.4670527002984198e-12,471.29303674721535,0.5483708056882847,57.27963,25.4539072910901,57.067422081375916,57.27963,25453907.2910901
0.398631525,3.523996645299928e-05,1.3900678197057246e-06,4.311676553234985e-06,1.747218140372557e-06,6.023920472602284e-06,5.265217326281847e-07,3.6535918757050936e-05,6.864930156310044e-07,6.164016674286485e-05,6.379236797058927e-07,2.9863175783323064e-06,1.0897823234423558e-06,1.854419967467161e-12,1006.2888154993119,0.453420312865034,26.84913,11.35696796265048,85.93480741775869,26.84913,11356967.96265048
0.4098681513420671,9.92616475113758e-06,5.146441430492542e-07,3.438836044426083e-06,8.010985500350857e-07,1.5282937489025033e-05,1.1136033584813562e-06,3.2373026416847764e-05,7.836130811002225e-07,6.521164046006353e-05,1.2034724790757118e-06,9.020460757219139e-06,1.5304132918301457e-06,4.9098586091551694e-12,991.4121870217712,0.7516551762387261,35.65517,6.908722946317317,84.40793936018892,35.65517,6908722.946317317
0.30945895357842884,3.39518396759136e-05,1.6099947674301687e-06,1.1442165752641288e-05,7.058714355811038e-07,7.95177837898484e-06,1.7515283112982936e-06,6.714355952236376e-05,5.042307000037752e-07,3.145999240043584e-05,7.821037305573135e-07,2.3346365348011964e-06,1.6514967973848224e-06,1.9185950467295564e-12,258.2420441225062,0.5831627283233428,38.79536,9.983033856862846,76.39680182887528,38.79536,9983033.856862847
1060000.0,2.653144560869863e-05,1.032446739749218e-06,2.0183394876762313e-06,1.4379806270067402e-06,1.4452955804768276e-05,8.013175135335704e-07,2.416214403826031e-05,5.40379652816219e-07,3.7598068299044475e-05,1.8265521268996894e-06,9.7764916890817e-06,1.3939161498691322e-06,2.671379542966135e-12,722.5546998310879,0.5509165272603774,-41.9552,0.0,0.0,-41.9552,0.0
0.29783055,3.70279438854523e-05,9.071411581368952e-07,6.5535796120172096e-06,1.1668192293550243e-06,6.060994712503692e-06,5.114986120173317e-07,5.2838607078898685e-05,5.187811158335812e-07,6.528289683812558e-05,1.218372721676848e-06,8.140657073083314e-06,1.6621766782017199e-06,2.0082369982461616e-12,266.93733193356235,0.7385117329980798,40.28926,20.553576513168363,60.9357928970755,40.28926,20553576.51316836
0.18948539999999997,1.8196694948412828e-05,1.7609696094860865e-06,2.3535819415896893e-06,1.9009860097227106e-06,5.652799931877821e-06,1.0332568586688976e-06,6.0303237582672016e-05,7.693590427179362e-07,7.283764827830053e-05,9.304894929900637e-07,3.4386566689872564e-06,9.732409351831844e-07,1.7806491677272651e-12,761.7756534089468,0.5303169488908396,54.73528,13.847826993575623,70.89759974224312,54.73528,13847826.993575623
0.3042891,1.9424234088102312e-05,5.559962929607213e-07,8.6706070478222e-06,8.979798597335167e-07,4.130868310678639e-06,5.711113032042485e-07,3.95256604957208e-05,4.547248103638137e-07,4.364904971895654e-05,1.3626442971751547e-06,2.675070700412834e-06,7.413224952209213e-07,1.3964561735072816e-12,1455.2162600928439,0.6442785051095243,39.42812,26.254279121883247,68.86151982015161,39.42812,26254279.121883247
0.46185018370747716,1.8907829163233062e-05,9.137520638785505e-07,5.669493010897671e-06,5.130932991808735e-07,1.9254743260678447e-05,1.8058816740174914e-06,3.134880114732175e-05,7.441271389518545e-07,4.895397545134968e-05,1.4774196552421128e-06,3.8599275811633275e-06,1.3331314085705677e-06,3.571714641622193e-12,498.1239917115443,0.5372622737612327,30.00251,6.525239651700911,80.53041085058524,30.00251,6525239.651700911
1009321.1314128701,5.496874436607866e-06,1.5687854077926698e-06,9.052991547067259e-06,7.212578455522104e-07,5.326477285041098e-06,1.0882274702234737e-06,2.2102383947392732e-05,6.992541691018198e-07,4.2108713141633105e-05,6.309673549285631e-07,3.4078627634442694e-06,9.274910155393923e-07,1.6223861179060067e-12,243.28028036527172,0.4520212272716713,13.5549,0.6788685871298232,100.67663696171724,13.5549,678868.5871298233
1007670.31231057,5.6139615715326545e-06,1.6522232994224576e-06,1.1296387931387222e-05,1.055432695230125e-06,1.625802793736776e-05,1.9972070577530913e-06,3.619185723513064e-05,4.1314162228899675e-07,3.370083053184886e-05,1.5821023310090444e-06,4.575241053154358e-06,1.4939905605202058e-06,2.7528430322660094e-12,1188.768491764657,0.49974726294667066,32.86464,2.329687689429983,87.51519377799417,32.86464,2329687.689429983
0.375046275,1.9191601383596408e-05,1.1064516976186855e-06,9.225178801152495e-06,8.792880662025853e-07,9.83977797406903e-06,5.37203771867382e-07,3.412254430347032e-05,4.6595213906093337e-07,3.252587613525311e-05,5.133058716235549e-07,7.728475627706341e-06,5.152952978814066e-07,1.1364350382853382e-12,1193.365354714489,0.5757099793829664,29.99383,18.00789502082636,80.0130675761286,29.99383,18007895.020826362
1006330.0248188012,1.663609472215785e-05,1.1504229461263903e-06,2.3691192067872205e-06,1.5294628010774603e-06,1.1359455633046548e-05,5.010642730285161e-07,3.006097395124481e-05,7.508896238290294e-07,6.585572072192296e-05,6.133827426389535e-07,8.088993335291291e-06,1.3344322690825043e-06,2.0955260531687276e-12,881.4351207678183,0.7035946740950589,5.995156,3.669975181198792,116.3281349895964,5.995156,3669975.181198792
0.156650925,5.533706236418763e-06,6.747709529954286e-07,3.869496675738226e-06,6.127463869975035e-07,1.8316159422018063e-05,1.4090432018153676e-06,2.6968287219825665e-05,4.5892462191900456e-07,2.9536887853792165e-05,1.195601034981936e-06,3.0302577414818537e-06,1.0120917457093209e-06,2.6170311710355286e-12,1171.3709582416295,0.6874923296111977,59.11321,10.623790174337234,73.70648095611712,59.11321,10623790.174337234
0.46809509202152616,8.110638805779221e-06,1.052947805447893e-06,7.781321948279626e-06,6.16032524142803e-07,5.721055928143389e-06,9.198616844087219e-07,3.588442646084563e-05,5.267967318268014e-07,6.428242554391934e-05,1.746362088236732e-06,4.116359461021072e-06,6.781525232793761e-07,1.2209406754065011e-12,780.4507821194014,0.5119761731218904,27.9593,6.888406319138952,83.69682787646909,27.9593,6888406.3191389525
1007806.0764013296,1.0511613514319984e-05,9.4809375218581e-07,4.73764923023123e-06,1.2749176738088194e-06,1.6760139526484705e-05,8.563356867463938e-07,7.394240213282158e-05,5.13390959386681e-07,3.087252412877608e-05,5.293450337025917e-07,5.374951658669181e-06,1.7641576928170618e-06,4.35952137368277e-12,987.0895723618597,0.7254869297024547,23.66132,2.193923598670426,92.92084815792427,23.66132,2193923.598670426
1006121.3013667727,8.67477558633963e-06,9.941879546740534e-07,9.501402597782326e-06,8.401201424546852e-07,6.203113074365128e-06,7.44172327063185e-07,2.787272420748711e-05,4.52092188213382e-07,4.013527583597692e-05,7.947453497795975e-07,5.147876926967055e-06,1.6209991044816934e-06,2.050350369890208e-12,797.6045394195238,0.5014999654238749,24.47522,3.878698633227277,89.30640002385078,24.47522,3878698.6332272766
0.41043652499999994,2.7846224648048083e-05,5.194269358933075e-07,9.123445627039791e-06,6.973970998007491e-07,7.484527694774122e-06,8.948905447807164e-07,3.865458622578085e-05,3.6726528759205235e-07,6.70036016555911e-05,5.158611760644898e-07,8.067535682775846e-06,8.965779086853918e-07,1.7697776567725502e-12,600.5629954919566,0.578060863467253,25.27513,13.309544497383111,87.93440723565129,25.27513,13309544.497383112
1007310.6654038692,7.574191209954218e-06,5.650826345442681e-07,3.788813427186841e-06,9.608406545520106e-07,5.587712717347382e-06,1.4680605270161942e-06,2.1716475078927458e-05,5.758887291584134e-07,5.969179794631586e-05,1.2198463628530219e-06,2.1554601443956413e-06,1.6269970189645082e-06,3.282250748140806e-12,1235.2013769131418,0.5490402620983958,25.03062,2.6893345961307964,91.36192419107276,25.03062,2689334.5961307962
0.40642713677444753,1.050593838633704e-05,1.0086888913694423e-06,3.2579316484413497e-06,7.479477904515632e-07,6.111710706135199e-06,7.014111764403875e-07,7.815736921415033e-05,6.821855029344692e-07,4.95672857268777e-05,8.983396187436897e-07,2.9715146677202175e-06,1.8760030854340692e-06,4.35221628697793e-12,1324.394947885604,0.45205347222532805,40.58982,5.565968529022099,94.64886954918249,40.58982,5565968.5290220985
1009542.3934641357,1.1767872336902415e-05,1.955729260310451e-06,7.135990570110365e-06,1.7787246844500004e-06,1.1779953349762801e-05,5.094305996329852e-07,7.547274841249205e-05,4.431456117693785e-07,2.0817636892876156e-05,1.998724328830565e-06,6.547489161680845e-06,5.510591769440838e-07,3.2671638888610144e-12,1259.4125762579172,0.6339657246756554,13.74852,0.45760653586432565,100.59467096923386,13.74852,457606.53586432565
0.11438857500000003,2.3956098532576184e-05,8.255034963933896e-07,4.675134843400764e-06,5.57610192760564e-07,1.2132611469880265e-05,1.14528622293518e-06,4.393568709196233e-05,6.477371080615597e-07,6.35149470350471e-05,1.982384583980681e-06,2.2997211378312007e-06,5.757860071628246e-07,4.166761997589724e-12,853.0971480872284,0.6995503066827703,64.74819,14.406337138632749,71.10680329614223,64.74819,14406337.138632748
0.30141509999999994,1.2688011917801979e-05,1.8128983535036245e-06,4.493901037661378e-06,5.559401823715557e-07,1.2954608379913186e-05,9.597746858335675e-07,3.605252842397065e-05,3.877546367483667e-07,4.8759130789387016e-05,1.2275821361108755e-06,4.552906738190233e-06,1.2638797034155246e-06,1.570998652917597e-12,800.0257548168372,0.6334201497185491,39.81132,10.666966598779757,79.87134755319329,39.81132,10666966.598779757
0.39517027499999996,1.1484482560640351e-05,1.2326788775133649e-06,9.667287584807345e-06,8.507456742475001e-07,1.663239116829715e-05,1.3345372596397858e-06,2.044354557610874e-05,4.848496108508445e-07,2.4054961071413045e-05,8.755321939797575e-07,9.651353997801119e-06,1.1268799253948718e-06,1.0273675085656112e-12,1034.4750270580607,0.42711976252861733,27.31063,10.29740654152833,77.01677757950911,27.31063,10297406.541528331
1008031.1619000963,2.226823475209584e-05,1.3220413252460587e-06,8.058809118146272e-06,5.025077635424383e-07,5.348235915342586e-06,1.3275289928067516e-06,3.979974505539953e-05,7.434958113442357e-07,6.54653181557379e-05,7.743681280886674e-07,7.707079002811884e-06,1.2841539868867358e-06,2.726197902663503e-12,749.0303376850168,0.7658503090011062,25.00677,1.9688380999037158,90.25658967243848,25.00677,1968838.0999037158
0.5376007549366576,5.748494215724513e-06,5.394608980722197e-07,2.2901437316699415e-06,1.6833570289292498e-06,9.415989972734731e-06,8.421755344068524e-07,3.0666297349647984e-05,4.6020303290790475e-07,6.658650045534916e-05,6.719510560109673e-07,5.175687411319795e-06,5.66668674098251e-07,2.0757768847354445e-12,1162.8443922880704,0.5358336781491626,18.64858,6.901395802533696,94.47280117252058,18.64858,6901395.802533696
1005560.1259197484,8.606213075983673e-06,7.570521352006125e-07,3.678649373621739e-06,5.972490458252484e-07,5.413157892578718e-06,1.157823436608296e-06,2.9568313790184695e-05,3.648289959333984e-07,6.9373412430999e-05,1.6789073669743413e-06,2.614549906640438e-06,1.3603841110011403e-06,3.5266077241211585e-12,825.1060861250878,0.4902641291567764,33.04837,4.439874080251505,89.2692321455507,33.04837,4439874.080251505
1005782.6906091179,1.051206684140154e-05,5.602619602083571e-07,1.2658746324098326e-05,1.2869153833548614e-06,1.347814433671732e-05,8.781714346042205e-07,3.074150069904949e-05,7.194315401088408e-07,3.9828500198225185e-05,7.604328030818657e-07,2.7763293232380067e-06,1.9168653960491636e-06,4.386569810948822e-12,299.26132453327835,0.6697264021274403,24.43927,4.217309390882132,84.35612910083654,24.43927,4217309.390882133
0.35270864383305106,5.09088378818312e-06,8.182893586658471e-07,4.248199881083237e-06,7.245069783081301e-07,1.8296181203720115e-05,8.930520810625536e-07,3.109234479082134e-05,6.899782239984839e-07,3.245686302413278e-05,1.8683082827365334e-06,9.016370717282162e-06,1.4657513640882326e-06,1.7984580683703407e-12,418.1237951062351,0.44757095125007434,35.64771,9.19734124667796,72.01769708771647,35.64771,9197341.24667796
1009106.1401662283,1.570399948752732e-05,7.877101140148962e-07,1.170321065977747e-05,1.5299264765972678e-06,4.390565512682337e-06,1.1131690520137988e-06,3.046551480252485e-05,7.305047460553168e-07,6.009755469715338e-05,5.555360575602851e-07,2.632815688822514e-06,1.9943494522133527e-06,4.835436722593685e-12,629.3797021307626,0.7230604276622213,20.85724,0.8938598337717187,93.1637335111127,20.85724,893859.8337717188
1005195.0914758646,2.8649493604184368e-05,1.926527220956376e-06,2.499272408570213e-06,9.46996556374935e-07,1.3545911556860022e-05,6.397716835722098e-07,4.216581597479502e-05,7.64077195172481e-07,2.288181926905904e-05,6.786212430088071e-07,4.7122352546906475e-06,1.8779879644523715e-06,1.1590320619316766e-12,1358.987185593097,0.706171748164452,17.7434,4.8049085241353575,88.95156666794426,17.7434,4804908.524135358
1008962.6078460895,2.2926542052751707e-05,1.9800063570828358e-06,1.3852925835790678e-05,5.471701034530611e-07,6.060866247335862e-06,8.528470685540706e-07,2.8643969252333718e-05,6.313851275310206e-07,7.803163889221211e-05,6.355593616517284e-07,8.717608437531389e-06,5.765799950602118e-07,2.661704292492434e-12,680.9680584557598,0.5853241137998189,15.38644,1.037392153910496,98.11689948152434,15.38644,1037392.153910496
0.49583061479543156,2.8749807356857213e-05,1.9401252976187966e-06,1.1020456878211849e-05,1.6030650575726823e-06,1.3066410364542225e-05,5.756284091914239e-07,2.1834786678907158e-05,4.627332255467968e-07,3.848680209565633e-05,6.535565193911002e-07,2.3142545936324058e-06,5.642130966143061e-07,3.2052721944883908e-12,314.5573947998463,0.49978343273355796,30.13648,5.125831408182737,83.35069273333418,30.13648,5125831.408182737
0.3828862210532045,9.979368649233079e-06,1.2160703085457052e-06,4.1513562972873245e-06,1.6221978281190383e-06,1.852115604577297e-05,7.799510832301374e-07,2.111082398886112e-05,3.773318357872724e-07,3.062317078713203e-05,5.071644322574072e-07,4.066694711178478e-06,5.648351575508401e-07,3.1463965198514635e-12,1361.8143347031505,0.6466555625194801,39.39387,6.866390157871817,87.63537048293082,39.39387,6866390.157871817
1018852.0274281871,3.1689351331649016e-05,8.793651068108398e-07,6.890330648161812e-06,7.611002192990785e-07,1.3769133898672057e-05,7.789125928529908e-07,3.515072539126756e-05,7.037192902604962e-07,3.640957304049569e-05,1.4128660939762457e-06,3.269747019630203e-06,1.9668768813676645e-06,1.63001048839731e-12,1218.011091097223,0.6967929898910328,51.67774,30.50934724777288,41.14797257181292,51.67774,30509347.24777288
0.331113675,7.326957686591186e-06,1.1344746648060496e-06,2.6590582019212516e-06,1.8372132901308428e-06,1.5905871679630045e-05,1.1454402836907678e-06,3.2098066640923096e-05,3.761857192533115e-07,3.060085698126923e-05,5.602210804249616e-07,5.408538007012392e-06,1.3826970943782571e-06,1.1802637923913664e-12,745.1563146949459,0.4418566194704713,35.85151,12.925331835486153,75.55958735941438,35.85151,12925331.835486153
0.31730175,2.1203815278385607e-05,8.496205322574325e-07,7.272708630770399e-06,1.301381041009953e-06,4.647959349644921e-06,5.425194846753601e-07,5.686381112478496e-05,7.041644787686878e-07,5.295034628431761e-05,1.0373283240090464e-06,2.475049734380839e-06,1.2555396611836624e-06,1.2406815255873085e-12,1162.0694410841706,0.5617991374002315,37.6931,23.14611177107533,70.86061590206337,37.6931,23146111.77107533
1007718.8136311439,6.709076353504537e-06,1.567487214278572e-06,1.289763215771568e-05,6.172342080560064e-07,4.576957033007491e-06,1.5380521561506444e-06,3.275418595708015e-05,5.991914508270869e-07,2.5332657607749305e-05,1.478698446857061e-06,7.675911473035662e-06,1.099586806329044e-06,1.8476856001898404e-12,389.8137803347415,0.6116312539385341,28.58153,2.2811863688561296,83.37790142626972,28.58153,2281186.3688561297
0.17612752499999998,1.8586840838888552e-05,9.952553967003379e-07,1.0017424290893671e-05,1.3349936094047612e-06,1.3283746739416585e-05,5.077692240738555e-07,4.399702971180794e-05,4.023081030452861e-07,6.059950197329201e-05,1.203056844457293e-06,9.035510552399661e-06,1.2033879739805466e-06,2.2084450075519287e-12,1188.08237591736,0.6205072868683853,56.51633,27.09899055702196,74.33003281062456,56.51633,27098990.55702196
1006124.9903960091,1.2902004180465e-05,1.325850748312947e-06,2.749177213945839e-06,5.215983014568619e-07,1.8757942573096377e-05,1.2500764569830472e-06,7.089765921106136e-05,4.4566617472018604e-07,3.202504568507515e-05,9.908176994457562e-07,2.4607632383785565e-06,1.5263892721178152e-06,2.448936799419938e-12,1421.058290889305,0.45789922061580485,25.18895,3.8750096039909763,92.8187250194229,25.18895,3875009.6039909762
0.34521590209782116,1.034507760486119e-05,7.528754722214417e-07,2.910880930926458e-06,1.351383185953796e-06,4.298343222184579e-06,1.2779069866657e-06,4.065518335766931e-05,7.538001279160767e-07,4.873771774270228e-05,1.3314461549837087e-06,2.5355492575111056e-06,1.2003910186975177e-06,2.2944279333312015e-12,220.71627786619737,0.5520413370249206,40.72022,7.975297916087155,76.4719156391777,40.72022,7975297.916087155
0.39478205633422797,9.101071924557791e-06,5.202798835328575e-07,9.850573717577817e-06,1.583928334910422e-06,6.0994849447349165e-06,8.93177039089124e-07,3.2880320058238196e-05,4.57604107242808e-07,3.875042619093021e-05,9.345283727693377e-07,7.3021668951166144e-06,1.3060228157747458e-06,2.6562309363238708e-12,643.3850001853366,0.6872068422423954,33.48573,8.162998746630882,79.99714929816157,33.48573,8162998.746630881
1007594.1810685468,5.2481517483082834e-06,1.671622779924577e-06,7.1831122395780135e-06,1.9239945495635384e-06,1.0246005686398324e-05,7.905694074225238e-07,3.4444774722302035e-05,6.23485910742341e-07,2.6545649290599758e-05,5.694088080130448e-07,3.740068287088874e-06,1.1925171172168878e-06,1.7690020910372033e-12,1246.8368811525283,0.4882230326975087,29.20503,2.405818931453139,88.61781154859052,29.20503,2405818.931453139
0.44526725067071926,1.5983595779644687e-05,1.0436849311726811e-06,1.2941647892702179e-05,9.237632255147855e-07,1.6489403568627136e-05,8.095485182666752e-07,5.2579991899341376e-05,7.453114182106813e-07,4.6805719980392135e-05,1.5791802440576607e-06,2.2532113406442523e-06,8.577954992434082e-07,4.680576688889289e-12,741.6976060070143,0.4511907782705101,33.34524,6.1857379731712285,85.11088931289693,33.34524,6185737.973171229
0.4317052666593453,3.440062791561669e-05,1.6095883683935277e-06,2.094993815669979e-06,5.650178927179052e-07,4.681016961654811e-06,1.369673472550604e-06,2.615450270467236e-05,4.884739469512292e-07,7.181124745352971e-05,9.753478952111676e-07,5.1618858824595636e-06,1.2577265505398814e-06,2.053955031901409e-12,1346.8692153955544,0.7014661359113987,36.3499,5.8268193336261875,86.95879172627413,36.3499,5826819.333626187
1008521.4811891962,1.7977545340824518e-05,6.72981199982221e-07,2.068344139366802e-06,7.892432649623694e-07,1.3590231634050455e-05,1.3760687610213233e-06,6.559908910412335e-05,5.457553379603169e-07,6.043054049727491e-05,1.4445230910655823e-06,6.474035994936963e-06,1.0869148911247608e-06,4.618890195061854e-12,940.399157083055,0.5232158841890628,11.41453,1.4785188108037424,104.09900248747736,11.41453,1478518.8108037424
0.294269475,1.7021568641526968e-05,1.421063686596321e-06,3.3745001312775348e-06,1.5344888504502275e-06,1.2973611258363683e-05,1.8843492074864987e-06,2.7639219481010803e-05,5.117552487300567e-07,4.351728351682228e-05,1.130568114035241e-06,8.279694065300262e-06,1.885079720120355e-06,1.9309297207947793e-12,479.56872158859767,0.42251818126461943,40.76407,11.19189216274482,74.86316532489356,40.76407,11191892.16274482
1008008.6344267352,1.616863954653176e-05,1.3730895346345746e-06,2.578519829809547e-06,1.3758349790115268e-06,8.850113524888461e-06,1.532255397173917e-06,2.851448567196237e-05,5.411889510248567e-07,4.095772931918221e-05,1.5469054177388427e-06,4.683707757778392e-06,1.4544215068333846e-06,3.8321231348897365e-12,631.247270807603,0.6755066235686229,28.72047,1.9913655732648325,86.38726047709774,28.72047,1991365.5732648326
0.28195264521742824,6.819553390647149e-06,1.7193196713741902e-06,4.194377151104077e-06,1.2544592579179408e-06,1.1616549144251724e-05,1.254488634815149e-06,6.705176053827306e-05,4.0868602724540887e-07,7.024845179490002e-05,1.3507945746529394e-06,8.52807479695704e-06,1.4342267348814671e-06,1.1951819769717553e-12,483.8339261750961,0.49818773678993167,44.66062,9.323708191302872,81.19714096045854,44.66062,9323708.191302871
0.30116677499999994,7.732494091711938e-06,9.16101392772853e-07,5.588179191076643e-06,8.042389431205517e-07,9.465275148323413e-06,7.557872602411293e-07,7.383185754925278e-05,5.044142824060517e-07,7.02888490899448e-05,1.21274582323638e-06,4.489312332931472e-06,1.1660451795010175e-06,1.9012768788864673e-12,621.1321021782101,0.6206656253898468,39.84443,10.98556477380279,83.2011384883938,39.84443,10985564.77380279
1006918.8475845335,1.3555609684524263e-05,7.257787116494584e-07,3.5211361117552873e-06,7.850778209554547e-07,1.0089204688641748e-05,7.95231000822579e-07,2.232559817715858e-05,4.789048962955376e-07,2.6414538711143248e-05,1.8343342646326391e-06,3.360175816591311e-06,8.062090302113523e-07,3.550530254425012e-12,628.6789400846537,0.651403293486359,20.79979,3.081152415466551,83.7548093427704,20.79979,3081152.4154665507
1008319.9397348767,3.413607829199816e-05,1.3195449001593195e-06,5.352251944185355e-06,1.0532866303080374e-06,8.350966080598076e-06,7.334996606851605e-07,7.641924293575069e-05,3.7898778730869173e-07,4.830682465406639e-05,1.9204773561417845e-06,3.7211129329631914e-06,1.7107692302289392e-06,4.456817622261444e-12,757.105063474861,0.5292922161835818,19.6112,1.6800602651232361,94.03423358514101,19.6112,1680060.2651232362
0.3934160873784816,6.4211384431454856e-06,1.4106731878082828e-06,2.5358670104695164e-06,1.1762477743614372e-06,8.844352068720178e-06,7.141721464534576e-07,2.7283703526257266e-05,5.873917032562894e-07,3.2742975283376214e-05,7.773235333123864e-07,6.8784671426285085e-06,1.471512155310345e-06,2.0166582141450027e-12,1352.7367587765311,0.6445509356358724,40.91524,5.988784504860736,83.41499604211283,40.91524,5988784.504860736
1007837.4687064453,1.2498882750336524e-05,1.1468713105696948e-06,3.2279703870783494e-06,1.3615513610131435e-06,1.740121382647856e-05,5.357533051908684e-07,7.52049026944576e-05,4.764440128801665e-07,4.0240092620056895e-05,6.449999412336341e-07,7.668652241014423e-06,8.657396638712055e-07,1.361358352827634e-12,248.93089392498075,0.7034403733504062,11.05064,2.1625312935546854,103.70491297041136,11.05064,2162531.2935546855
1005788.0195960492,9.874934282812411e-06,9.664720839440288e-07,7.25200160032428e-06,6.351212312933835e-07,6.285185332726829e-06,5.956370495303054e-07,2.9516643911072696e-05,5.547159418021723e-07,5.618617138429378e-05,7.634572621093471e-07,5.8119283689822065e-06,6.305951482581355e-07,1.8480182912302185e-12,919.2863789459008,0.6270902473581718,22.66529,4.211980403950765,90.76846983299427,22.66529,4211980.403950765
0.30625432500000005,1.4739627286926486e-05,7.110779057045457e-07,7.483652158394713e-06,5.35377871209355e-07,4.570287917224976e-06,1.2037507880956224e-06,4.034253003631289e-05,3.697853723013276e-07,2.0226032124738927e-05,6.634053485524498e-07,8.65137717490211e-06,1.0770592016838912e-06,1.1228415596761972e-12,1310.6319228838165,0.7481868005370306,39.16609,15.895071510913983,70.91506461698033,39.16609,15895071.510913983
0.37714935,1.2447885736271357e-05,6.99318530594321e-07,9.915602971942015e-06,1.038115613943422e-06,7.617620476838144e-06,1.4080920398685403e-06,2.311218644100414e-05,4.7452972409649813e-07,2.8727438920181082e-05,8.91099069404128e-07,2.0514196522705547e-06,7.022695568571977e-07,1.2817693302097314e-12,710.836218693657,0.6460217025593845,29.71342,10.408487662939004,73.21735610100221,29.71342,10408487.662939005
0.4681310924741355,1.2416471979732145e-05,1.6376012684703971e-06,1.3063443398487243e-05,1.568505748442439e-06,7.650246301612787e-06,1.320450563416398e-06,3.976626919568448e-05,3.7408930035417596e-07,3.172270721656564e-05,6.654583503094893e-07,8.865479640671506e-06,1.6302938780352869e-06,1.6178225788258708e-12,945.4012563962971,0.4428342121818685,32.61166,5.491258301034581,85.0667359078846,32.61166,5491258.301034581
1007267.8054937324,2.103252170686319e-05,1.3390359511196899e-06,1.0458405863418812e-05,8.111543283421695e-07,8.179287094921364e-06,1.1917443198611529e-06,5.153672056859965e-05,6.835647153668328e-07,3.314661442220302e-05,5.303980908648347e-07,9.700633031448169e-06,1.6922677639255268e-06,4.607850453372244e-12,1460.8049692010657,0.6890619453372564,31.14625,2.7321945062675246,91.75162403360461,31.14625,2732194.506267525
0.3832878,2.9269020905777e-05,1.2294524466819864e-06,7.505585599580112e-06,1.082348880834457e-06,1.5988216804231123e-05,1.2720498734263287e-06,3.75282620979365e-05,7.238615353494452e-07,4.2812885781683844e-05,5.659245488794586e-07,2.5820635665243363e-06,6.438453061981478e-07,1.5191739756340002e-12,1425.1109509880982,0.5483122032811194,28.89496,11.713331524361095,85.76124688337919,28.89496,11713331.524361094
0.4867020562327982,1.3501105432848443e-05,1.0167725574750468e-06,3.577236203705226e-06,8.650455471181925e-07,8.197256577322202e-06,1.163943167474718e-06,6.339596661724505e-05,6.991150057145694e-07,6.321522249433655e-05,5.603391329344134e-07,7.03264844171503e-06,1.0906234568466676e-06,2.5007829131289257e-12,330.07138214480005,0.6019489737292352,31.06182,5.213371750688072,87.96083780218883,31.06182,5213371.750688072
1009250.5921389759,1.2907901610066764e-05,8.404818639915772e-07,2.29609928412336e-06,1.105863443564612e-06,1.2104477128393235e-05,7.567405526230996e-07,6.008191890052066e-05,5.831327793058162e-07,2.5147634838140395e-05,6.652725098964545e-07,2.350411235938072e-06,1.7842350999592004e-06,2.7120659691046202e-12,431.19592052711175,0.703734185317051,3.657111,0.7494078610241585,129.18335773743138,3.657111,749407.8610241584
0.36132224999999996,2.428157267480564e-05,1.0243427281014386e-06,7.3223526766946e-06,1.2534697470582384e-06,8.603555452932188e-06,9.201554991910765e-07,3.65215029468473e-05,4.87322623731004e-07,3.1133733033849835e-05,1.7360167860507308e-06,4.340305556618835e-06,8.254710328685901e-07,1.62848058250384e-12,996.5841765874711,0.659456869345282,31.8237,11.354225678912234,71.17804939821728,31.8237,11354225.678912234
1008412.3967935028,2.1811508191498592e-05,1.2119196754961238e-06,3.704474790615747e-06,1.9561012152180026e-06,8.015888946345734e-06,9.602628300376851e-07,3.9593356802121904e-05,4.7089290349860827e-07,3.533393574102335e-05,1.0922889824321098e-06,9.237944160151339e-06,1.367791160114483e-06,3.803583311181245e-12,545.3209340422321,0.6449966128426664,20.50401,1.5876032064970953,91.42355228129264,20.50401,1587603.2064970953
0.3008104701383231,3.2328003880276586e-05,9.819719850940554e-07,1.3470100465479763e-05,1.3084576098375594e-06,6.466559776227949e-06,5.844318069033914e-07,2.6777441347776167e-05,5.78368885210489e-07,3.8191257203798476e-05,1.9837341495673633e-06,5.82289826718115e-06,5.821971445309687e-07,4.6115233138473124e-12,1036.4837037618418,0.5849374635662262,40.2806,9.883401194467073,73.57700633657873,40.2806,9883401.194467073
0.40883549407157604,2.9822986814550813e-05,1.4469343893355438e-06,6.899363210651909e-06,7.197966427245596e-07,1.163122644798936e-05,1.555409434976789e-06,4.988224532755548e-05,6.266922149808902e-07,3.9109340431435836e-05,6.354707210839508e-07,9.117339633875285e-06,9.570039868445594e-07,2.2378015444569792e-12,721.6781253437033,0.441544956634196,32.03938,8.034766237136958,85.7622203131534,32.03938,8034766.237136958
0.3233948914784997,1.01947499459186e-05,1.2280042724421876e-06,8.727704664255486e-06,9.832266911713297e-07,4.662548684335263e-06,1.048214864877505e-06,6.732173842468052e-05,4.85325509646129e-07,2.6907220171450633e-05,1.2573468326990936e-06,2.5528650232579406e-06,1.6487890565721793e-06,2.3710034002848892e-12,1456.7596464212468,0.5398072438022128,45.22816,7.495756340860012,85.57324026508725,45.22816,7495756.340860012
0.47425338692534424,5.1869517326568456e-06,1.4645870865247196e-06,9.061874551920952e-06,1.4860809591234592e-06,1.537697731556764e-05,9.807578112822758e-07,4.5808308956699755e-05,7.000506159193494e-07,3.3040848764695614e-05,1.0021998476028601e-06,5.726530076378931e-06,8.735147050709147e-07,1.2841291967431171e-12,1367.3041029492997,0.6123612188500537,33.12654,5.091902522986229,82.87271454154644,33.12654,5091902.522986229
0.37754207859141165,3.310960945020015e-05,1.1942788062942568e-06,2.5345465140915134e-06,6.537601976009431e-07,5.238878284318645e-06,6.721289280901912e-07,5.548601066152392e-05,6.749296029896809e-07,4.8438939444554625e-05,9.253552141392173e-07,3.244356017778246e-06,9.526565120665167e-07,1.4992591237041245e-12,1248.9229065982545,0.7988365202421052,32.5273,9.140126856343535,80.25762648835814,32.5273,9140126.856343536
1008270.2701743775,1.2602980783644847e-05,1.3496960622529358e-06,3.339799030710609e-06,1.942810326195258e-06,1.1748411420262892e-05,9.850573129679088e-07,6.142027557784893e-05,6.931813345284198e-07,2.8110591215060554e-05,7.483019213665089e-07,4.893696737468337e-06,1.344704211743674e-06,2.5104112990141836e-12,1493.1021932830076,0.6072806170966265,19.56212,1.729729825622544,94.06998644528015,19.56212,1729729.825622544
1008507.2036239719,7.847234956780819e-06,1.8373929006774951e-06,4.2394374391176296e-06,1.4471018289908961e-06,4.245975922319071e-06,9.480000040820445e-07,2.6061624379007522e-05,6.954714193033171e-07,2.2998597643165394e-05,5.569679296980216e-07,3.50127199695184e-06,1.2795256025107694e-06,2.8884085352124657e-12,251.10777382084748,0.44194406401613184,29.58846,1.4927963760281333,88.70073432209806,29.58846,1492796.3760281333
1007866.0285394513,2.3769540268543813e-05,1.8406743713098443e-06,5.053224654316378e-06,1.4960467411066488e-06,6.174181838669475e-06,5.237270888496245e-07,4.245669468126418e-05,6.299507336877614e-07,2.560092531450829e-05,1.0410245890118733e-06,3.314194587950614e-06,5.726531895178681e-07,4.2832635644167795e-12,402.92452531154856,0.6997044467870192,28.62878,2.1339714605487408,85.37073839570067,28.62878,2133971.460548741
0.3759803392040456,1.0684324777053033e-05,1.5377751641718971e-06,3.2199665149575605e-06,1.0712940315204165e-06,1.429774666513143e-05,1.1256468921689942e-06,3.707223890242324e-05,6.180557660615978e-07,3.2622812779017525e-05,6.578741891493886e-07,3.98560363420799e-06,1.999604062538837e-06,1.8081357941478535e-12,1075.9487527181113,0.5424183359838455,37.18964,7.803894431838177,84.10048407679619,37.18964,7803894.431838177
0.24193357499999998,1.4964711769939684e-05,8.79672525204284e-07,5.35770132091688e-06,9.38812622197146e-07,4.953483927012823e-06,1.0545750383741413e-06,2.9083104133887998e-05,3.85397945965576e-07,2.689359059811397e-05,1.5174941012024673e-06,7.4881770094756984e-06,1.4206617799765478e-06,2.678143097390426e-12,296.7338536213073,0.4758246095392953,47.74219,11.825403694826923,69.36488458998932,47.74219,11825403.694826923
1006301.6319283796,1.7541876182763282e-05,1.7673051243766357e-06,3.734225297164529e-06,9.896551496649883e-07,6.58521784185286e-06,1.172000353266438e-06,3.641231659004605e-05,7.102994560577465e-07,7.188885656731812e-05,7.723338292317792e-07,6.293374826384271e-06,1.3701747862292413e-06,1.947179528439094e-12,1199.2131744789983,0.7537755729632246,31.99526,3.6983680716203544,88.46053545931034,31.99526,3698368.0716203544
0.39759448458953084,3.6102084923184906e-05,7.250036942987656e-07,1.3929846430813426e-05,6.561212818042021e-07,1.376005169224945e-05,1.9275714203848978e-06,5.045933313873665e-05,6.11837869876171e-07,7.102593710432382e-05,1.2719913188902656e-06,2.8881778741623755e-06,8.284063792935326e-07,2.7515377303478815e-12,1296.5251734419512,0.6242879355363822,30.08256,9.071452616418766,87.5149521403012,30.08256,9071452.616418766
1007135.7858121855,6.878199776425393e-06,1.5677811006207895e-06,5.630142098330478e-06,1.9300240925530345e-06,6.943854287760616e-06,1.862405322612241e-06,5.0587358467437024e-05,4.3510074362666866e-07,5.4980480575180486e-05,1.5364025272553931e-06,9.167241591562508e-06,1.3333762970623375e-06,3.6234276727910254e-12,383.9375961740519,0.6026319559335213,45.99543,2.8642141878144964,85.61843107022813,45.99543,2864214.1878144965
1007185.7539967389,2.4465723839455006e-05,8.589704696891811e-07,1.3264474877014414e-05,5.772917279380048e-07,1.4736656073570067e-05,1.2696565453942611e-06,7.536152385806241e-05,6.801586869116174e-07,2.51837651421205e-05,7.208186190333543e-07,5.764013214224801e-06,7.816218279073275e-07,1.291763028876759e-12,690.8940248742019,0.769309160435812,42.56648,26.574735669950627,52.81424600326103,42.56648,26574735.669950627
0.3728139507018812,1.6896712775272075e-05,1.49426518880068e-06,6.015869795002367e-06,1.5284374440131772e-06,5.065607654233594e-06,7.934951965051479e-07,4.715440529106025e-05,4.5969092407018285e-07,7.74621430908242e-05,1.4315302703469158e-06,4.136360758764573e-06,7.210703228582222e-07,2.7525350614342463e-12,690.8051080191702,0.5489206126334264,40.78288,6.8525779719247515,84.84126750881092,40.78288,6852577.971924751
0.46110175972673884,7.81496013407247e-06,8.406454516240745e-07,1.0415514203276978e-05,7.373022530176997e-07,1.7712577161185055e-05,5.818627810917843e-07,2.2896252388923053e-05,6.670890844355914e-07,4.183315923723266e-05,1.6245086177379356e-06,8.583361204092195e-06,8.039723131812011e-07,1.410782864043036e-12,1397.7763063102147,0.475032095644502,23.72314,8.438987610930447,80.77973708891003,23.72314,8438987.610930447
1001815.1655022678,3.729839000421069e-05,1.2962094799586358e-06,2.6753170811748742e-06,6.653360313173275e-07,1.5103595037146591e-05,1.2200467961242319e-06,2.2982481471751754e-05,5.780778457445662e-07,3.7040878777520985e-05,1.8692238519316025e-06,3.988190853823656e-06,7.588130903420009e-07,1.1740840510338914e-12,1212.1726279493541,0.511783331221209,29.83634,17.677986523901243,58.1848344977322,29.83634,17677986.523901243
0.271134,1.4044110486566852e-05,5.588536273023154e-07,4.318222464580984e-06,6.025522218420724e-07,4.183715625761751e-06,5.544009432415685e-07,5.0063241151785686e-05,4.373808167207587e-07,2.8008566187778543e-05,7.239319201835448e-07,2.2015779020356e-06,5.723191781215806e-07,1.3459184407280423e-12,419.6791515068222,0.4828235295755216,43.8488,31.50023055446039,63.257627900879314,43.8488,31500230.55446039
1008134.3481068992,1.123112251588842e-05,6.557374249953047e-07,5.568004292011432e-06,1.6898549629461163e-06,7.5522808647561155e-06,7.485443751653255e-07,7.041463372603306e-05,3.735317374501723e-07,4.426050481539653e-05,1.976255055047384e-06,5.798677161533756e-06,9.769366765253237e-07,1.1906209099489176e-12,906.5020077557103,0.7101918442995313,9.77999,1.8656518931008366,106.40362923416755,9.77999,1865651.8931008365
1008453.2658160381,1.0955454469656108e-05,1.395638413005907e-06,4.242113928788428e-06,9.769561411168846e-07,1.1463840790503347e-05,1.299616314812212e-06,2.1906528540863054e-05,5.018553669213362e-07,7.552332371042526e-05,9.985975740180496e-07,2.139166527981425e-06,1.0652560904269793e-06,3.899580657771798e-12,713.1774256317943,0.4197302957080921,23.74891,1.5467341839618325,92.45765654399924,23.74891,1546734.1839618324
1007184.4892214272,9.326534912986588e-06,1.0013926306028389e-06,1.0310078397162876e-05,6.805347248844033e-07,5.756503415789266e-06,1.5737652442351111e-06,2.5030212808218922e-05,7.068394933834602e-07,4.954304889480973e-05,1.5070116254585058e-06,3.0231341391335235e-06,9.067642700214809e-07,1.6167764092840363e-12,965.4690317566445,0.43332581937693965,21.48686,2.815510778572733,89.40016941509911,21.48686,2815510.778572733
1006428.9406537294,5.399938633466308e-06,1.352705785002865e-06,7.946437318442054e-06,6.884300515991331e-07,1.1983104603548652e-05,8.548880180104152e-07,7.078508761791732e-05,6.797898958923487e-07,4.4022947149271414e-05,1.905952583385255e-06,6.365196205235863e-06,1.4155646740298156e-06,2.8245971815524404e-12,498.30847448019784,0.4522753546723517,35.71191,3.571059346270631,85.77259593908727,35.71191,3571059.3462706306
1006919.0804477105,2.71895483638991e-05,1.9945980271802157e-06,8.281229230472682e-06,1.1426361668557004e-06,1.2001368448670976e-05,5.932720211153169e-07,2.2012189443736657e-05,7.173161653036841e-07,4.338831303416528e-05,5.742226285676759e-07,3.789616031237883e-06,1.0641181561991437e-06,2.541599165848503e-12,803.9109359743452,0.40430985826960664,22.39371,3.0809195522895534,90.7520730874733,22.39371,3080919.5522895535
1001290.0025380248,8.89962238935231e-06,5.887517681259596e-07,3.905260042063986e-06,7.037845323438742e-07,1.0478435918845007e-05,1.2101892097386909e-06,3.472431647473601e-05,4.021137598260603e-07,6.723714208366111e-05,1.8728055433466313e-06,3.816689226738254e-06,5.023951861738174e-07,1.3236802604797285e-12,750.4766959160775,0.6939882067716785,50.6126,23.881680895373528,58.709997461975235,50.6126,23881680.895373527
1005573.1021640714,2.411939548407961e-05,1.0723723222429776e-06,5.589201909170695e-06,8.314358166913571e-07,6.240457689516762e-06,5.073063311507593e-07,6.633080139464942e-05,7.55337193722902e-07,2.7583586061406117e-05,1.459430211117909e-06,3.6165206629409263e-06,6.885249428416612e-07,2.2486471556145075e-12,587.4552790057761,0.6729771847700956,23.51996,4.426897835928573,84.74914419695209,23.51996,4426897.835928573
0.42917445,1.8209266310948437e-05,5.607251890153377e-07,4.5527827900835245e-06,9.31268473128605e-07,1.663108938549964e-05,7.859681969278632e-07,2.248436373342149e-05,4.616642522266573e-07,7.143111044666249e-05,8.436775205430928e-07,2.8390713448066022e-06,1.3018248510420558e-06,1.742839099711181e-12,233.79779114504421,0.4651697508525987,22.77674,16.511241894822223,80.72513574706835,22.77674,16511241.894822223
0.41026619999999997,5.9232561948668635e-06,5.337254862286905e-07,1.0183821143515979e-05,5.652081818241339e-07,1.7327634583729804e-05,7.017781615034151e-07,2.2556779503500263e-05,4.686921643605757e-07,4.0740239117780446e-05,1.2054501436282522e-06,6.2355657320082745e-06,1.0962088906580932e-06,1.0193934018439004e-12,486.71115890545536,0.7232104532669988,25.29784,15.769181861189,66.48913544034382,25.29784,15769181.861189
1001347.3842812077,3.0041744509283958e-05,9.379556300451245e-07,5.398142770618744e-06,9.902662925431086e-07,1.5888813740703805e-05,1.3181529016928618e-06,2.610798582277063e-05,4.743323995517154e-07,4.0017583494082966e-05,1.759431513897703e-06,8.421435951514113e-06,7.615071863597814e-07,1.2318708397790233e-12,1383.0989637428302,0.679458818978032,32.81621,19.63821423321512,58.652615718792276,32.81621,19638214.23321512
0.3049799359834032,5.05028999616429e-06,5.68978222522972e-07,4.407520891998903e-06,1.0582945749324517e-06,5.8092827063024595e-06,1.205126692756622e-06,4.318592663077781e-05,4.650911907910961e-07,2.785884781903219e-05,8.528534229775037e-07,3.033686498518463e-06,1.4261328039221968e-06,2.0749838306570554e-12,1282.5468378128512,0.5830020381950981,41.53016,9.34175456066387,84.35160469230078,41.53016,9341754.560663871
1007753.0507043622,3.0251532170319312e-05,9.145705640238186e-07,2.259927970093674e-06,8.559197537088002e-07,5.740335755672481e-06,7.841463295729524e-07,7.507526113616047e-05,7.056219442374823e-07,7.272440543358836e-05,1.5136967308276414e-06,4.160005087810508e-06,1.2058452461992607e-06,3.87754890349407e-12,1295.586107701343,0.6556211017446474,22.07131,2.2469492956378354,92.92621412720318,22.07131,2246949.2956378353
1008860.1408930212,1.3353865162162711e-05,6.938368907516037e-07,3.163987278959853e-06,6.390913879384812e-07,1.0175677395716144e-05,8.952718575250922e-07,6.309100860632775e-05,6.424295773259813e-07,3.17479181545782e-05,1.423912137863943e-06,4.471218816063221e-06,1.945375032323245e-06,4.956293621517553e-12,642.371619129207,0.7117926448593208,15.22396,1.1398591069787267,96.44053709102937,15.22396,1139859.1069787268
1008228.8097344423,9.373008016029707e-06,7.380611771379555e-07,5.857682028758538e-06,5.308508120452832e-07,6.518937517045304e-06,1.677708155532794e-06,3.674577181281664e-05,6.830045114185318e-07,6.441490669531658e-05,1.059073411058542e-06,9.853453369090412e-06,8.550219886911083e-07,3.9685320572225455e-12,1298.6631674793593,0.4648791744817756,22.43091,1.7711902655577787,93.96575031848108,22.43091,1771190.2655577788
1008702.8572208595,5.564766670194467e-06,1.1397386026404343e-06,1.1058679148288878e-05,1.7195140077589975e-06,7.138457246098202e-06,1.1168556956171613e-06,6.866346625693724e-05,6.83415562678341e-07,3.548263386302487e-05,5.883448874726217e-07,2.377776712360827e-06,9.782218633143848e-07,4.945811958819775e-12,814.4534096856871,0.5226693686280037,29.44276,1.2971427791404884,90.8557734164597,29.44276,1297142.7791404885
0.11156117375413793,1.2734347019471129e-05,7.473521034320466e-07,8.940417208904047e-06,8.929523889556296e-07,8.40464004815067e-06,1.016402718175263e-06,5.981460196377832e-05,4.0635948354296334e-07,3.421911166196758e-05,1.11205675307905e-06,3.220737826625352e-06,7.986895282394922e-07,4.563728103841985e-12,1084.3903067122983,0.7032847082710789,66.05295,9.721668049834484,88.738184158789,66.05295,9721668.049834484
1006229.8007201803,1.670071684811155e-05,1.1628863799857284e-06,3.3623218059714754e-06,1.292856623734316e-06,9.362956983061427e-06,8.109863913842865e-07,3.5645617354484565e-05,7.05655406023944e-07,3.382083314275682e-05,1.133092399182578e-06,5.231617719734535e-06,1.795440543563174e-06,4.6421375598161936e-12,1133.1773454083004,0.5630894454350452,31.17193,3.7701992798197854,86.24466967282636,31.17193,3770199.2798197856
0.301061925,7.875544664703759e-06,6.005821748377685e-07,4.566687527399539e-06,1.0686006403006493e-06,4.223419478148404e-06,1.4490018781850077e-06,3.695369462754942e-05,5.118400504371764e-07,3.764427376816033e-05,1.1425733459386837e-06,4.250291583723591e-06,1.4277443479559058e-06,1.3911474056424315e-12,934.5010612979839,0.7301657986827729,39.85841,10.094448546774354,75.45866677198825,39.85841,10094448.546774354
1003067.541353785,6.7499338431214065e-06,6.809601318011454e-07,5.139727209598575e-06,6.450465824381698e-07,1.3276776312542183e-05,1.4315703494797145e-06,3.7014191005328695e-05,6.147207074926607e-07,2.2513618613745847e-05,1.856653981778336e-06,6.788135469363954e-06,1.9679751162679504e-06,1.2193124131895865e-12,920.0682280674287,0.5677771931063869,38.14215,15.588015281463589,56.93245864621499,38.14215,15588015.28146359
0.41997824782327997,7.383076659798632e-06,1.501024535043049e-06,4.540077036191676e-06,1.9101309712422984e-06,1.1444527803206948e-05,6.310605519394771e-07,2.6453020723437596e-05,4.332091766096017e-07,5.1651912527342356e-05,1.4667587720764752e-06,2.1741853994914273e-06,6.097099765765816e-07,2.6984385538800247e-12,1407.7959559762537,0.500892467140922,40.41793,5.0754910870688015,86.53382471722394,40.41793,5075491.087068802
1005833.4139721844,1.0998110308594294e-05,1.4896735334515341e-06,1.0319907720940074e-05,1.716171799564833e-06,1.5323690404635286e-05,1.8710726285834583e-06,3.376881948332056e-05,7.904186840546014e-07,2.862310298525459e-05,6.845043271050799e-07,8.75137972119033e-06,8.6913566746433e-07,1.7389968003813163e-12,369.6691650744374,0.536409409158367,29.07416,4.166586027815561,83.59416806338852,29.07416,4166586.0278155613
0.34003707383027365,1.5294969270641982e-05,8.606959493891063e-07,9.600408131703744e-06,1.1467662663897002e-06,4.6260221712458025e-06,1.0081404386027462e-06,2.7989393027664395e-05,6.373751380638501e-07,2.139272553504606e-05,1.485490887453685e-06,8.001709624612935e-06,7.218656085133304e-07,2.3506976157640296e-12,1276.4363968550595,0.534532699845041,38.16041,8.950394046789052,71.00840548890271,38.16041,8950394.046789052
0.17099729999999996,1.510602598240134e-05,1.4740084138911364e-06,3.972951226836005e-06,5.796554945579575e-07,1.8808834883201188e-05,1.2003892929017742e-06,5.773064676930774e-05,5.454184676559838e-07,2.0273728718652594e-05,6.30005871763401e-07,3.513287418445405e-06,7.695230311632229e-07,1.2591380251489742e-12,1242.8096205621944,0.5295933909642139,57.20036,25.35069135002017,65.64321211198869,57.20036,25350691.35002017
0.4650681078719775,3.7928428594065356e-05,8.8294419924208e-07,1.4800589067424671e-05,1.9201858403043687e-06,7.199433759421354e-06,1.5172184045771804e-06,3.888847194294697e-05,7.151791409999113e-07,7.476655986105915e-05,1.0727375318535803e-06,5.5802348378739165e-06,9.286843727463967e-07,1.8941414054046853e-12,1082.3562222313444,0.41681729325260186,27.27244,7.215543685120896,85.34018697114244,27.27244,7215543.685120896
1008234.2760600444,2.2443849494321392e-05,1.8685390819117206e-06,2.8101283780620462e-06,7.062314002252599e-07,4.514348679838628e-06,9.733776984980095e-07,6.983396176029744e-05,3.8776102251810134e-07,7.66176978401577e-05,1.7497319950323913e-06,4.926980794727553e-06,1.9038451386836082e-06,4.413695584203751e-12,1436.8466762410585,0.7102743404408985,32.03113,1.7657239399555995,91.87907619286082,32.03113,1765723.9399555996
0.4975637075967062,1.9799986062423386e-05,1.0569383088175706e-06,5.176513266899548e-06,1.0345238753102829e-06,8.71739530686778e-06,1.7892700092332336e-06,4.1090052545442825e-05,4.2334492559453084e-07,6.0425691967172165e-05,5.557767273849191e-07,7.264599188448321e-06,1.5274567584085238e-06,2.492208428106882e-12,1236.3646166868461,0.46947245769583357,29.85835,5.139946696131752,92.28791024576805,29.85835,5139946.696131753
0.369675375,2.7364442100396657e-05,9.644503726811608e-07,7.661031044390411e-06,8.61309515444685e-07,6.486979184720959e-06,9.038909186563823e-07,2.7681259064499404e-05,6.606094966699833e-07,4.2392350479093e-05,1.0091333447694028e-06,4.268251770768014e-06,5.136196399706131e-07,1.1348166156175089e-12,253.72568244067332,0.6108284189929611,30.70995,15.180141630898566,67.6201283036956,30.70995,15180141.630898567
0.18454492499999997,9.570448066442061e-06,1.2919493258074263e-06,2.706102906003492e-06,5.149143726126622e-07,1.1971053891575465e-05,1.3767294323876414e-06,4.966285321157822e-05,3.6104398062206316e-07,5.4502295750616184e-05,9.850007618440654e-07,3.228596153828066e-06,1.8586187619790497e-06,1.1135441484201655e-12,558.0548129139503,0.5993156868800937,55.39401,20.418236874671322,71.84604915541951,55.39401,20418236.87467132
1009108.9221539337,6.654800091251337e-06,1.6583824114584232e-06,2.2943839958161053e-06,1.666576431691129e-06,6.167724367723306e-06,8.889072782340324e-07,6.722008184991017e-05,4.6463751388511326e-07,5.576820727043232e-05,1.4741035577020612e-06,3.544231027866888e-06,8.775222206741492e-07,2.9900689084710546e-12,781.5114299112637,0.510309973868162,23.43783,0.8910778460663497,92.89178159836396,23.43783,891077.8460663497
1005759.1501330236,2.781204725874743e-05,6.875914869816257e-07,8.555018454398307e-06,5.399150460036943e-07,9.45577337049367e-06,1.4479424790032975e-06,2.9994735251985907e-05,5.553376250693419e-07,7.34978700640095e-05,6.494447103788249e-07,2.043590971502859e-06,1.91214332962467e-06,2.26390975545871e-12,841.4346462807532,0.7608347452816596,22.26158,4.240849866976376,90.60525782450878,22.26158,4240849.866976376
0.357580575,2.0941770937992574e-05,6.747078123056198e-07,5.8763531417311355e-06,1.22139366181254e-06,7.943140129921049e-06,1.5065430794720534e-06,6.629303200180761e-05,4.706250202339087e-07,7.757794144154802e-05,6.185912462110122e-07,2.483698597321826e-06,9.799996378551598e-07,1.5390326844973728e-12,1062.7577013595587,0.5368962958460082,32.32259,13.531303568327985,88.27422025310572,32.32259,13531303.568327986
0.45335437273352,2.1600795456442495e-05,1.1825667331316158e-06,5.056193278188495e-06,5.708990493294576e-07,4.295500222733286e-06,5.798352275058906e-07,3.6415961512546546e-05,5.85600776518502e-07,6.471259948924264e-05,9.772330914423539e-07,2.4743316935020985e-06,1.1767846506336517e-06,1.7575892285586275e-12,942.89446748722,0.41848806774365327,27.39504,7.647313090659199,88.1416525357551,27.39504,7647313.090659199
0.258220425,2.918358888070607e-05,6.196282471093426e-07,8.598428824284042e-06,8.15447132084939e-07,5.869579951929586e-06,1.3287447021013105e-06,7.669129084230772e-05,5.156370733828748e-07,2.0104266545973728e-05,7.256294959804982e-07,5.6698919259268835e-06,6.57657478210576e-07,2.153481480776884e-12,642.6056016771281,0.46461013434347453,45.57061,22.10943959424009,72.24708418326885,45.57061,22109439.59424009
1022575.3869749459,3.313770221391612e-05,8.05156988684776e-07,1.3969224441141819e-05,1.2001923366771608e-06,7.278547097282452e-06,7.821015592411822e-07,2.378061294926659e-05,5.072217840640965e-07,2.679614011495885e-05,1.1556592119810547e-06,4.084277853064589e-06,7.396141985529574e-07,1.3038924123008569e-12,225.21644514239628,0.7150232269365953,38.30354,23.207589279890843,37.42461302505415,38.30354,23207589.279890843
1007159.9643811391,1.001901425921715e-05,1.8310108037286148e-06,3.6805648887092796e-06,1.6453822520571537e-06,1.9837116553832137e-05,1.9004544065706703e-06,7.10818185287722e-05,4.5708948084529107e-07,6.153492097228427e-05,1.5729269816590972e-06,5.109829543705805e-06,6.228266764195511e-07,1.2332923553404845e-12,981.6771686348837,0.6068525878360157,25.4111,2.8400356188608806,89.96004880487904,25.4111,2840035.618860881
1009128.668978719,1.5542739401478248e-05,1.3069475537115144e-06,2.8617452464691123e-06,1.2365071594428625e-06,1.852711170813703e-05,1.9128087505009966e-06,7.110088287863334e-05,6.436222600624218e-07,2.772656460699329e-05,1.8000145121726e-06,4.023027617459338e-06,1.4936140981319416e-06,2.165295157167294e-12,1346.429052777179,0.5031531909020751,11.42893,0.8713310212809339,103.79559739387165,11.42893,871331.0212809339
1006763.1182308629,7.44223602830162e-06,7.638880940493332e-07,7.1125457945301875e-06,8.039711902720046e-07,6.527652506442338e-06,1.7332400307592402e-06,4.106143543124415e-05,4.106292945312856e-07,7.72198903839006e-05,8.425203846431067e-07,4.306517307978139e-06,7.983630715649823e-07,1.9224371161915394e-12,1124.3051648649011,0.5229540742123141,24.1647,3.236881769137096,92.48413562426113,24.1647,3236881.769137096
0.274519275,3.210908137634525e-05,1.6622046078996943e-06,7.374123961119091e-06,1.5908917349701182e-06,1.0734863962423763e-05,1.1039759316168405e-06,5.758920504174626e-05,4.3133356165742937e-07,7.241013138772198e-05,1.2265007823558344e-06,5.608739363835149e-06,5.949012499418103e-07,2.1337581404158853e-12,1323.3871910303099,0.784403503091826,43.39743,12.103816552694212,80.24122565254795,43.39743,12103816.552694213
1005670.6210303949,1.8396772016249802e-05,1.358476843724156e-06,6.276765516630123e-06,5.066170488802662e-07,4.446958380704347e-06,1.317683088583601e-06,3.906450810191162e-05,5.272615310758736e-07,2.3864888514572214e-05,1.691100335076686e-06,3.841267973621298e-06,1.3095268609102292e-06,4.756700130015839e-12,1283.276191949452,0.45035629977574154,41.86134,4.329378969605091,86.83056166774976,41.86134,4329378.969605091
1060000.0,8.616041866556168e-06,6.188147291883169e-07,2.1377325043780592e-06,8.858797455341138e-07,1.0499271325020962e-05,5.381583645446286e-07,5.739596452096609e-05,6.386130658407326e-07,2.901623132341769e-05,1.5804861658124874e-06,9.598555994147535e-06,1.7712177908544909e-06,2.981534286005251e-12,392.8010263054764,0.49669072362403033,-2.5378,0.0,0.0,-2.5378,0.0
0.330172875,3.5619522925894364e-05,5.853201211619298e-07,5.0542725118785374e-06,1.5574485688586508e-06,7.56577597566302e-06,1.7689402707753882e-06,2.862447679046507e-05,7.748525125040097e-07,3.1525464578163314e-05,1.1043180741617516e-06,7.10869787652053e-06,1.6906804635916181e-06,2.7748590822499037e-12,878.2143640940174,0.4503494886112402,35.97695,12.253293779957419,73.01730676415393,35.97695,12253293.77995742
0.19090424999999997,1.7790774193100288e-05,6.809158487902227e-07,1.4375400888580006e-05,1.1660574470470873e-06,1.9524596841396267e-05,7.299121604843194e-07,6.072348992136429e-05,4.1023371714941134e-07,4.439561315778412e-05,1.209778494270604e-06,7.656244427559443e-06,1.8995456232766698e-06,2.834651718496552e-12,619.9545063182252,0.5669025203120467,54.5461,27.593529083165826,69.08790918691126,54.5461,27593529.08316583
0.20084384999999996,1.186173878805925e-05,1.3077430717733676e-06,9.775867137029674e-06,1.5099499550182044e-06,4.567400368904992e-06,8.15537646403768e-07,6.616595909003812e-05,3.657600929758046e-07,2.5273429632707577e-05,9.091261592163922e-07,8.690261788400893e-06,1.3981389173276063e-06,2.113500689256575e-12,1213.1841533419556,0.5610736171139695,53.22082,11.203274706650665,82.20449569940727,53.22082,11203274.706650665
1005390.183347778,5.111410340428215e-06,1.356045716334461e-06,2.669206156481204e-06,1.0909123824522288e-06,1.00860857143626e-05,1.3253211686714953e-06,4.830960025620441e-05,5.084251660413816e-07,6.43015600263049e-05,8.785269620424563e-07,8.042759594973425e-06,1.2225067377681258e-06,1.6235440538426749e-12,787.0931294129011,0.5955562062544213,35.85923,4.6098166522219595,87.56372492966612,35.85923,4609816.652221959
0.25380824999999996,2.8800703745760856e-05,1.3299110871510173e-06,3.7965227967251674e-06,1.2460115487825576e-06,4.352654158465536e-06,1.7927245681407108e-06,2.552785322225182e-05,4.3904438340961953e-07,3.484869674387252e-05,9.899438666360776e-07,2.5200424607541493e-06,1.3292928033169917e-06,1.1034498799818524e-12,762.7283221165613,0.7801458399405621,46.1589,12.247645337823856,64.85574440289972,46.1589,12247645.337823857
1006387.20640616,2.7024620756300645e-05,7.246111599552148e-07,6.3183876486863335e-06,1.1842269706083198e-06,6.543181339495808e-06,6.88913777397108e-07,4.435624304719756e-05,5.754849022799279e-07,2.9370202487815593e-05,1.6327945629727405e-06,6.573666776123332e-06,1.2690401118419511e-06,4.02436553458828e-12,1228.5398691054052,0.6755558530889738,24.1306,3.6127935938399336,86.7825836073527,24.1306,3612793.5938399336
0.4409012206522476,7.187452574668026e-06,9.576827620528467e-07,8.095553939308133e-06,7.948462763691073e-07,5.502316044682562e-06,1.5740386457198615e-06,6.285340154752179e-05,3.8949197953984545e-07,2.7181595294987874e-05,5.13838766128638e-07,4.340257321667927e-06,7.343136882313317e-07,1.4918682456415346e-12,1367.5900741646767,0.6716856605058652,34.52252,6.007195173910096,87.40499657595397,34.52252,6007195.173910096
1006723.8945141864,5.553313983018414e-06,1.960906228136257e-06,4.6910378287390405e-06,5.755214993877868e-07,5.333045387475122e-06,7.506646892946315e-07,3.8672451530301645e-05,4.407704433514592e-07,4.813485931811918e-05,1.055164057880363e-06,2.7192402946094427e-06,1.5560232455848817e-06,1.2880590455308465e-12,514.2457731008301,0.5387362988138866,29.93636,3.276105485813579,87.91008771130763,29.93636,3276105.485813579
0.49091052960895365,9.811801806322654e-06,5.52959539491489e-07,2.20397154813554e-06,7.056752054644005e-07,4.947345802488297e-06,5.710445348458375e-07,2.0801313592555047e-05,6.33973942368916e-07,3.320211248854901e-05,8.195986250615222e-07,4.726118863754925e-06,9.981389641061249e-07,3.647137896370621e-12,1442.8288247903126,0.5067092586578426,28.43604,5.832766815641853,90.4514232494517,28.43604,5832766.815641853
1060000.0,3.980640946943896e-05,5.376184278300957e-07,2.7160582722063228e-06,1.7299399177836954e-06,1.4917340490134937e-05,1.2747437975592226e-06,7.426109745641495e-05,4.928147603786082e-07,2.2074990889943247e-05,1.1387590604985112e-06,2.571921106722774e-06,1.5433063251046415e-06,3.964734655714965e-12,371.0746758950089,0.49302808794585395,-56.8345,0.0,0.0,-56.8345,0.0
0.37068297659564686,2.6433237887496285e-05,5.252902260402714e-07,5.328250496338766e-06,1.0236659537500243e-06,1.0278359465044618e-05,1.6121221022871155e-06,6.253184470860786e-05,6.46270769807576e-07,6.829841348458936e-05,1.7493722581863679e-06,3.5089549122999197e-06,1.400405931377469e-06,3.233754856662825e-12,603.0784926907156,0.7843992002425444,35.45756,8.535412936174124,77.7220373863508,35.45756,8535412.936174124
0.25548405,3.469678036030211e-05,1.9294812136020217e-06,6.925950093438606e-06,1.6805953102036182e-06,4.7752844278275675e-06,1.304966751137904e-06,6.57341475924857e-05,4.626091503168957e-07,3.978860452037323e-05,5.915421863060321e-07,8.96075161268626e-06,9.103450582648454e-07,1.449413632404928e-12,1446.430158387202,0.6527214457082604,45.93546,12.31160543094778,79.20395055214617,45.93546,12311605.43094778
1005848.7126819985,6.571901588707586e-06,7.347545565883822e-07,3.2833903239224044e-06,1.6019077896823603e-06,7.998799046178877e-06,1.404406972577487e-06,2.408701725942821e-05,7.108715721069652e-07,5.0725177604498565e-05,1.6762257572665747e-06,5.758990215049866e-06,1.7213668762094652e-06,3.1662533354801745e-12,508.68050389532414,0.4525693208255116,31.72304,4.151287318001489,83.66387589449378,31.72304,4151287.3180014887
0.29368574999999997,3.0780195671055964e-05,5.005380811663723e-07,4.812799965775895e-06,5.533695261073226e-07,4.276535587537718e-06,6.188602075833099e-07,3.092523602299812e-05,5.640632601771449e-07,3.412489492399943e-05,1.5340562389282862e-06,5.85724731493204e-06,8.950584609615034e-07,2.0479344663755394e-12,1340.4437921982287,0.5224287753994687,40.8419,26.042211592181264,66.01222361244164,40.8419,26042211.592181265
1007838.048792949,2.0813446155963027e-05,1.3062769287914244e-06,4.684969954220284e-06,1.7725272523163263e-06,9.019243602666354e-06,1.4047620930264394e-06,4.549542066508287e-05,3.928329059450645e-07,2.230387677414432e-05,7.417778916529205e-07,6.7339559820685495e-06,1.3807655104349614e-06,3.924915628274542e-12,1152.483411740614,0.6399582867288574,27.65687,2.161951207051047,90.41547996291057,27.65687,2161951.207051047
0.333735225,1.3724718465288695e-05,1.0188124519870541e-06,5.4864661447771094e-06,5.728885456657677e-07,1.0403417933847249e-05,5.272392957121186e-07,6.056554835888829e-05,7.361487110598894e-07,4.968764801968249e-05,8.536682742250062e-07,2.9575406672950392e-06,1.0324024315511462e-06,1.927180465742128e-12,860.7330219080434,0.6830886171330713,35.50197,13.207525552331816,80.43508738507592,35.50197,13207525.552331816
0.337134375,2.2999098396850737e-05,5.653397205785973e-07,1.0380487567523163e-05,8.158875696008299e-07,7.869583961469956e-06,1.1421633796347725e-06,7.922865596716822e-05,5.942711531286034e-07,4.9991288943109005e-05,8.488719839075038e-07,9.892125760707672e-06,1.4314634286322426e-06,2.3706071408336345e-12,408.4057934153942,0.5914531802418745,35.04875,14.630813575040936,79.28315118588715,35.04875,14630813.575040936
1010453.4708430681,1.486599695457406e-05,5.08409552675748e-07,1.3541873215272683e-05,1.3463666204399008e-06,5.146521563292036e-06,5.012336593461282e-07,4.845471566436807e-05,5.602919206574921e-07,5.085745012608869e-05,1.8496845174289268e-06,3.1915312106818575e-06,6.192850748266919e-07,1.36461408349715e-12,474.01183662724765,0.5679899849972662,39.50516,29.707021137465272,49.546529156931854,39.50516,29707021.137465272
1008710.6504546488,5.187918946151098e-06,1.0220955384343837e-06,8.656300366969493e-06,1.3414949902142316e-06,4.189625167874506e-06,1.0474886009186018e-06,2.1427057543385655e-05,4.956055911359936e-07,3.6983690735997765e-05,1.7036345334951652e-06,6.798474832482925e-06,1.1234816667671644e-06,4.909459050138866e-12,682.5968588457426,0.6566172935226656,30.9723,1.2893495453512078,86.90355596229011,30.9723,1289349.5453512077
0.4389771659813047,1.02814115420972e-05,7.412906578666323e-07,6.041019369175407e-06,8.847318802381027e-07,1.680082757077128e-05,7.171886740231219e-07,3.8949692684611326e-05,5.649294456185051e-07,7.400581577146651e-05,8.454763676593818e-07,4.5821674433135645e-06,8.92369205035062e-07,1.8214540447837142e-12,1328.9165089245346,0.5350505166139051,24.61489,9.05644636074781,91.82535259901879,24.61489,9056446.36074781
0.30330284999999996,1.3892154601175437e-05,5.751270119481408e-07,4.708898002342411e-06,8.171352761226031e-07,4.303451024338744e-06,1.2637145208410715e-06,6.0260408181660946e-05,6.934646423435877e-07,2.6655928609298626e-05,7.617240828135968e-07,8.879038021142691e-06,5.659747712144171e-07,1.0817325303260295e-12,1013.5618459624606,0.5755582189843329,39.55962,19.478795256374354,69.2149391312822,39.55962,19478795.256374355
0.34438087500000003,1.700211020842919e-05,6.126348252411578e-07,8.528317518221892e-06,6.026554934709346e-07,9.37549149620213e-06,1.8955936084563962e-06,3.622647616421853e-05,6.596501559310792e-07,2.6904661410040816e-05,1.4550419399671562e-06,6.205252898417789e-06,9.755055164657162e-07,1.476110020043145e-12,1080.1089432841668,0.43976866417684596,34.08255,16.753091525310648,65.5328250948275,34.08255,16753091.525310647
1060000.0,1.3999615307422915e-05,1.0825390145646322e-06,2.4875328866868586e-06,1.4799305583580615e-06,1.5450752665436845e-05,5.805379871795587e-07,2.9615298249739955e-05,5.283591249351444e-07,2.4749474144855112e-05,1.629272407390787e-06,2.5199169829226105e-06,1.2566411323853863e-06,1.2496959121256094e-12,687.4330710015921,0.7272258051934015,-24.1024,0.0,0.0,-24.1024,0.0
1009361.192727595,1.0076857176871805e-05,5.167542186190005e-07,2.2470440695672037e-06,8.034070537314919e-07,1.033594608369748e-05,5.222097907475726e-07,7.928542772557983e-05,6.396791008970968e-07,5.033688577264392e-05,1.1268522191204624e-06,4.851275742573042e-06,6.678341176813946e-07,3.906367437916573e-12,721.9000683756665,0.5832990593817877,1.805523,0.6388072724049892,143.27449174492256,1.805523,638807.2724049892
0.33349515,1.4755831086137211e-05,9.703793399531657e-07,3.7339912703921293e-06,5.722801368960629e-07,5.6497285337115114e-06,6.617672360426944e-07,6.008932674530071e-05,4.5095241148321187e-07,4.1476777916275966e-05,1.4589131536846558e-06,2.200777085289444e-06,5.211668849501197e-07,1.1364377833787575e-12,490.4221199954505,0.46295539324011803,35.53398,19.044847869914914,72.28703594029531,35.53398,19044847.869914915
1008017.6220960325,9.47133832180882e-06,1.8323267688290726e-06,1.4580309063598687e-05,9.885851947941898e-07,1.9169814051431714e-05,7.350729766506157e-07,3.668946349683434e-05,5.666644259615214e-07,7.587096113598663e-05,8.861072024577466e-07,9.84620012104186e-06,8.867655311601736e-07,1.8656967171632393e-12,865.5800462138385,0.5986123046075912,20.8993,1.9823779039675469,92.86406098466416,20.8993,1982377.9039675468
0.41438142204712003,7.494760388714827e-06,5.741709266623298e-07,6.776385574142566e-06,8.439235515410867e-07,5.053599875866895e-06,6.200282189830205e-07,5.880660479457046e-05,5.962322329118258e-07,2.160512515880193e-05,6.29320644341478e-07,2.9897913559047386e-06,5.984400166500357e-07,4.233739910911574e-12,573.0609577196751,0.548912129945283,37.03935,6.3129381181151984,85.46843755947643,37.03935,6312938.118115199
1020720.5224956479,2.346766337202064e-05,9.351150780350182e-07,1.1043022965783862e-05,1.8750223189999447e-06,5.382531091476448e-06,5.57724678433401e-07,3.3355509772058924e-05,5.647325132060631e-07,2.124259168300973e-05,7.193615911358097e-07,8.834840143181199e-06,1.6263989861531755e-06,1.3062618996532944e-12,1320.6745219148195,0.7530246761686081,56.90396,26.5381023168901,39.27947750435206,56.90396,26538102.316890102
0.5261242135584474,5.126041667322871e-06,5.505324341611842e-07,4.500732772445495e-06,5.310387483086669e-07,9.573857023911116e-06,5.862211608044553e-07,2.565758959529618e-05,5.716526771921651e-07,3.932899339764903e-05,1.0767255180253615e-06,6.920897474849822e-06,9.806623197481205e-07,2.6872948251937742e-12,958.8141815657613,0.5526469522704405,25.00748,5.452787457662105,87.75292211210068,25.00748,5452787.457662106
0.22420785,7.479961904330644e-06,5.608921169299888e-07,2.6546470624662957e-06,8.596469116660768e-07,6.726647972446248e-06,1.0742357405902592e-06,6.164723446487406e-05,7.141163356567128e-07,3.042995580902278e-05,6.201054734605678e-07,2.5246678097100133e-06,1.5141304046939705e-06,1.5184406440936781e-12,921.9178154612171,0.5004248426457975,50.10562,20.158679828324875,71.09615752086302,50.10562,20158679.828324873
0.354444375,1.5504204511014727e-05,8.620076244308786e-07,8.604743004577398e-06,7.015572465614004e-07,8.406733561898502e-06,9.487153553066905e-07,3.032288098815084e-05,3.7214513344490345e-07,7.39240540559872e-05,1.5968140638172036e-06,8.131555826096199e-06,1.7737462010308536e-06,1.0521164390144156e-12,398.2494562442357,0.6716159831900848,32.74075,18.50747070578048,69.40159732464419,32.74075,18507470.70578048
0.11796803246450277,1.858186552972893e-05,1.5415125453149837e-06,1.2769156555028152e-05,1.4906820172632477e-06,1.0578778611478734e-05,7.056735206677133e-07,4.430613091949269e-05,3.618447935021976e-07,2.250958632212401e-05,7.206589451072634e-07,8.944312414716609e-06,1.49061973804477e-06,4.078032823365024e-12,938.2191798337267,0.6977428618792904,64.74235,9.858573701419887,81.49588953864414,64.74235,9858573.701419888
0.32760360612206474,2.81367913540551e-05,1.5466700061704743e-06,1.0110835040296409e-05,1.1738736926157552e-06,1.3027189561658805e-05,1.6177602459939113e-06,3.379313435386561e-05,6.087115073236146e-07,4.590002511793271e-05,1.713304657771694e-06,6.436928737455557e-06,8.817330893114362e-07,2.4320881683433922e-12,1210.1814528915575,0.5157864125472025,37.76628,9.56597175511741,78.67053811484524,37.76628,9565971.755117409
1012142.6558832566,3.7488995518868856e-05,6.787202208270271e-07,2.3426924299479057e-06,5.689890314485161e-07,1.3496297917970462e-05,1.021959024251047e-06,2.332260061183012e-05,7.141664858082825e-07,6.542267613953855e-05,1.2032831580715576e-06,3.3047903477869986e-06,1.8629057237953371e-06,1.7334533471935965e-12,311.7010124521691,0.6815485514147754,35.97199,26.555677613175813,47.85734411674344,35.97199,26555677.613175813
1007002.6283651013,6.924189540411619e-06,1.2077834187848782e-06,4.902016253635291e-06,1.1285675370554599e-06,4.014359055409768e-06,7.703779224904724e-07,2.1097978655918323e-05,4.803388805656639e-07,2.0037841799453787e-05,1.4041336953962295e-06,7.15950955469446e-06,1.5298013346968452e-06,4.275477680852511e-12,789.2059469976555,0.5183648754971688,40.32184,2.9973716348987502,83.24543060613733,40.32184,2997371.63489875
0.31477799999999995,2.736979526647549e-05,9.44447560354131e-07,3.0699983383872943e-06,5.153276449714433e-07,4.733134145540378e-06,1.5354360612818165e-06,3.265660685121691e-05,7.447773714993494e-07,2.9150740666790233e-05,9.643324575437972e-07,9.173000093600263e-06,6.176803658014856e-07,1.6956945114473555e-12,1469.7316915848512,0.639857403244952,38.0296,10.27743990261711,76.88263306376713,38.0296,10277439.90261711
0.266155125,2.5877144651147617e-05,9.395148645699087e-07,3.430120032094713e-06,6.806420679483728e-07,1.5910081882650374e-05,1.8336498814978403e-06,2.889959520675973e-05,5.897925940405318e-07,4.47301904715545e-05,1.792799685372586e-06,4.6577153832983766e-06,5.025781735752585e-07,4.558551736521748e-12,521.0118769928528,0.44261704894309917,44.51265,10.93029274159159,72.79174003978616,44.51265,10930292.74159159
1008355.1090071392,8.045634338417184e-06,1.4098952010671315e-06,1.4966154424516797e-05,7.463173273445093e-07,5.394411653300812e-06,1.1976008582127521e-06,7.604975366348984e-05,3.809412114578836e-07,6.350681221549667e-05,5.118676587237592e-07,2.6202209110563722e-06,1.4321226766830562e-06,2.06623516909746e-12,503.86564375753784,0.42614705176002704,21.65417,1.644890992860722,93.53801270245611,21.65417,1644890.9928607221
0.34041112500000004,1.9154871014004307e-05,5.325343754249217e-07,5.356197464111046e-06,1.860774332461868e-06,5.8995166840721265e-06,1.2931505075518374e-06,2.1029454163962255e-05,3.6777593257216217e-07,4.1919771019949495e-05,8.778782497374442e-07,3.4141990311055588e-06,8.790440687292162e-07,1.164494136240697e-12,618.7549121202321,0.5584659219904299,34.61185,21.459846077015,65.41376068030992,34.61185,21459846.077015
1007317.3743819239,1.121548692841151e-05,7.459965377562426e-07,2.263536462146219e-06,9.212244827487561e-07,1.8470946751774303e-05,8.705574533028697e-07,4.591272965065692e-05,7.25054437607319e-07,3.380278345688869e-05,1.2067737605407466e-06,5.11850745824539e-06,1.0264410281131454e-06,1.5483065170157842e-12,528.0233165010351,0.4277345522263559,3.203963,2.6826256180760772,129.64166115644753,3.203963,2682625.618076077
1006044.7639088917,5.1275840827052205e-06,1.2305154955214611e-06,4.525654506825439e-06,5.795669996562104e-07,1.9624634679830752e-05,1.7934112475319849e-06,3.7632778364350155e-05,5.233409081137071e-07,5.684317447077146e-05,9.259662826453912e-07,9.222119618320431e-06,1.4443676107914696e-06,1.4292819007664317e-12,824.6129423913227,0.6296488043888007,27.06155,3.9552360911083286,89.11735179306237,27.06155,3955236.0911083287
1006784.2935700275,9.525237374195547e-06,6.572624089535577e-07,3.0045724068448066e-06,1.973095569366485e-06,4.245242425278941e-06,1.0392986521993409e-06,2.3315609522932997e-05,7.297902110451496e-07,3.6927599829441956e-05,1.1076244692625261e-06,6.7837697935884196e-06,1.5847933868650887e-06,4.941603138469691e-12,561.4415928789497,0.40945042124456527,31.67766,3.2157064299725344,85.61443352740005,31.67766,3215706.4299725345
1060000.0,3.400485919991848e-05,7.250231924601466e-07,3.6145735384320266e-06,1.8526962281784541e-06,1.4734423011376925e-05,7.946410300808362e-07,4.5436010142300225e-05,5.147220247786304e-07,2.7413741416064143e-05,6.90918301181865e-07,5.804085126208642e-06,7.610568582969304e-07,2.4812450709786988e-12,729.3042308122292,0.6805318740773731,-33.4306,0.0,0.0,-33.4306,0.0
1009096.071047561,1.0191239230749623e-05,1.8406896146017377e-06,3.171424154124486e-06,1.960574965401569e-06,8.661577439437714e-06,1.282902957289742e-06,6.220743562648251e-05,6.432500106944188e-07,3.295246057259463e-05,1.7577659799729345e-06,8.196550675068988e-06,1.4282638875456867e-06,1.6499137472882143e-12,1103.1513209347233,0.6342666345346184,18.57285,0.9039289524390349,94.8074610474998,18.57285,903928.9524390349
1007999.7853240512,7.271560755979661e-06,1.1916953485845764e-06,1.4406000225191389e-05,6.730962297938144e-07,7.4439642299436954e-06,5.837151116833725e-07,5.576648651327075e-05,5.271521921600151e-07,6.333238650989848e-05,6.928985660266233e-07,9.911067749349268e-06,6.749777390511281e-07,2.494379614396673e-12,594.4701536920174,0.5710287681057173,20.92579,2.0002146759488255,93.38355581866419,20.92579,2000214.6759488254
1006903.376377347,3.338305206688802e-05,7.300628593136258e-07,5.4257094142611615e-06,1.3618320905100726e-06,1.7843052237747932e-05,6.561748693750038e-07,5.627509344487217e-05,5.630644543895657e-07,3.244490552053028e-05,1.0367760308096183e-06,7.954672010127895e-06,1.91786052939016e-06,1.4800283062620098e-12,1008.2543671091197,0.7463026984905077,7.012609,3.096623622652977,110.57835445866388,7.012609,3096623.622652977
0.20453144999999998,1.9677667562779508e-05,8.562123660092045e-07,4.984692950467692e-06,5.683996416814355e-07,1.2366432280717066e-05,1.975291969472736e-06,7.557545589783306e-05,4.478595053140135e-07,2.6417911271578902e-05,5.940828032348878e-07,6.851982439357785e-06,1.7836369330095486e-06,1.8748201687022814e-12,1418.3932642891375,0.5721684366639364,52.72914,24.26694559160138,85.08924817541192,52.72914,24266945.59160138
1007400.5642452025,1.0687125591554378e-05,1.0855529533859598e-06,2.4527078861552474e-06,1.676470648147446e-06,1.5084817667756503e-05,9.493520383263823e-07,2.3793883974728374e-05,7.27386965225832e-07,2.3666892769138114e-05,6.039474696112975e-07,2.080429937139598e-06,1.3149171798501082e-06,2.5739996752442727e-12,996.0622105328101,0.7737851109412547,15.9723,2.5994357547975757,91.49525717124675,15.9723,2599435.7547975755
0.5145095802972488,1.0814622416564105e-05,7.199391933975413e-07,3.6772716436229594e-06,6.676906938870591e-07,1.0380551400670695e-05,1.3085085118471447e-06,3.7210785356030166e-05,3.904312262668987e-07,3.014547113715626e-05,1.937720667355926e-06,5.655701321492896e-06,8.24298309675219e-07,1.0079216177840547e-12,1336.1103482545125,0.6397199115674117,20.99158,7.122142788110045,86.266926093232,20.99158,7122142.788110045
1008878.9961236927,8.190429978012525e-06,1.2507764736277686e-06,5.212735717502481e-06,1.6019798011278848e-06,4.691344861286749e-06,1.0584938313977953e-06,3.4587229224213544e-05,7.710031223571352e-07,4.4889637047040706e-05,6.163538992816478e-07,3.358970041471387e-06,1.1556251361468606e-06,3.941789384583992e-12,271.1885864142119,0.40954142994027726,24.63445,1.1210038763073298,91.45851501673702,24.63445,1121003.8763073299
0.34606102499999997,3.4146782575594755e-05,8.578874463502193e-07,2.2280746850966747e-06,5.343366570742962e-07,4.551142482754365e-06,1.887975481080122e-06,6.224825550916098e-05,6.133196220719921e-07,5.655646091995496e-05,5.610994418305709e-07,3.383650956991441e-06,5.538622694757087e-07,1.1199966151041971e-12,961.0457688389349,0.4770105825717691,33.85853,12.216330157231212,85.37406159244767,33.85853,12216330.157231212
1014836.1885161138,8.548653378552798e-06,7.094421520742431e-07,9.461909699748905e-06,1.1867147616554378e-06,9.152069435861515e-06,6.065212664974631e-07,2.2586176361139834e-05,4.329186302015931e-07,2.1342919926908768e-05,1.3944864129989928e-06,4.5593013354158025e-06,1.2399630483086628e-06,1.3647500060593595e-12,1309.80276386322,0.6664037673816487,60.61428,21.392691041857553,45.16381148388621,60.61428,21392691.04185755
0.42971203756465376,1.0915694900613802e-05,1.1064371082394304e-06,2.217496123817289e-06,1.2841363787928677e-06,1.8456937389162468e-05,1.7732685801496053e-06,6.232613148678066e-05,7.112254485728033e-07,3.8802312121824906e-05,6.566899589174163e-07,8.965763738306452e-06,5.536909082319906e-07,1.528676676202807e-12,541.1192028819985,0.44994757322606516,27.95718,8.42436449741385,83.25375459948478,27.95718,8424364.49741385
0.4446921555217858,2.0403364818526233e-05,1.8504434427908833e-06,5.116664502472066e-06,1.1943238386119928e-06,1.0992684735336424e-05,8.860032430076111e-07,6.974498056540016e-05,4.809691414113504e-07,3.10376618034773e-05,8.937739278780009e-07,5.303246322584836e-06,5.957960206719524e-07,1.1225384112721793e-12,1488.709456394599,0.6187801365143439,29.37734,7.399111779128565,85.46686202949022,29.37734,7399111.7791285645
0.46782052499999993,3.108803347420966e-05,5.147638056782813e-07,3.0739768150927476e-06,5.598927639789996e-07,1.2893637802108e-05,8.677013626551159e-07,2.979053377404794e-05,5.284459327625193e-07,2.1829226421400008e-05,1.1969693585976865e-06,9.601724913666617e-06,6.814542149154969e-07,1.0478740972544815e-12,446.4582863263636,0.5047193758624109,17.62393,17.199985516318144,69.14610532671797,17.62393,17199985.516318142
1006740.7364289875,6.368852701146342e-06,1.1938178715686615e-06,6.802586555844678e-06,8.994538261075729e-07,5.424465673197892e-06,1.7729129628338584e-06,4.6556364775484896e-05,3.795170229176813e-07,6.476585418048213e-05,9.132557450880361e-07,2.048707565259385e-06,7.010729222302072e-07,1.437135247351967e-12,950.6267269429021,0.4270879230291159,27.64121,3.2592635710125593,90.34907627168396,27.64121,3259263.5710125593
1006333.9568542927,1.6411368140759162e-05,6.859769221007674e-07,2.872534575570191e-06,8.047311660293322e-07,1.4227340490850697e-05,1.0477689737643426e-06,6.82591466116804e-05,5.977711548745643e-07,3.493413598517504e-05,9.384995363959988e-07,2.3556703304201147e-06,8.473727327402502e-07,2.637129735256103e-12,799.4239871064227,0.5040146905333203,16.90556,3.6660431457073064,94.77411044308475,16.90556,3666043.1457073065
0.3102876617866103,2.902192843241872e-05,1.0983523427925555e-06,1.099091792154768e-05,6.288691093001662e-07,5.400300780940599e-06,6.461845593614604e-07,4.690694303278185e-05,6.613318368704862e-07,2.8605179428864353e-05,1.2901942340424942e-06,3.130675143190395e-06,1.8958804999578122e-06,3.632276455900865e-12,1171.0906611288483,0.5716818385325191,39.29405,9.800278528535586,80.74389051458726,39.29405,9800278.528535586
1006751.8859544994,2.1590910002508557e-05,1.0601417271554114e-06,5.558335351355668e-06,1.675064172763705e-06,1.6588430670253157e-05,5.543123370367438e-07,5.922914870504179e-05,4.300158983877439e-07,2.1326753302982183e-05,7.145009742828862e-07,5.295496789473676e-06,1.0277393967956861e-06,1.6749510176693461e-12,849.5867909682812,0.434069159152839,9.266949,3.24811404550059,106.54946713466168,9.266949,3248114.04550059
0.2348466,1.0012699907368858e-05,1.3240531400130968e-06,6.617127832542039e-06,1.2482026158666636e-06,1.2227037868467442e-05,1.455834997042739e-06,7.060119352883683e-05,6.288808768145731e-07,2.520655420474364e-05,9.746549414527102e-07,4.322879875004564e-06,1.164329718771383e-06,1.3183612316093003e-12,663.2299933602324,0.43918757941751313,48.68712,15.661901657355621,69.07374837067154,48.68712,15661901.657355621
1007328.7144159513,6.857868608938422e-06,1.3439491849700796e-06,3.4212682813190593e-06,8.587719586291935e-07,5.842301222084411e-06,6.31387540976477e-07,3.5428554653270484e-05,7.305816097634623e-07,7.638299587205102e-05,8.648606409686474e-07,2.07370972399721e-06,6.119596386342536e-07,1.6844840350018152e-12,586.0437340602155,0.614074959743929,24.80143,2.6712855840487033,90.7874821021512,24.80143,2671285.5840487033
1008027.3417761606,5.070290956595847e-06,1.185074308050922e-06,4.005567746348268e-06,1.1797302123216318e-06,9.975092285070872e-06,9.858306514583556e-07,5.812358791982767e-05,6.404778252686268e-07,7.675935976710576e-05,1.5087052146965121e-06,2.7398344229216232e-06,1.581349956216506e-06,4.816328162753889e-12,1308.5293997267613,0.5263388567079332,35.20428,1.972658223839388,91.96482187876343,35.20428,1972658.223839388
0.36720442499999995,1.0272377550348802e-05,1.0932702483401954e-06,7.313593573940358e-06,6.122095934187409e-07,1.274050814112489e-05,7.26414395020845e-07,2.2511728176734065e-05,3.7899401892196503e-07,5.101158754965988e-05,1.9660200174213307e-06,9.42455075134147e-06,9.408908093369411e-07,1.4212406650309425e-12,886.0178683206847,0.45936706054598314,31.03941,11.899444897115124,76.87595521875788,31.03941,11899444.897115124
1005701.5917204741,1.046403358633343e-05,1.886462644745698e-06,5.08390869030594e-06,9.088898351416212e-07,4.724333318854721e-06,8.290527149181001e-07,4.320570952482701e-05,6.449939145585654e-07,2.497934145298743e-05,6.671062972171585e-07,7.206883464945422e-06,1.0614827484605824e-06,1.7892593108619998e-12,1443.1128816605965,0.41282935065959514,33.53115,4.298408279525909,87.8521939393032,33.53115,4298408.27952591
1006666.3526798477,3.5880473317750555e-05,1.318457147583633e-06,6.409842334899307e-06,6.294905691755036e-07,6.007889805117801e-06,1.2099837281835604e-06,2.4260861325644758e-05,5.224233268495974e-07,7.584726595485384e-05,1.5989456899970817e-06,2.6348267497039425e-06,5.828761027660274e-07,4.175116668586024e-12,1087.837483219443,0.6086809740208506,30.79499,3.333647320152212,88.15055736029134,30.79499,3333647.320152212
0.19514144999999997,7.621613557528907e-06,6.344285788028792e-07,4.867003924148197e-06,1.3496059159956903e-06,1.9416094090560984e-05,1.4389269859110107e-06,2.992219571807783e-05,4.756735887017998e-07,2.580738579406968e-05,9.61842425981484e-07,2.021304127720902e-06,1.1763892085678955e-06,3.895806384703516e-12,915.5371418848981,0.4550906972431242,53.98114,10.15925562539429,79.3770809683122,53.98114,10159255.625394288
0.3823735987688923,1.3285761004120943e-05,1.5792163801682762e-06,2.2999566681371583e-06,1.2867723147190567e-06,5.176200125022699e-06,1.1697044072321694e-06,3.629482680053038e-05,7.315733781149373e-07,4.784808838117077e-05,7.859417424645819e-07,2.574989047795083e-06,1.3781547118420186e-06,1.693282555420245e-12,631.621990492841,0.6737724921386676,40.07454,6.682694049244308,81.02150710240495,40.07454,6682694.049244308
1005915.4343208639,5.206741018443293e-06,1.8842496380896296e-06,1.1897640150528338e-05,5.229417547308355e-07,4.811917124279922e-06,7.616231120897461e-07,4.214999116056568e-05,4.4162820565014206e-07,2.3913012723855677e-05,9.066067752943092e-07,2.6417678010184177e-06,1.3014892559642378e-06,1.0209211056230176e-12,743.8440599587257,0.7984130127781535,30.59818,4.084565679136104,80.98955966259183,30.59818,4084565.679136104
1060000.0,6.615495497082388e-06,6.979783656297289e-07,2.1603935872881e-06,1.4060466554589408e-06,9.370832056505967e-06,5.019588933246121e-07,7.007156926913601e-05,6.145173265724311e-07,5.1536897821235735e-05,1.6868253989604984e-06,5.600057986479857e-06,6.574635280275639e-07,2.0862052943162093e-12,1248.94215811882,0.6297262582621814,-9.68468,0.0,0.0,-9.68468,0.0
1008303.9828044655,3.841934226303746e-05,1.4489824626927232e-06,2.6600589202909366e-06,1.8834842657256275e-06,4.198789087269858e-06,1.158525115169388e-06,6.691827262921898e-05,6.343600335200783e-07,2.7174002301494333e-05,8.975434850939098e-07,8.511371684654604e-06,9.028417173515427e-07,1.859763883586939e-12,925.5973302768101,0.6907533069731632,23.09429,1.6960171955345216,90.67334339060973,23.09429,1696017.1955345215
0.3702842279896819,9.438609405434952e-06,7.058622029274019e-07,1.1270537190990428e-05,7.112744788156329e-07,6.261622924113489e-06,7.09779061169085e-07,7.390821608988154e-05,4.913469763027052e-07,3.659859358550654e-05,7.208676911296431e-07,4.22247609734522e-06,5.216865962086632e-07,2.4102043734189098e-12,577.1948257491933,0.6937523166277642,34.8164,8.74371088041272,83.60320801553056,34.8164,8743710.88041272
0.36974565,1.576753466971773e-05,5.74231650485481e-07,8.686289698433358e-06,5.703689639630974e-07,7.70357495381168e-06,6.093751440656796e-07,7.416516308851933e-05,6.985268744748007e-07,2.5313601725596118e-05,5.024966454025194e-07,2.463838643933544e-06,5.710881196837179e-07,1.7811312715185703e-12,613.2064719762748,0.4072633703178076,30.70058,19.576794066792004,79.19773475222979,30.70058,19576794.066792004
0.23419095184753486,1.777092181029711e-05,1.5284901952976027e-06,6.909272322274882e-06,1.9405287027766166e-06,7.80950406162661e-06,1.3770832530271227e-06,5.838803150529543e-05,3.9688912207974116e-07,6.377161963158746e-05,1.334867520659817e-06,3.6423430539646473e-06,1.3160933158691288e-06,3.0669217390243103e-12,373.1068570826693,0.7172733306277341,55.05785,8.115006926098605,77.43874315920354,55.05785,8115006.926098605
0.2998875,1.5779193162440533e-05,5.34398697886112e-07,5.512814358231808e-06,1.0691737014774666e-06,1.9494882818486022e-05,1.227602322227448e-06,4.829661379988084e-05,4.343117701036617e-07,7.172458642500782e-05,1.395072409044802e-06,9.29607469427031e-06,1.6263824914399287e-06,1.6365471147878738e-12,1493.5760336068977,0.4697427181554423,40.015,36.38492311879967,77.98554508554183,40.015,36384923.11879967
0.3144839709006424,1.0136693265662328e-05,1.6710236055878237e-06,2.983388341035076e-06,8.283226875476421e-07,1.3847681505342754e-05,5.640438528738389e-07,7.107148723478116e-05,6.691313386594569e-07,6.208060863476581e-05,7.7845340674705e-07,6.031145602791138e-06,1.5906847898143293e-06,2.1068222423783104e-12,1115.3616361788454,0.6208653138229338,43.23556,8.449973163974304,86.62454535972786,43.23556,8449973.163974304
0.429654,7.227180698331839e-06,5.287851886537549e-07,2.3614789207893347e-06,9.267707444974198e-07,9.409780104034553e-06,5.131178161079094e-07,2.7816090752405153e-05,4.412032161880381e-07,7.608868258671532e-05,1.5206449138573198e-06,4.720989939064862e-06,1.5105368706059558e-06,1.0113184836314993e-12,1187.0020022311178,0.5883551392487673,22.7128,15.264639877178304,78.15770767570798,22.7128,15264639.877178304
1008437.1711830515,2.8487126775589328e-05,9.097442023249417e-07,1.001019540011045e-05,1.6234819142371697e-06,6.582486840215657e-06,1.7437375300671281e-06,2.5600673230881178e-05,7.946864155288239e-07,2.7139057049504862e-05,1.8849897488212802e-06,3.3933246442411336e-06,1.3052018428748511e-06,1.6077102270209096e-12,1150.088619990684,0.6385029073932219,40.64373,12.341198671679935,51.562828816948425,40.64373,12341198.671679934
0.38528053931263284,7.285702632579989e-06,7.856561603647348e-07,9.893473239071447e-06,1.0920672952009644e-06,8.159659167295301e-06,9.264818794113194e-07,4.5921467158865875e-05,7.889329241710639e-07,2.2603193560632363e-05,1.2845284600179137e-06,7.077817082348609e-06,1.970932017744652e-06,3.609235998334458e-12,490.5495816753646,0.6834564784331625,41.73166,6.0692804274946885,73.63057256255166,41.73166,6069280.427494689
1005848.693637254,2.4213109650084958e-05,9.5625797476064e-07,1.416477421790016e-05,9.229368456056584e-07,5.9824938515207175e-06,1.4480471632262148e-06,5.153874601101534e-05,3.861336598669676e-07,3.429763830557248e-05,1.0710193519679933e-06,9.666203181626767e-06,1.6219580171102913e-06,4.748854470518546e-12,941.5721811665687,0.7646254835980929,39.67717,4.151306362746092,85.32079865556095,39.67717,4151306.3627460916
1006467.5885526284,5.422115147047596e-06,1.4270395165498284e-06,1.1735565338292329e-05,1.2471155221291322e-06,1.888205437493877e-05,6.430791122154181e-07,5.869246451135206e-05,4.228161647956573e-07,5.346666965772398e-05,1.1409419489405586e-06,3.6628190289843547e-06,5.054095405896348e-07,2.2870890826446117e-12,553.9829790298514,0.5730491837285719,32.69572,3.5324114473715413,87.0778786126309,32.69572,3532411.4473715415
1005042.3156079827,2.3701855523003354e-05,5.986602618384067e-07,5.561602974873641e-06,1.1138339762105468e-06,9.180764119172391e-06,1.1767886931857404e-06,2.7407344647077293e-05,6.230123373310967e-07,7.166970679182324e-05,7.379149974393328e-07,8.547775751070292e-06,1.395659639631869e-06,3.3313527945514465e-12,1149.6794111149907,0.6288979846367179,24.52333,4.957684392017335,92.21684499361855,24.52333,4957684.392017335
0.273693825,2.403778683835007e-05,9.715288529315518e-07,1.1870223542580293e-05,1.614717273875003e-06,4.904351872605124e-06,5.78450372173431e-07,7.026109227808453e-05,4.67922114986982e-07,3.453105855518066e-05,5.348763193785009e-07,7.053836553131063e-06,1.6221787301007067e-06,1.4049245105665114e-12,1079.7866525610907,0.6992673115164136,43.50749,23.40449306845003,71.46019857106207,43.50749,23404493.06845003
0.32339767499999994,3.129179711781702e-05,1.2774370968938816e-06,1.1838168600336186e-05,6.117726889237433e-07,7.203277030819134e-06,1.2187623775935472e-06,7.396125501701048e-05,7.158307172119217e-07,4.067672714451449e-05,1.0175213416205927e-06,2.3678888187846986e-06,1.4599674539659015e-06,1.5152207936561438e-12,505.30768826529993,0.6301521553618062,36.88031,13.250034375163715,72.4591843909349,36.88031,13250034.375163715
0.3450553958689296,1.1390074332922988e-05,6.999993357332611e-07,8.392035941128226e-06,1.732781960235023e-06,4.0554422507710786e-06,5.028310578786008e-07,2.778726511110664e-05,5.754405295617247e-07,4.694439975088456e-05,1.9458976932183912e-06,7.850767402759988e-06,1.847121105968828e-06,2.8625838759083056e-12,586.345578107118,0.5106772074479846,36.40515,9.276239165242817,73.35320174593262,36.40515,9276239.165242817
0.42029384986853247,1.3082737123174802e-05,1.7426829450649942e-06,7.5524357064306904e-06,1.6691303303587228e-06,6.584697033297097e-06,5.826246557080609e-07,7.600116413520341e-05,5.164349018962506e-07,4.4786402888174036e-05,1.5764483513749809e-06,6.621189307623428e-06,6.032698742530843e-07,2.802303756392245e-12,1404.127477454899,0.5139236976331238,39.17834,5.4347440052587,87.77311122113701,39.17834,5434744.005258701
0.35180302868261093,8.104408185516324e-06,1.4511377591634266e-06,1.065693675336579e-05,1.9820987772693516e-06,4.767988656012977e-06,8.597555305867561e-07,7.327725794769774e-05,6.467177360308492e-07,2.8264110671883586e-05,1.1168830693260282e-06,8.786280011601107e-06,6.683130444117855e-07,2.6744049899537905e-12,628.2067726645333,0.6506698627377463,48.52371,5.370765852695563,79.3979062856647,48.52371,5370765.852695563
1060000.0,2.191494932280677e-05,1.0983847934470034e-06,2.23074393339707e-06,1.5419435213235363e-06,1.2421234708389734e-05,1.1054266937894461e-06,3.626019281019864e-05,5.393548776855816e-07,3.091809622086383e-05,1.0102877692365603e-06,2.863374622451969e-06,1.2691496418848456e-06,1.7004591639605852e-12,1065.7911001301477,0.7189472840790868,-15.6898,0.0,0.0,-15.6898,0.0
1009399.2101426,5.808067343352778e-06,9.68552854322334e-07,3.730785079456521e-06,1.5665844344211958e-06,1.9711835125825886e-05,1.2784369359705157e-06,3.9384048468810014e-05,7.719151367689973e-07,2.6777695715152756e-05,1.9891573333690244e-06,5.7130312279038986e-06,5.726491344218368e-07,3.0198717783592503e-12,805.7621404930892,0.7829206210015103,12.5987,0.6007898574000344,100.17780568947063,12.5987,600789.8574000344
1008818.2218923355,6.078377990372511e-06,1.7930450509554182e-06,7.215847712650961e-06,6.536591132290753e-07,1.1526433079519496e-05,1.2174286758900232e-06,2.00726082620066e-05,5.400355668644608e-07,2.7053664273425884e-05,1.1232946651347159e-06,2.5404197663148694e-06,6.57354048105037e-07,3.143305578907362e-12,618.010891730171,0.40546161602823827,24.2604,1.1817781076645475,90.22419215649234,24.2604,1181778.1076645474
0.5376614849571205,3.277441316421482e-05,8.812360700664128e-07,6.538092097001841e-06,8.011449065865526e-07,1.8570866027097213e-05,7.933675647672975e-07,5.782346542802377e-05,6.438423492080215e-07,2.7290836895392824e-05,1.4438877664676136e-06,9.406820165625325e-06,1.814275164882954e-06,3.0037225053144136e-12,710.3643410621532,0.47822697507924444,20.61055,6.310375601715176,85.23788179235576,20.61055,6310375.601715176
1005463.1870737991,1.2975609085940706e-05,7.722414764117661e-07,7.729855735204987e-06,7.91153266997244e-07,4.843444650201396e-06,1.1860278432396886e-06,2.482425361774992e-05,5.785966919914501e-07,2.154361271572256e-05,6.068063968459615e-07,2.457363714064409e-06,7.248109397108143e-07,2.1908229789490324e-12,579.6249490309146,0.7168842572342582,29.36483,4.536812926200971,81.69170818656863,29.36483,4536812.926200971
0.346642725,9.925541249781638e-06,5.236808138365196e-07,3.263565464988596e-06,8.200988956989171e-07,7.23405685189158e-06,1.3101403774499132e-06,7.853790360290319e-05,3.722489382766625e-07,7.802382249490542e-05,5.261316342965495e-07,3.875768955933615e-06,9.596145986837094e-07,1.1258335345559177e-12,743.5256597897971,0.5236672468944459,33.78097,19.198586784153072,86.50343417377456,33.78097,19198586.78415307
0.5167358060480975,3.5089842222423776e-05,1.5010102458499164e-06,6.226087593164943e-06,1.5142898290777628e-06,1.4476834746499174e-05,5.833016845269102e-07,2.4970676058452574e-05,5.589676548324497e-07,2.825611422015823e-05,1.2529630896932215e-06,2.3238313674853533e-06,1.2055865934825643e-06,2.1569219316126942e-12,1152.1447642339185,0.7142782122321998,24.22783,6.062218758076097,77.42023068860973,24.22783,6062218.758076097
1027536.0219063476,2.884290854274429e-05,7.845054991144978e-07,4.830102364425375e-06,8.76874511536397e-07,1.7195523286957274e-05,6.318788513743709e-07,2.4603342378492014e-05,7.863355072787584e-07,4.918487808846457e-05,1.2417979857213431e-06,5.533539339034166e-06,8.289491381059691e-07,1.6103593890292535e-12,745.0202355138541,0.6779898713609611,47.4567,32.07642228101842,32.46397809365245,47.4567,32076422.281018417
1007018.2834291774,8.37985471349796e-06,5.030389143705853e-07,3.3545315409377255e-06,8.347601589855378e-07,1.4761120918519577e-05,8.011913414732244e-07,3.1731905248365416e-05,3.9812709555873954e-07,3.520498805430602e-05,1.3299625167738382e-06,3.987320682484333e-06,9.99615231907673e-07,2.1907866913573475e-12,900.6136438804094,0.7208040287261135,12.84654,2.981716570822633,97.94441590069384,12.84654,2981716.5708226333
0.18820874234984752,9.55839517635665e-06,1.5022980187626018e-06,3.1924211167710597e-06,6.044927422874103e-07,7.737444067821068e-06,1.96200391546797e-06,4.447876448042415e-05,5.815474480495593e-07,2.8792756216152714e-05,1.5658664183381343e-06,2.117139735842465e-06,1.0274706458439746e-06,3.0569021543526398e-12,1272.2527773488714,0.5601229565309439,67.58251,6.196897306006099,82.6865371729728,67.58251,6196897.306006098
1005513.9724557775,1.095120017818961e-05,1.2495242506164697e-06,1.0429060713578448e-05,6.088817603922249e-07,1.8749725115721593e-05,1.7166357629605279e-06,4.363880839441648e-05,4.168903324979599e-07,5.1740852670457105e-05,6.152878182912904e-07,4.959209786234076e-06,8.40342575214589e-07,1.720536213253348e-12,230.3729133347749,0.44167337256047595,23.4303,4.486027544222527,89.99046280984318,23.4303,4486027.544222526
0.2805729,2.4962748456002242e-05,5.264076765650698e-07,7.310886151370074e-06,1.780171114845635e-06,4.1559031024357145e-06,1.3590553652365806e-06,7.528546965274609e-05,6.187269850472618e-07,2.540807200902546e-05,5.402255841469429e-07,5.11966436865778e-06,6.67838061093096e-07,1.6451991766631038e-12,243.11398188937113,0.5745694595549483,42.59028,17.789112540495832,67.11202879538953,42.59028,17789112.54049583
0.28690683524205896,1.3443137643936723e-05,6.272791715656069e-07,2.5190052407089233e-06,6.43781510526883e-07,4.5050942726440405e-06,1.2295299280541256e-06,5.175628839037349e-05,6.578025641004564e-07,6.215175650158798e-05,1.1300075370305884e-06,5.559182355016324e-06,1.6000967425027642e-06,3.293669215844154e-12,404.8166904701952,0.7679459195671214,49.14485,7.780271590317642,78.73351879177272,49.14485,7780271.590317641
1001042.6662691836,2.548396743129989e-05,1.16376560824915e-06,2.5087213557419325e-06,1.6247319384082933e-06,5.739325482677886e-06,9.731727854679547e-07,2.495330357976955e-05,7.502804413304523e-07,2.1202692070465434e-05,5.401030521612171e-07,4.919397534415606e-06,1.7039950081753693e-06,2.275669894575737e-12,1048.078096675063,0.5777885757344892,51.99098,15.37423601916801,58.95733373081633,51.99098,15374236.01916801
0.44877459362281835,8.945194873687022e-06,9.38260214272044e-07,2.2305231506060156e-06,7.433655997313493e-07,9.845672863774738e-06,9.875947746185047e-07,4.2367189436576e-05,7.322250338015977e-07,5.973481153404394e-05,1.7187125036408263e-06,8.985476166224033e-06,5.449814438378545e-07,1.3654055285475454e-12,406.41325265810184,0.6640935198025498,28.80382,7.407870255087266,78.58579169839754,28.80382,7407870.255087266
1006352.920388317,2.812366026806903e-05,1.4089118228644379e-06,2.106685320736795e-06,5.579858968665999e-07,1.9898187456657027e-05,8.967494709841679e-07,4.450115973322975e-05,3.755672873060322e-07,2.9944115818672927e-05,8.900230097780969e-07,3.9260760108760375e-06,1.00454268037267e-06,1.6846008427370353e-12,1162.847137044005,0.5083006933065343,11.1377,3.6470796116830333,103.05749504437883,11.1377,3647079.6116830334
1005152.0644721254,1.168822315453674e-05,1.612484193594902e-06,4.633316978674366e-06,1.3060596540310976e-06,4.1272112288549e-06,9.032353842246788e-07,6.323090105369324e-05,4.449329917505668e-07,2.4815869253956482e-05,1.1935461588709318e-06,8.746952880331628e-06,1.998126040977758e-06,1.3293417206244854e-12,799.3415190486206,0.5812194274369249,32.45141,4.847935527874668,85.05010613872578,32.45141,4847935.527874668
1006711.9186555175,1.3170674323864948e-05,7.077034466942668e-07,5.420334615151969e-06,1.755984864243011e-06,6.086969870126794e-06,9.221271960861951e-07,6.151452125192673e-05,6.291191077782303e-07,2.9183829895783474e-05,7.770938762888226e-07,4.248344781722729e-06,1.4649712365244555e-06,1.0887946573190523e-12,764.1692296589447,0.4569116798188742,47.14917,28.945764507761993,53.288081344482535,47.14917,28945764.507761993
1008854.2375793544,1.795598817357223e-05,1.000170754218656e-06,4.989971139363626e-06,1.7932286374651361e-06,9.627798257053216e-06,6.199081664951886e-07,4.1264619875923544e-05,6.795080937471161e-07,2.416069086434325e-05,1.50869149267914e-06,2.53231838713813e-06,8.718231505386717e-07,3.183801709743588e-12,1119.676892735597,0.7023557793428158,12.74623,1.1457624206455725,98.32238571210691,12.74623,1145762.4206455725
1009252.8251657549,8.535055953708711e-06,9.170635924469898e-07,2.005285239981736e-06,6.559920673320768e-07,8.839681974901987e-06,1.2234435607274665e-06,7.37688753704588e-05,3.696936489989845e-07,3.420921788070238e-05,1.351414907152297e-06,4.7906571243569274e-06,5.07383648678532e-07,1.3825410551675912e-12,1096.9658143157435,0.7854780514277917,8.884677,0.7471748342450847,110.10060161817212,8.884677,747174.8342450847
0.3538668,1.152093574478075e-05,7.637798497770954e-07,5.176249476683987e-06,1.6700488474723568e-06,1.541261505951067e-05,1.2074427910484924e-06,2.4430619879552986e-05,5.732610570906251e-07,2.6059625044836953e-05,5.931304588730214e-07,2.647224040884426e-06,1.4374422873116928e-06,1.5257579215267506e-12,923.6377104381168,0.5443854875511598,32.81776,15.011879605055082,72.8475255423429,32.81776,15011879.605055083
1060000.0,3.860920452258936e-05,1.2697132060092866e-06,3.4462468082277376e-06,1.598711731039465e-06,1.4305621046593883e-05,5.623271634592398e-07,4.619896498511503e-05,7.855068584394421e-07,4.325100905404092e-05,7.186605898259641e-07,2.0644960863816013e-06,9.201775445515839e-07,4.474190942149529e-12,354.04983246822223,0.4004698714379644,-11.7078,0.0,0.0,-11.7078,0.0
0.43713410042746126,1.4573115026845183e-05,1.364016743569697e-06,4.481180383891136e-06,1.6753298875795264e-06,4.719482108869046e-06,6.333610562089803e-07,3.888131043715414e-05,6.043944943471246e-07,5.46061062335637e-05,5.394750627512305e-07,7.569816213479523e-06,5.420246305000013e-07,1.4388957572517814e-12,752.0434675183479,0.6191887336342965,31.67709,7.011508982901549,85.33914364611621,31.67709,7011508.982901549
0.46866090935644644,1.0859594822429942e-05,9.235545993079449e-07,4.294839588101642e-06,1.3183887601099292e-06,1.135204565131161e-05,7.512378652519575e-07,2.244625860283891e-05,3.757750670578908e-07,7.72155342796095e-05,5.676924755780677e-07,8.882533832346279e-06,1.1028983488536055e-06,1.0008111295514433e-12,1079.1712582832306,0.4203985119320215,21.41887,8.827902625742142,91.38363883359261,21.41887,8827902.625742143
1005348.4664441091,6.234759253129871e-06,1.0796283070120299e-06,4.148659163512592e-06,1.3689080300033856e-06,4.076826872137889e-06,5.344513293005254e-07,3.240083881606064e-05,4.5346612573423936e-07,3.856015137016695e-05,1.2942848155031004e-06,8.938712196561825e-06,6.874311146514694e-07,3.000345406469709e-12,428.31273781212974,0.4327633560060119,38.83871,4.651533555890915,84.29782436454825,38.83871,4651533.555890915
0.353577,3.915704062929682e-05,6.34766204315305e-07,1.229285816684585e-05,9.60152800210207e-07,1.7149655385884758e-05,1.4960016052012374e-06,3.8550298522632885e-05,6.041812116935041e-07,5.09427837711428e-05,1.2379092959870977e-06,7.983824898789912e-06,7.941731273780849e-07,1.448140646663807e-12,978.8899313579442,0.5285164433568806,32.8564,30.073297386165354,64.29126022524888,32.8564,30073297.386165354
0.35261962499999994,3.033964857218822e-05,1.9663609727959452e-06,9.030694757792365e-06,7.114379541111625e-07,1.3593643945638759e-05,8.083753672603741e-07,3.4038222533611454e-05,6.187201110463498e-07,4.694788573108413e-05,1.398608037588133e-06,5.869556957245186e-06,6.291722714382619e-07,1.5725582406117296e-12,725.802600901406,0.4452023188746629,32.98405,12.958657737404485,74.038772159455,32.98405,12958657.737404484
1002421.179612363,2.523945792567901e-05,6.700674992973658e-07,3.6000083046575757e-06,1.843331497860058e-06,1.4193279006344915e-05,1.6262790778707643e-06,2.274944456349328e-05,7.37466668020785e-07,2.5942336068814006e-05,9.44204922552203e-07,7.029254639596002e-06,1.1689552553375616e-06,1.447444633285856e-12,777.3801216947968,0.569499480117027,23.55418,15.135981842740376,57.57882038763701,23.55418,15135981.842740376
1006919.4728410569,2.386311994322001e-05,1.397760518380596e-06,9.464394665793594e-06,1.2954506642574098e-06,8.216774277586965e-06,1.0476424383493036e-06,5.606438752219221e-05,7.3890390341045e-07,5.7927362071466155e-05,5.033371492004026e-07,4.694832028725497e-06,8.049717657941583e-07,3.4354641242318662e-12,1250.8348474981603,0.5831220337783654,28.21525,3.080527158943064,92.10722502546479,28.21525,3080527.158943064
0.36882975,1.7364429896389827e-05,5.332385350190409e-07,4.157440806945595e-06,7.560477851773894e-07,1.2818164497850823e-05,1.0227278639843962e-06,2.2309861750839937e-05,4.476416179481156e-07,4.673647533738454e-05,1.0217314935069688e-06,2.8107319803328916e-06,1.5572220180603485e-06,1.7212299969637876e-12,720.9980780049417,0.5132965854837639,30.8227,21.79044651557726,72.35958117664167,30.8227,21790446.515577257
0.47363454864300747,5.4919800265663706e-06,8.184518866458767e-07,3.3465781307799436e-06,7.908094587735088e-07,9.929658341084385e-06,1.1135124003077524e-06,3.6641012932436755e-05,4.16529517582843e-07,3.358392239685821e-05,7.007506279008652e-07,2.5271456373752116e-06,9.219394110758329e-07,2.5894338516798604e-12,326.322571722946,0.4466239991501843,32.74665,5.230623054279699,86.68435684934647,32.74665,5230623.054279699
1010294.9338966561,2.105880153975135e-05,5.409276289545983e-07,8.214207615900608e-06,8.373424156749828e-07,1.2202063642279443e-05,5.515794575672299e-07,4.194399424740241e-05,4.995853373069798e-07,3.6014597342822244e-05,1.0163217393961957e-06,4.8774360698267045e-06,1.9874675403294937e-06,1.6777365764790855e-12,489.08425095720844,0.4663779350411122,43.71153,43.040520309359486,49.70506610334388,43.71153,43040520.30935948
1008111.5703519646,8.28336346411213e-06,1.5729857348340184e-06,4.5877409465658e-06,1.0001110465462992e-06,5.605254370351074e-06,1.5555971661868905e-06,3.752675560516387e-05,6.267984525476657e-07,4.930277265485781e-05,1.3070913248793553e-06,7.873140902770343e-06,5.0579625095327e-07,3.394451174521793e-12,1350.1746639837,0.4591186841030151,32.53353,1.8884296480354814,90.38875645880027,32.53353,1888429.6480354813
0.43982328375572527,2.979929505584593e-05,7.2166162739586e-07,4.017407774181523e-06,1.9127008843780996e-06,8.877442172449263e-06,1.821156593101419e-06,2.024132594659836e-05,7.105810385848008e-07,3.016788202852411e-05,1.5718556428636866e-06,7.516711060684376e-06,1.0239060216362412e-06,4.150960858076538e-12,829.5505814090747,0.7166739420534994,36.41718,5.48191464977099,66.25226434852608,36.41718,5481914.64977099
0.40981334999999997,3.0175744003033513e-05,1.3533390142166955e-06,2.656633574802101e-06,5.465689617514173e-07,1.3563315203104842e-05,7.390949031922618e-07,7.692676355637441e-05,4.4143498670572703e-07,5.493356165504571e-05,7.371763600400404e-07,3.2677495751810563e-06,5.034218474372266e-07,1.3242613635247688e-12,522.2785928556174,0.5822668849182449,25.35822,10.923576302188387,85.95083416054281,25.35822,10923576.302188387
1007189.5118957431,6.203184576767643e-06,1.358595883415688e-06,1.2737401311659112e-05,1.2873334999986324e-06,1.9575388167212113e-05,1.692502579806687e-06,2.2364463141260628e-05,5.073934449894935e-07,3.773811617492966e-05,9.986651879167492e-07,4.733837500926846e-06,1.534048774664346e-06,1.7399690213090106e-12,387.27390027003867,0.7328719016821854,26.10446,2.810488104256958,85.29638870914967,26.10446,2810488.1042569582
0.48081729240181437,7.28392303661863e-06,9.278917832555887e-07,1.336548940850168e-05,9.048276998559447e-07,1.7569157904185008e-05,1.025935458055666e-06,4.715199039094193e-05,5.764959281897765e-07,4.2383900214408934e-05,9.474018270340862e-07,4.265709072504263e-06,7.507414868218582e-07,1.6991562761275868e-12,535.377161566324,0.5807676337912432,27.35981,6.559365303927425,84.0764581056875,27.35981,6559365.303927425
0.4818736752176626,9.23211401350049e-06,5.50396200980933e-07,3.499270845379139e-06,5.86862059304163e-07,1.0683042843006194e-05,1.9865027024074023e-06,5.441812958323829e-05,5.726257464783865e-07,5.219246081319406e-05,6.717785185694317e-07,9.915397357793739e-06,1.7824707996388235e-06,3.042055141244713e-12,1451.3292914829178,0.5739856844603868,30.08108,5.700728991293495,94.2812601069615,30.08108,5700728.9912934955
0.3268437,2.1230501526201115e-05,7.931923619556723e-07,1.4731815268501378e-05,1.9666529346832743e-06,1.0196706435484997e-05,7.082525336096124e-07,6.924093709952571e-05,5.435273870271331e-07,2.0768985184448254e-05,6.183015019733151e-07,3.132584823135016e-06,1.938455923849071e-06,1.5854224396048143e-12,582.9877564465412,0.6416171289753948,36.42084,21.130445169371075,61.48971365176168,36.42084,21130445.169371076
0.365672361386497,1.202300036047903e-05,1.4913796487192302e-06,4.044268459244472e-06,5.895380722046954e-07,1.6676584326966934e-05,1.9485173313679184e-06,3.5288033169667484e-05,6.837273194167538e-07,2.4153065166008234e-05,6.00662212839241e-07,8.814503122084092e-06,1.665116070755707e-06,1.1051157318063801e-12,1424.4613778204243,0.5861335874444928,32.50512,9.62156954454012,81.07504270970007,32.50512,9621569.54454012
0.4520046851491289,1.961140118562848e-05,7.958540278030332e-07,3.3252802017855187e-06,5.214178904580769e-07,6.652507950289094e-06,6.897431734132417e-07,3.381198530399618e-05,3.997997506409995e-07,2.3967387445987216e-05,1.2069210275513386e-06,3.2387531488861977e-06,7.052230659869346e-07,1.4093092536997038e-12,771.9904173038045,0.670074907470527,23.80589,8.778045594034843,80.7307425671387,23.80589,8778045.594034843
0.25416668428471806,2.6856640049502278e-05,1.7742150681260348e-06,8.454987031365746e-06,1.76159164694959e-06,4.45835461546482e-06,8.87434618913323e-07,4.915711774679349e-05,4.5173461248521333e-07,3.7662702507812325e-05,1.6802495651645592e-06,3.921551679575229e-06,1.6507880028735275e-06,3.6227363602669148e-12,336.6817889293732,0.6502173336639938,53.83693,7.682253628611277,72.80432217598693,53.83693,7682253.628611277
0.30213410201195523,7.733110666665798e-06,1.31681895863954e-06,5.384681233540101e-06,1.6187406676783975e-06,9.813097819877734e-06,9.838703128595734e-07,5.72228866012816e-05,3.7391257995586173e-07,3.458593961476638e-05,5.567681255829158e-07,6.140168179640084e-06,7.566066367968816e-07,2.723747031130329e-12,863.854187210857,0.6054397743980285,49.95648,6.9276919195217905,86.2208767217318,49.95648,6927691.919521791
1008892.7678309358,1.0943899872523437e-05,8.163607975127602e-07,3.858251225167115e-06,1.58750529372728e-06,4.5489493457054585e-06,1.8152705816476222e-06,2.5148889500031066e-05,7.122581043668607e-07,5.138417055793007e-05,6.381825981203275e-07,2.5034745476743157e-06,1.835640141384383e-06,4.359802616462206e-12,880.3050482001959,0.6161177944577507,25.16967,1.1072321690642182,91.87769113246824,25.16967,1107232.1690642182
0.401294701916079,1.2297574936993316e-05,5.296118269431138e-07,1.2904672848826243e-05,1.5892677642664197e-06,1.0736063400617925e-05,8.587002710809287e-07,7.183490056554659e-05,5.839273840464494e-07,5.745210243854397e-05,6.378133660168687e-07,4.48295647143829e-06,6.209883930096814e-07,3.049031290237062e-12,892.4003600120024,0.5146233899861798,28.91447,9.273870923356837,90.18926220443174,28.91447,9273870.923356837
0.26510115,3.138956386835336e-05,7.882237522062555e-07,2.1874177491698745e-06,5.580572085425015e-07,5.701467719733393e-06,1.2736982825394747e-06,6.18589601943016e-05,5.542483253982324e-07,6.65341691265074e-05,9.464138788333699e-07,7.162788344060942e-06,1.4233310425340383e-06,1.3095988819524994e-12,1169.5297971900156,0.7671856672071534,44.65318,20.502917849456214,71.7245272974447,44.65318,20502917.849456213
1007006.7967645857,7.705473325389281e-06,9.107844400090617e-07,4.315034257769178e-06,9.15706765627657e-07,6.40979516544926e-06,1.489983201939268e-06,7.25479507100832e-05,6.546914166194933e-07,4.258307465356843e-05,6.038943372936527e-07,9.149042993847792e-06,1.3239483785937022e-06,3.4966813291875747e-12,441.9983842414448,0.4576100573813447,31.87545,2.9932032354143088,89.57871535994079,31.87545,2993203.235414309
1005257.5088830247,1.3088549994774095e-05,8.452430145017806e-07,2.1206036017084604e-06,7.004732478957415e-07,4.040713215986054e-06,1.983272246717982e-06,3.9074685017250395e-05,5.634605356571578e-07,6.330518519423732e-05,9.171712578067803e-07,2.274799347743043e-06,1.401293613023351e-06,1.9242922418462906e-12,1065.5895061643955,0.49102239556276506,32.16226,4.7424911169753,89.42725883301195,32.16226,4742491.1169753
1007114.2405679969,7.931099010141893e-06,1.2103745408144964e-06,4.023834803265765e-06,1.670375034600852e-06,1.35208048364871e-05,1.8815417820598667e-06,5.309094287677477e-05,5.28296746665413e-07,3.213724494640331e-05,9.016038990071628e-07,2.728009053203364e-06,1.2317830289026145e-06,3.983458869451579e-12,1306.7803099079758,0.5811664476981931,35.88802,2.8857594320031326,89.9504897579685,35.88802,2885759.4320031325
1005739.9286970517,1.909175877925535e-05,1.4481458367547315e-06,2.2385987566483353e-06,7.906895790080431e-07,6.909871425411554e-06,8.195510541987331e-07,4.494069717343476e-05,4.285628649043788e-07,7.377012091965448e-05,1.466013371995303e-06,2.8526021376012075e-06,1.207528067964659e-06,3.772161370128443e-12,421.2798581717618,0.537756370949193,33.30278,4.260071302948275,86.47633176284857,33.30278,4260071.302948276
0.38228758050180284,3.418594567856968e-05,9.306589248956522e-07,1.2552656247451518e-05,7.707553618297889e-07,5.201681815729002e-06,7.11604478633764e-07,5.762138609313162e-05,7.816616414814164e-07,3.1648448073151315e-05,7.985763791035603e-07,8.627078967753772e-06,1.0298363660507422e-06,3.2193148211857614e-12,1110.465265729376,0.48917268807024955,33.0206,8.802316779927885,85.62632238224394,33.0206,8802316.779927885
0.4340773278380682,1.6661771473088326e-05,9.328624829404046e-07,1.2651761067940069e-05,9.436388549688789e-07,4.2569094738777114e-06,5.777520389111343e-07,3.558176513786563e-05,7.817286581512054e-07,4.2130763363183013e-05,1.8773279462092997e-06,3.5681171206609013e-06,1.1231593486306923e-06,2.7905223723359657e-12,1323.4949534471027,0.559892364947334,32.56759,6.866629886477271,79.68572220947775,32.56759,6866629.886477271
1005385.6811223461,1.9115863894167962e-05,6.904904410915097e-07,4.396998799656891e-06,1.4881723417297809e-06,1.6322531256109817e-05,8.468787131794413e-07,2.0283665783777694e-05,7.772742701900966e-07,2.942566372033192e-05,1.2678696294871253e-06,8.482992649468152e-06,1.4066425874209006e-06,2.001796168459676e-12,1169.9440866466114,0.4828916376454005,27.31384,16.535235052936184,54.61431887765396,27.31384,16535235.052936185
0.36239595,2.1962259511798197e-05,1.1869007944923152e-06,2.3055167838719706e-06,1.300951593817836e-06,6.311963841971061e-06,1.1523470853916123e-06,3.2591563247524366e-05,5.219676972248252e-07,5.2015571234752794e-05,5.205161530182553e-07,5.778509199143628e-06,8.990549696476788e-07,1.2972094085002164e-12,1080.6072697002303,0.504708155810883,31.68054,11.782110045330265,85.02640968078705,31.68054,11782110.045330266
1007239.4059913831,9.581724412358699e-06,1.6028178555736662e-06,7.832033253518305e-06,7.361618251990566e-07,5.1719872825772005e-06,7.316237518902198e-07,3.935042999664746e-05,3.6697426719130353e-07,4.317861998776799e-05,7.824453526594272e-07,2.1997781858488325e-06,5.977222074052174e-07,3.177953978151309e-12,493.00560666092485,0.7820860810427042,34.16226,2.760594008616818,87.3506190688772,34.16226,2760594.008616818
1060000.0,1.6560679750653047e-05,5.204645149564e-07,2.533374547704781e-06,1.3591280083519403e-06,9.010076593588522e-06,5.673200753818961e-07,5.7295172761011815e-05,4.0379772286190695e-07,2.7277119374582806e-05,8.18870612965431e-07,4.844739531337418e-06,5.383745366109155e-07,4.196110774275285e-12,912.5487521855449,0.7992846342196953,-21.4787,0.0,0.0,-21.4787,0.0
1007085.5528167939,5.413271989039072e-06,1.272192599939619e-06,1.3471099078019222e-05,8.304416099221073e-07,5.6853439803789205e-06,9.42176062666948e-07,6.388204012121297e-05,4.215720463630052e-07,3.5001102531497316e-05,5.148955404255392e-07,5.565402740027123e-06,9.328413010236628e-07,1.3056292506443177e-12,1197.0305733311884,0.4283511042534842,23.97779,2.914447183206146,91.53292440276049,23.97779,2914447.1832061457
0.32396011361169236,9.701706210290214e-06,8.478865888791897e-07,6.810846190800211e-06,1.2484175083827475e-06,7.233433276600399e-06,1.3137358060805586e-06,4.4776199773094314e-05,7.37409327670869e-07,3.2646004932060184e-05,9.925934466196692e-07,4.992140254091686e-06,1.1673286703522211e-06,1.8164168126290727e-12,678.1979175883789,0.7564129213768342,40.08693,9.015516455532305,72.92063422783812,40.08693,9015516.455532305
0.20787511126287136,9.81207680184243e-06,1.2286521898936603e-06,8.004975042211388e-06,8.546735525551408e-07,9.901054846379624e-06,1.2000400212468559e-06,3.696656236308936e-05,4.575772854853567e-07,3.315208825234524e-05,1.7173489658685289e-06,7.727760977092296e-06,1.7352472063461227e-06,2.4594025416216524e-12,1011.5453172360826,0.776823899628084,55.71471,8.970582549485146,71.0966722850894,55.71471,8970582.549485145
0.34673295,2.0980316126252785e-05,5.995545455697771e-07,1.1160087090816678e-05,1.733597732263718e-06,5.038494659607573e-06,1.82267477277602e-06,7.386077640674827e-05,7.352022582707389e-07,5.84531286184081e-05,1.2230432799501827e-06,4.476627129725309e-06,1.4637651207662008e-06,1.1270355160945806e-12,1045.1447353313536,0.43851227722664543,33.76894,13.797513110129698,76.00907987070501,33.76894,13797513.110129697
1006820.3340467036,5.748682437941206e-06,1.1960723671889204e-06,2.9033113431321303e-06,7.57196071819059e-07,1.723849679556348e-05,9.881843144427206e-07,5.35566262242241e-05,4.6468629370894637e-07,2.1735969955747063e-05,6.638913059622837e-07,7.126252615950963e-06,1.2566841870250746e-06,2.1429952534729313e-12,701.4324813674724,0.6491844650557873,27.78122,3.1796659532963463,88.98870427663454,27.78122,3179665.953296346
1006601.3866570988,8.622817196356443e-06,6.620271900514394e-07,5.62135394542731e-06,1.4632947418329209e-06,5.022984461243849e-06,1.8688397148677343e-06,2.5974674952707168e-05,6.442210543261866e-07,5.156542295383242e-05,6.992812736337286e-07,6.40813430379287e-06,5.676697768689568e-07,1.3115907877019962e-12,1489.6213678260697,0.7512213319280443,25.27958,3.398613342901172,89.17710253002164,25.27958,3398613.342901172
0.38775766030980663,9.057549251587229e-06,1.3885404687151495e-06,2.8333748395725093e-06,6.600055391650822e-07,1.3877029245418439e-05,6.91165529408001e-07,4.883689554059192e-05,6.788212192712459e-07,2.062085266176985e-05,7.07611297102043e-07,2.6550205982342135e-06,1.3501306188588466e-06,3.7589890496431465e-12,1371.5317036987897,0.544678964371771,43.39498,5.471199587607737,88.0186776803597,43.39498,5471199.587607737
0.40407292499999997,2.811537492859336e-05,6.28302818943775e-07,5.241795738224422e-06,7.759141750338061e-07,9.981663651362553e-06,1.3331176453304245e-06,2.9580085973249466e-05,6.91403733684394e-07,4.6446319512231054e-05,7.099362133995054e-07,2.4905567578969504e-06,1.767602447956694e-06,1.4636020650261794e-12,400.0222587763721,0.5209946972329507,26.12361,13.847844941685306,78.79049341965447,26.12361,13847844.941685306
1006849.9247696745,5.085576486125769e-06,1.077267351125189e-06,6.623948331576728e-06,1.8785554056500986e-06,1.4075529897334394e-05,6.633732376084968e-07,3.042398542651609e-05,7.768542119055413e-07,7.753180680714972e-05,7.189544323904165e-07,4.489006612240858e-06,8.314950193083658e-07,1.1168360700071143e-12,478.64079684819706,0.7068548461366244,20.87942,3.15007523032548,90.76893592498023,20.87942,3150075.23032548
0.4185371028957238,1.8279647363052686e-05,1.30478226467222e-06,1.2078603657235693e-05,9.04403158598678e-07,7.813381298804513e-06,6.467495179802506e-07,2.7864596373167622e-05,6.925569755928837e-07,2.3488410264431903e-05,5.876359235761949e-07,2.085197699198469e-06,6.288764340936492e-07,1.149025790615967e-12,1104.5471535628606,0.4815265193656111,25.92304,9.481603884171045,80.42004208785526,25.92304,9481603.884171046
1008837.7508660404,5.9491234218341086e-06,6.818737929147128e-07,2.408625144262584e-06,1.136128523147402e-06,6.538321676472312e-06,5.244000125709478e-07,4.7113422153959984e-05,7.691727230618279e-07,2.1457449231321784e-05,1.0644228966021756e-06,4.680477054399374e-06,5.511326023309668e-07,1.84289699620405e-12,735.819153432728,0.7238278012289513,10.50029,1.162249133959613,104.04818670376551,10.50029,1162249.133959613
0.382652775,6.941646764431422e-06,5.880596596041134e-07,6.335914345103071e-06,1.2765063991467817e-06,1.6194472485888875e-05,5.25659573989929e-07,2.47625446402539e-05,6.150257026035014e-07,2.6106092675774648e-05,8.616119563883097e-07,4.938136387875278e-06,1.5510889151769725e-06,1.3951306816694744e-12,774.9492604049391,0.46064178715200593,28.97963,15.820265543758872,69.834506468365,28.97963,15820265.543758871
0.22364474999999998,2.430285856067335e-05,1.695843528675791e-06,7.060724095013609e-06,9.84943044584504e-07,1.973464827920719e-05,1.928659512641684e-06,5.363034900386442e-05,6.274624345032351e-07,2.2013818558280373e-05,9.78406740470964e-07,2.036854182550307e-06,1.2400422435909114e-06,3.039734682055379e-12,1372.4869566570244,0.4368966866087337,50.1807,12.494711817806644,83.29730723078892,50.1807,12494711.817806644
1009695.8526124123,6.352755958367468e-06,1.0086008139819855e-06,9.299600350963961e-06,7.480073806916981e-07,6.70611367192452e-06,1.6628010313078508e-06,2.335981782254233e-05,6.408323604421106e-07,5.9111675413971215e-05,5.161464977099485e-07,8.34188054333248e-06,7.061422704680665e-07,4.633386324468909e-12,542.5456149143265,0.5471519363816302,11.79236,0.30414738758768867,104.0786509446086,11.79236,304147.3875876887
1008866.0802386625,5.297735919392316e-06,9.904701914225928e-07,3.3506938988101125e-06,1.0270292453597512e-06,1.3811144493332859e-05,8.06577324668768e-07,6.288660177686894e-05,5.349156873641785e-07,3.234415183201128e-05,1.3256606020817104e-06,3.559060102043605e-06,1.6464134291217823e-06,2.0940555478749653e-12,493.9217455522273,0.7302038323203455,15.45475,1.133919761337508,97.61199293391127,15.45475,1133919.761337508
0.5386130547859098,2.4077872390741413e-05,6.680070041391082e-07,4.427222537558714e-06,1.5916202107961497e-06,1.1611114488150176e-05,1.8912787951215425e-06,4.021286197263315e-05,3.8277710047203807e-07,4.940462443981565e-05,1.6307694734239944e-06,6.626901917898556e-06,1.4523067166006252e-06,1.6614801316159771e-12,1355.4566792922803,0.702017251966871,23.09454,5.5271158085636065,87.99437595864383,23.09454,5527115.808563607
1002032.4665448568,3.809657321707554e-05,1.9213081200461577e-06,1.3675131391424473e-05,1.4333434159387835e-06,1.0064709472614505e-05,8.45707922814854e-07,5.827884435866881e-05,3.7779639728065824e-07,3.477076387130793e-05,9.482327986828558e-07,2.0444707940656775e-06,1.138880167288348e-06,1.5716846967320898e-12,1388.1965829160415,0.7450649733462857,70.23614,29.13153151367558,57.96753345514321,70.23614,29131531.513675578
1003630.2757903241,3.741311778398576e-05,8.671937282337735e-07,6.762208844076852e-06,1.6501459662694418e-06,4.986161396227586e-06,1.4456675821223612e-06,2.7064468965385633e-05,5.202897048939356e-07,2.082846261430932e-05,5.808308157765037e-07,5.98631336405395e-06,1.0322768215149434e-06,1.0144312011701692e-12,234.3564141839526,0.5981909658510918,38.18969,19.329699653477928,56.36972420967592,38.18969,19329699.653477926
0.360765675,3.3385334525340425e-05,7.313817473203806e-07,2.2055637613039762e-06,8.960880401642959e-07,5.977999522172383e-06,6.747407890300837e-07,2.696307710352906e-05,3.68910836538758e-07,5.677565008594163e-05,7.984591354724317e-07,4.7276048640854226e-06,9.87491504956756e-07,1.5828000035570738e-12,1104.598147453552,0.6773958132449769,31.89791,19.435740942491904,74.60919334683152,31.89791,19435740.942491904
0.124976625,1.575902457733191e-05,1.1859987180078255e-06,7.4263288913365315e-06,7.006722475524038e-07,6.8588692737586445e-06,1.3797595123545737e-06,6.415044228352129e-05,5.336170773890785e-07,2.4356068516507706e-05,1.6265735035763493e-06,3.3745119532807267e-06,1.0595697435635147e-06,3.0479188589561038e-12,1091.6657647936345,0.6201638518141227,63.33645,10.132544418508253,77.80299666394437,63.33645,10132544.418508254
0.42603282763624045,1.009048162032181e-05,7.313811407174821e-07,3.7832821321454887e-06,1.6707936288736884e-06,5.6226769475401935e-06,1.4525541407786955e-06,6.908300107863096e-05,7.716502781231464e-07,5.911179377773649e-05,1.9022548442132724e-06,8.782529503033496e-06,1.0272308825261244e-06,1.3043530907888448e-12,1176.2883142066753,0.5713462218511374,31.57076,7.487458894550381,81.5315838445529,31.57076,7487458.89455038
0.3254069278147982,1.5454028186958086e-05,1.7626564406571274e-06,6.031039456051669e-06,9.849197802393004e-07,7.570371730265459e-06,1.090647261084774e-06,4.822602149905209e-05,4.0431052432858657e-07,2.7915013341655393e-05,5.119191655389686e-07,3.0299292509766303e-06,6.929251059267789e-07,1.5082464706833135e-12,673.3198953758656,0.5244803738990284,38.27428,9.501438887408074,82.67887148129579,38.27428,9501438.887408074
0.30128055,1.2002000465255128e-05,1.5147991709511145e-06,5.671066780355349e-06,1.3909866206855714e-06,1.8268338873016452e-05,7.227145763110594e-07,3.448071419474299e-05,5.328533238965694e-07,2.260548790922951e-05,5.274777900589769e-07,2.886586908674078e-06,9.426126004334375e-07,1.7429682334206447e-12,419.25404405305994,0.576905988099533,39.82926,11.508994859125252,73.69853621044565,39.82926,11508994.859125253
1008442.530269129,1.1478288609179652e-05,5.919948579251982e-07,4.117261194318676e-06,7.598672532345324e-07,9.131485524543302e-06,5.831004263372427e-07,5.8665229309927866e-05,4.406167427232466e-07,2.2329366669598085e-05,9.194383567031642e-07,4.800701643696406e-06,1.331882888686872e-06,3.14199012343405e-12,1113.961810566619,0.7566529872072993,11.99799,1.5574697308710623,102.08011363017329,11.99799,1557469.7308710623
0.46540608098931896,5.8159024617741475e-06,1.0555755772500076e-06,2.538149177372859e-06,7.651589948098408e-07,1.751128768688533e-05,1.6466059157078976e-06,6.75006446620611e-05,3.825628030065278e-07,4.0919657011752084e-05,6.297153951787467e-07,6.671446984601036e-06,5.155808401749505e-07,1.7086395327191669e-12,641.7207324658366,0.6522370227265757,32.626,5.595956760427241,87.83838047102256,32.626,5595956.760427241
1007002.6895143328,1.0998078776979591e-05,8.129667843596332e-07,3.364919195921233e-06,1.397682803392795e-06,8.955452933208666e-06,7.039755218285777e-07,4.0365264893095615e-05,4.414713573363648e-07,6.491658483449062e-05,1.4719163064245055e-06,7.800043506285539e-06,6.891778361295961e-07,2.0700854825287814e-12,1485.2302241846373,0.7227819115737157,18.81217,2.9973104856672563,93.83927846612563,18.81217,2997310.485667256
1008069.4730587854,7.55348219159997e-06,1.6871286855627635e-06,7.818936303367082e-06,1.2006092484672575e-06,6.63847640427653e-06,1.977612641050362e-06,6.476431836619606e-05,4.776667684104265e-07,3.5321408007634375e-05,8.999911406941151e-07,2.0287454447871764e-06,1.9792480772898524e-06,3.935337786377168e-12,320.5305843149555,0.7821124208380651,41.74371,1.9305269412146038,86.63321202144144,41.74371,1930526.9412146038
0.33880899400513953,1.906050738471741e-05,6.051369693312903e-07,5.4392067817638665e-06,6.154321148718813e-07,5.704470955466397e-06,1.0319110977783925e-06,6.0617048851643656e-05,5.246133821566602e-07,2.8960998250141515e-05,5.951871657803396e-07,2.34540208229228e-06,1.6408929376490014e-06,4.733025586307422e-12,778.5269727324545,0.7489147478429125,43.45574,7.410918239794417,87.11986360669418,43.45574,7410918.239794417
0.47787567885355703,7.70025497133637e-06,1.511189981953264e-06,3.1902813910693975e-06,8.323723878317952e-07,1.4174991282589007e-05,5.398795935925824e-07,4.474912914385819e-05,7.027769496948385e-07,4.796432634716911e-05,5.151098917599756e-07,7.132006394965095e-06,6.539976640481505e-07,1.0484154330954566e-12,1130.9767587924534,0.6294346931130699,28.49127,6.337591845857717,87.87294552268573,28.49127,6337591.845857717
0.4003105594510987,1.1640577278818276e-05,1.7868806860219054e-06,4.13689514617725e-06,1.06230024582739e-06,4.474365941681344e-06,8.849859872292798e-07,5.2283176618900685e-05,4.4293097003584986e-07,6.88367605047328e-05,1.4613367345884418e-06,2.0629681426667185e-06,7.321387859520993e-07,2.3379735565575935e-12,527.4408543897032,0.5088040744925124,41.73744,5.466345621956051,85.4332758029408,41.73744,5466345.62195605
0.4859077193338582,3.0627238428204484e-05,1.895286343244048e-06,1.0289939153740915e-05,5.240775769831837e-07,1.2163747151073839e-05,6.352696804693575e-07,3.9286356155435543e-05,5.676941368611059e-07,5.370499876613071e-05,1.1117275312829627e-06,8.194424688821085e-06,5.938733377655598e-07,3.6904140579597746e-12,972.0931227583586,0.5421597846003862,30.18539,5.5080742266456735,88.17911855207471,30.18539,5508074.226645674
1005235.4426103504,9.045370375880892e-06,1.411954082252239e-06,4.735159629160066e-06,7.892784016461429e-07,4.996310042176077e-06,5.621733765400996e-07,5.5935240740387497e-05,6.279268951664905e-07,6.431426997979024e-05,1.3161533289302591e-06,3.5340730710098857e-06,9.139875742924905e-07,2.1466763650774506e-12,419.1228885251035,0.40310096432932946,32.45688,4.764557389649597,86.89095898107401,32.45688,4764557.389649597
1008457.0459379593,5.126131869133665e-06,8.887268925527712e-07,1.3032510818323008e-05,1.714736926826264e-06,1.6699299094435407e-05,1.3536922937447257e-06,2.1941677027334828e-05,7.954297542048476e-07,2.6562433774596874e-05,7.642231934837909e-07,5.086317278823888e-06,1.4807333259213355e-06,3.070890567755707e-12,614.6015089794865,0.47364983330439,20.08237,1.5429540620406879,91.19822798808441,20.08237,1542954.0620406878
0.394495125,9.58688163392824e-06,5.884884624190583e-07,4.5623853295668685e-06,6.716200328850748e-07,5.772876611570016e-06,6.261639627413625e-07,2.9424049110883263e-05,6.460245921331253e-07,4.6334244457605004e-05,1.3536584751729966e-06,6.041136295378429e-06,1.2896968737889692e-06,1.0771605945140933e-12,317.64665900500734,0.40510368783808737,27.40065,16.707835987995374,71.64946744597378,27.40065,16707835.987995373
1007723.8483473455,1.589482438534444e-05,1.8556005465335742e-06,2.5751728420269855e-06,1.3418334471272018e-06,6.316499965155295e-06,1.2416222750392703e-06,3.724232657508775e-05,7.699413358268914e-07,5.560959751347009e-05,6.967994005736457e-07,7.936925533732079e-06,1.6793623735063325e-06,3.4988769308892117e-12,1421.8829597246806,0.5206942306740202,32.31996,2.276151652654555,91.37487455938734,32.31996,2276151.6526545547
1006733.288846278,8.984592499309548e-06,1.317407578044754e-06,1.115889472790664e-05,6.361595043855124e-07,1.2452684073737394e-05,1.2093229914976501e-06,6.864214557163146e-05,4.378677069087844e-07,5.3787316817708785e-05,1.4617907362575315e-06,7.099733415410654e-06,1.7100009130444362e-06,4.2018217497846816e-12,462.59116256146694,0.4853069766860999,33.79658,3.2667111537220013,88.12908186098726,33.79658,3266711.1537220012
1007989.934855619,7.1051939954584825e-06,1.0495350525857556e-06,5.175435075032321e-06,8.226781825647434e-07,7.680877473801818e-06,9.888923616773508e-07,7.928746915227421e-05,3.976902505711234e-07,2.668885393460456e-05,1.785846337972219e-06,3.8975545929426174e-06,7.853583275448121e-07,1.5540359621094532e-12,793.2481015902846,0.6843901290665659,19.51103,2.0100651443810316,93.63449220225614,19.51103,2010065.1443810316
0.41305389230163747,6.102908742778601e-06,5.608065914767229e-07,5.675546414446209e-06,5.986519156426115e-07,1.2925319112040894e-05,1.9577503586459374e-06,6.371281916434927e-05,7.184215149578667e-07,7.569866341879441e-05,1.8915537701709323e-06,5.9282928849840326e-06,1.0305976214810748e-06,2.603454169634422e-12,294.8796191220578,0.6886131552934907,34.97605,6.985029307934499,80.98887242370778,34.97605,6985029.307934499
1007061.3423024218,5.021141179102164e-06,1.3712034937787515e-06,2.551267332354573e-06,1.9693110499873055e-06,4.846400944901336e-06,7.585906709281425e-07,3.488622524700848e-05,4.4115090423672676e-07,5.3707664172600814e-05,5.599817734106091e-07,2.3608783457192036e-06,1.1212027333461072e-06,2.253544477724784e-12,278.455831749164,0.6306249453350202,35.22124,2.938657697578198,87.32862420858376,35.22124,2938657.697578198
0.14071507499999997,1.0641655289086347e-05,7.614717308394375e-07,8.731673192692344e-06,7.599346732850173e-07,1.753609961983523e-05,6.716452797944395e-07,5.514914052062507e-05,6.655739656245634e-07,4.090736419480855e-05,1.0667633642044496e-06,5.707333525656174e-06,7.971724806029866e-07,3.1374877837494736e-12,513.5280515712066,0.7999955437231422,61.23799,14.440041438360447,64.45908217873856,61.23799,14440041.438360447
1007082.9352110281,2.0101680398195887e-05,1.9198273951196233e-06,6.175699463407694e-06,1.5994376179503103e-06,1.2909709012722337e-05,9.440808904864114e-07,2.162967820227979e-05,5.631363897621348e-07,6.843394927728358e-05,1.2016743910758353e-06,3.4603896528272756e-06,6.351475728456197e-07,4.4775007982806796e-12,403.87136572979404,0.7003857363754553,33.51572,2.91706478897186,84.98076322555826,33.51572,2917064.78897186
1060000.0,2.2676867427855443e-05,1.079119288647439e-06,2.128025590660809e-06,1.91563727804961e-06,1.3481821575643223e-05,8.780395710632814e-07,4.418334064790322e-05,5.746004623594851e-07,4.688119812615544e-05,1.2584853654554516e-06,3.881146371844175e-06,5.137211553613785e-07,2.389144686358789e-12,668.7615117708883,0.6875697846519577,-43.0678,0.0,0.0,-43.0678,0.0
1009240.1630658873,7.63026625689851e-06,1.980001653771443e-06,1.0626920538291033e-05,1.225333485946741e-06,7.151433906606206e-06,5.457660757028624e-07,3.062856385110659e-05,6.59417855575443e-07,5.053465044706617e-05,6.017325917002456e-07,2.381280048298656e-06,1.351497049038645e-06,3.79771192310867e-12,445.58548620138515,0.7972096673995964,23.47405,0.7598369341126773,91.9114637389912,23.47405,759836.9341126772
0.3421661650755421,1.3352960712298396e-05,1.58439629070405e-06,9.05068032308795e-06,1.6083278329064969e-06,4.138668731233225e-06,5.333987328973849e-07,2.8126590485001683e-05,5.453770839649723e-07,2.1757932560268626e-05,1.19999409212779e-06,6.706958303652552e-06,8.91205381062643e-07,3.1534140681570526e-12,1192.8275560217846,0.7005840504395457,47.02655,6.205388396978316,75.82340768195921,47.02655,6205388.396978316
1060000.0,3.525093166568043e-05,6.828272119173845e-07,2.1529980452713703e-06,1.5168694353483641e-06,1.4367272285075083e-05,1.3310845939309775e-06,4.41152673460329e-05,7.323206706064966e-07,4.083197311646133e-05,7.299779797138716e-07,3.0950984861015593e-06,6.194677642603165e-07,3.0616459723585628e-12,765.7522442878802,0.6890145400299681,-31.0381,0.0,0.0,-31.0381,0.0
0.4615714222932787,1.5395138396355083e-05,1.6591723068306302e-06,1.3128744518259337e-05,6.381665166571058e-07,7.736240180082083e-06,5.428141975287159e-07,3.862523981328416e-05,4.525029524546343e-07,6.620609187870749e-05,1.541300532533835e-06,3.776595683968831e-06,9.222843723968795e-07,1.988426171338519e-12,713.7173948331609,0.6707926937227746,30.66831,6.3366501082688504,83.00205958627494,30.66831,6336650.1082688505
0.3388875,6.026685828659386e-06,1.1456493104310477e-06,2.761719300101114e-06,5.76713116351896e-07,1.9933661628786765e-05,7.284452952299527e-07,3.8724807729224296e-05,4.760875036550591e-07,6.580554185970897e-05,1.529362734873051e-06,2.732197184657056e-06,7.942629620628283e-07,1.2374494789848948e-12,393.91508757556346,0.4743610454722145,34.815,10.540103867331975,80.61547784325668,34.815,10540103.867331976
0.5197239798156994,3.797120416285291e-05,8.671802653228765e-07,1.4751093937557326e-05,6.837477944984227e-07,5.669326040413346e-06,1.6136339415974357e-06,3.429218990051782e-05,7.699391684010708e-07,2.8508226236553155e-05,6.344863335169956e-07,8.882994569320168e-06,1.8724063383663767e-06,1.431024384377376e-12,213.14183172079862,0.7642081937663174,26.82435,5.1637358073720225,79.0234911409469,26.82435,5163735.807372022
0.4282988142835938,2.423025439067889e-05,1.997491556061051e-06,5.067852187314072e-06,1.464644785304257e-06,6.058033068172227e-06,1.4351442073758094e-06,5.520816155826543e-05,4.3157675021489694e-07,2.2549301517697376e-05,1.0209278416591804e-06,2.532359950582274e-06,6.142811665107513e-07,2.1135381136150225e-12,1168.0211374329508,0.547238392001902,37.88764,5.50175542865625,84.48002531932114,37.88764,5501755.42865625
1007082.9441426742,6.48614481342163e-06,1.334390025957092e-06,2.993192970989051e-06,1.4340672279466544e-06,1.0087815076806511e-05,1.954620930235509e-06,2.1790473482468005e-05,6.811313166511228e-07,6.41355703479119e-05,1.6928824227050881e-06,3.8038806647285295e-06,1.8003771469450612e-06,1.9289270631970744e-12,1409.9146662021117,0.47764901559353773,29.63215,2.917055857325752,88.52015618598593,29.63215,2917055.8573257523
1007517.3480506379,1.3925226722320491e-05,6.882937523715581e-07,1.4787220853950792e-05,5.983398041232573e-07,9.428972500004071e-06,8.178480891125408e-07,3.483394029571714e-05,6.675500991818918e-07,5.8221671021229925e-05,6.886083858356914e-07,2.5046957745423214e-06,1.4876614835673866e-06,3.9584259796300056e-12,484.85096280634536,0.6696677630445775,18.9466,2.4826519493621015,92.40084702335164,18.9466,2482651.9493621015
0.4325204819047611,7.364786517953722e-06,1.4160089731180348e-06,3.040557179772919e-06,5.251094626618236e-07,1.4728718080469972e-05,1.351837270279619e-06,6.27277695117862e-05,6.465748171262136e-07,5.384311021430324e-05,5.382742401611848e-07,4.794278746715046e-06,1.1236048473956214e-06,1.2579274572552448e-12,469.9012013247482,0.7742422577622984,33.52874,6.640558723809555,85.40038885293414,33.52874,6640558.723809555
0.34409372944014516,5.366628886306129e-06,1.400679800820943e-06,2.0454019193563262e-06,6.574838475684259e-07,5.822035795196857e-06,1.4372654744921506e-06,5.1536680629724825e-05,5.964319208245971e-07,4.212896013016441e-05,1.5383626016475829e-06,2.8066781895562217e-06,7.380863529944023e-07,1.8994417954357124e-12,1195.8566453959497,0.43299580552543,47.82079,5.890013822394192,85.24417704962669,47.82079,5890013.822394191
0.35906265,1.0571221599180677e-05,9.819568169718567e-07,6.026436294027448e-06,1.794822358467213e-06,6.170922213774185e-06,6.774756699564613e-07,2.3006719708338817e-05,5.469373441376055e-07,5.358124704115485e-05,1.191351346146604e-06,6.7169702273150835e-06,1.2960905763541679e-06,1.200751623236783e-12,1434.3208234552772,0.6285467346272621,32.12498,11.217756070253339,77.25087968750171,32.12498,11217756.070253339
1007545.6464476774,1.1149099368407363e-05,5.116130754975105e-07,1.4327747205038396e-05,1.1938877380835555e-06,6.438875143338058e-06,1.6113849334920088e-06,3.278610374131598e-05,4.583412847098896e-07,6.337867620394966e-05,6.10540502421457e-07,3.6141459053627124e-06,1.2582124949982293e-06,2.3823743058663788e-12,489.1952268975798,0.648289622869245,19.41274,2.454353552322636,92.90732188147602,19.41274,2454353.552322636
1006607.9446544412,6.935279258896244e-06,7.467676382833818e-07,3.835813870242e-06,1.3440407961995139e-06,1.1012328723449249e-05,9.334239661960017e-07,4.9088528705501635e-05,7.941515482766213e-07,4.610967759026348e-05,1.031532650028354e-06,3.585239202528931e-06,6.635864956493269e-07,3.2161166809286445e-12,372.62245181221465,0.7968179093482872,28.51722,3.3920553455587585,84.18199379310241,28.51722,3392055.3455587584
0.4934139541800239,7.792477978440298e-06,1.5215879862627e-06,2.159217786265981e-06,1.153853859853226e-06,1.0738765921193518e-05,1.160203280713483e-06,7.097990321876207e-05,6.18096536163113e-07,4.100395916780719e-05,6.761361548791167e-07,2.8097731293414695e-06,1.3074642556757263e-06,1.0374723660245263e-12,414.4751073642375,0.6375451609784639,30.50553,5.1117828327990456,85.85799546174852,30.50553,5111782.832799045
0.3739864801251534,1.0885387574694977e-05,1.1198521531227078e-06,7.780184075734498e-06,1.9025099318240454e-06,1.4445935165536226e-05,1.472997332604416e-06,5.140364528304476e-05,6.43553900601522e-07,2.387554310765566e-05,5.081642067232249e-07,4.033846156985323e-06,1.6863475284915416e-06,3.2715251385212687e-12,881.2105374501806,0.6551585902902317,41.71776,6.525212794993864,83.53979201191274,41.71776,6525212.794993864
1006081.2703309018,2.466113874740591e-05,8.745088261213905e-07,5.030172232828966e-06,1.9737427730339697e-06,8.861343289005365e-06,9.606364784801128e-07,6.688418055549531e-05,6.978036071831284e-07,4.450637837866643e-05,1.0452040180446057e-06,2.9744397185395305e-06,1.086002773208545e-06,1.7803004201542203e-12,1000.3291526119037,0.7562310091576373,21.95758,3.9187296690982025,88.49166159819198,21.95758,3918729.6690982026
1008182.2111804296,5.0100920569915195e-06,1.0392006953272556e-06,2.9046246938008296e-06,6.127084896474611e-07,8.518598157688574e-06,6.319107228576327e-07,2.3074937541673717e-05,4.770177830799722e-07,5.730833439136168e-05,6.993210769610509e-07,5.946150675431383e-06,7.525778717791271e-07,2.513869569173459e-12,1481.5240780936315,0.49114085315636047,21.00157,1.8177888195704066,95.14306211045873,21.00157,1817788.8195704066
0.4772645555282977,1.7546123156786047e-05,1.1729759583713505e-06,1.2688806604808595e-05,7.464206198681983e-07,5.5283651930651255e-06,1.0910856859828306e-06,3.118322582462934e-05,6.521487844775628e-07,3.554178852458544e-05,9.14439429376927e-07,5.809160297625388e-06,8.327771324491372e-07,1.1273629819523463e-12,275.6701481909454,0.5962401217734827,26.57105,6.938102778868091,79.4710191681217,26.57105,6938102.77886809
1008735.2447632097,5.336383056096081e-06,6.152454735133346e-07,1.1136099002697638e-05,5.11001829900411e-07,5.063363146399439e-06,1.5297864021011914e-06,3.8250687016674576e-05,4.236970462126779e-07,5.073431762233606e-05,6.796644939286755e-07,6.611474644082042e-06,6.309027965492678e-07,3.2683109349659237e-12,1053.8552554931366,0.584481716766619,18.6776,1.2647552367902473,95.72347473011523,18.6776,1264755.2367902473
0.45719570967756923,2.233721412025924e-05,1.573153405367646e-06,2.8170904056633254e-06,1.3749962676175386e-06,6.32882488173915e-06,1.0069445651916544e-06,2.8994985780203984e-05,4.2702672492599437e-07,7.777880403587086e-05,9.026064835684558e-07,3.755196759742191e-06,1.5093177419404323e-06,2.544395094859439e-12,243.40085598953502,0.4041506090830675,32.9169,5.83710161289723,85.60881965347538,32.9169,5837101.61289723
1008128.4218806596,1.5649825651299607e-05,9.085153384968329e-07,8.53241349426091e-06,1.3703210484987577e-06,1.3327315862318283e-05,6.669938766476421e-07,6.578302625255309e-05,4.071881557460921e-07,3.07179847856041e-05,1.7999408549834356e-06,4.108290452777147e-06,1.451543162667716e-06,4.1656670783892585e-12,1016.3346744932653,0.47908091445110307,16.8278,1.871578119340378,96.27437394826586,16.8278,1871578.119340378
1005246.2295364528,1.3260045453112518e-05,8.206323099364983e-07,4.156579800121933e-06,1.8389601733505805e-06,4.633635681496058e-06,1.9771733249723986e-06,6.020648274481122e-05,6.74818228697911e-07,4.700193386649684e-05,5.163487725445004e-07,2.7498278069769134e-06,5.717494506735435e-07,1.949648295779442e-12,1389.879030876033,0.7084654411889848,36.12049,4.75377046354724,88.1251706936335,36.12049,4753770.46354724
0.27907149082701965,1.9599247766476718e-05,8.301787789986409e-07,1.3551171666463426e-05,5.803055588504591e-07,6.333747568135248e-06,1.4166214458800483e-06,6.186911135266121e-05,6.375634651548932e-07,3.572499472067654e-05,1.8957019662896483e-06,7.672619560836468e-06,7.119674518526371e-07,2.2137150792145773e-12,477.4304560964256,0.7841605990187237,42.83231,9.987447366919215,63.51636595076983,42.83231,9987447.366919214
1008181.2385503987,8.130566603794523e-06,9.208000996916144e-07,6.046835573396067e-06,5.410818589465893e-07,1.383441834297278e-05,1.7215648086754363e-06,5.3631436075645146e-05,3.9962365515946824e-07,7.396124738677423e-05,5.21228863254495e-07,3.411275620493987e-06,9.160424308729332e-07,4.384576529487307e-12,314.23844634788884,0.4765529943779172,23.00827,1.8187614496012183,93.20295597513051,23.00827,1818761.4496012183
1007237.7054868849,1.5443084663459597e-05,1.7265091725854198e-06,8.886007356724306e-06,9.234368702055379e-07,1.0395354145033257e-05,1.7959238407447754e-06,4.226582928552569e-05,4.347898647666533e-07,3.70666350360276e-05,7.027206407885193e-07,3.058962396650343e-06,5.310030748978704e-07,3.7388997262639235e-12,860.544603426641,0.6475878572890814,34.0687,2.7622945131150973,88.79178257286722,34.0687,2762294.5131150973
0.4843604733670982,1.4241407580656911e-05,8.646227680477046e-07,9.007803312127796e-06,5.41681108324571e-07,5.8834709252789415e-06,1.0160757680386532e-06,4.411584315017782e-05,5.774230439080777e-07,5.0845943201173176e-05,7.375626846224386e-07,7.2736814065888844e-06,1.8720302456303936e-06,1.304996454458301e-12,1409.4405680073703,0.5192681067422881,24.50075,7.275356065316072,89.53984340195332,24.50075,7275356.065316072
0.4872111981130938,3.0835585089420325e-05,8.2168318880723e-07,5.799670982072242e-06,1.140549659829009e-06,5.316682929751076e-06,5.840630246724742e-07,6.23545771704119e-05,6.225996325844846e-07,3.4289141621760885e-05,1.5638358576789864e-06,4.503946175524493e-06,5.460085374492177e-07,2.313355404631766e-12,258.5089249346408,0.5320469911926431,25.3335,6.911502075476246,81.25981747984206,25.3335,6911502.075476246
1007129.1179558911,9.533144595109606e-06,1.1841037945040446e-06,4.316125771794731e-06,5.00479728970527e-07,6.479027270250449e-06,1.520727800618846e-06,2.6830521856966456e-05,4.964052092152909e-07,3.687370045997593e-05,9.454753301330372e-07,6.524271380583914e-06,1.1216929677955172e-06,2.8792184550654087e-12,1345.7430236525397,0.5704116972716564,29.47673,2.8708820441089027,89.99107926083167,29.47673,2870882.0441089026
1005407.4428147104,7.365156430900859e-06,5.870619713577785e-07,3.952084906262486e-06,1.9588757930601293e-06,5.864526370412089e-06,1.1088819600171722e-06,5.137829244907005e-05,6.289572568482278e-07,7.770830579039796e-05,1.0736310307144273e-06,3.861461312469668e-06,1.0037617636599038e-06,4.439989473862451e-12,291.16883896302954,0.6252115902392292,38.0388,4.592557185289577,84.94107887001711,38.0388,4592557.185289577
0.36715657500000004,1.887519458005893e-05,5.302741452680534e-07,1.0618424271689743e-05,5.926476021599785e-07,9.253731208526463e-06,6.798186262775732e-07,2.700731152434034e-05,3.997047797338898e-07,4.250451482213814e-05,1.3465777781990655e-06,5.79967969242328e-06,5.008806976661983e-07,3.711986271700894e-12,870.3123964960421,0.5262613706267123,31.04579,12.183767876376866,82.14932371056737,31.04579,12183767.876376865
1006596.7565363029,5.003366824435205e-06,1.6531455332952827e-06,2.802023272560507e-06,7.996673902569368e-07,1.5826623822369043e-05,6.534033473806621e-07,4.104813131825215e-05,3.9177526411865545e-07,6.736234651496005e-05,5.220765312886534e-07,2.6908638422153224e-06,7.518968449355653e-07,1.7672993832947458e-12,805.407066815197,0.785243384665183,32.75615,3.4032434636971742,89.49512182602442,32.75615,3403243.463697174
0.38968518944344643,6.062260477272359e-06,8.406428630546511e-07,2.2334821790186895e-06,1.4096599791735389e-06,1.1461440934587073e-05,5.669261765876855e-07,3.0113433910101888e-05,5.666940610002607e-07,4.459236711736455e-05,6.503938540195198e-07,3.8144955116169136e-06,1.4833104478915692e-06,1.8246903977943352e-12,1340.2133417361538,0.5344171766066973,30.98822,9.11612642226214,85.58725758088573,30.98822,9116126.42226214
1004729.7219869996,1.6549187516302497e-05,1.2689945800161488e-06,8.877863159205882e-06,1.1377875847808094e-06,1.5294018727338548e-05,1.1117070357336297e-06,4.182917596395937e-05,3.842024272693995e-07,3.6457079221380446e-05,1.2487880085657612e-06,2.263147855293507e-06,5.054266507892044e-07,1.0186286344747112e-12,604.5455261574357,0.7791682277548407,41.42124,21.356629886308042,55.270278013000436,41.42124,21356629.88630804
1060000.0,1.7318775500705508e-05,6.63429437667119e-07,2.777212646948035e-06,1.5923472063123647e-06,1.870038396220505e-05,1.0844768579569738e-06,5.391836926657772e-05,6.718724796080792e-07,7.318383051920554e-05,8.300560364057935e-07,4.4035393493690605e-06,1.769763685382362e-06,1.1772935807863135e-12,749.333781814934,0.46147929716956293,-11.4388,0.0,0.0,-11.4388,0.0
1008663.2417509098,1.7087894853302383e-05,6.666823438779103e-07,2.6544444064295244e-06,1.4387464250871733e-06,6.2717124119628925e-06,8.156537542440616e-07,7.586534297089767e-05,3.723053020818266e-07,6.69492131517273e-05,1.6462800469155182e-06,7.346076265154452e-06,5.294980029594457e-07,1.0875763648096704e-12,1489.6341195322339,0.4852789565265193,1.657516,1.3367582490901195,144.90043725228864,1.657516,1336758.2490901195
0.43771194902585653,3.070229080063e-05,5.532807108640721e-07,1.299836105568666e-05,9.945069855311756e-07,9.268882714711232e-06,8.108534652965567e-07,2.4776957510746904e-05,5.152265524376664e-07,4.233358276974279e-05,8.569718412166153e-07,2.372861283055697e-06,1.3022549329763277e-06,4.231401530784192e-12,1476.133933929406,0.7620461655095635,29.80303,7.550613038965738,87.75535112311393,29.80303,7550613.038965738
0.387725775,2.579300159698138e-05,1.3960135237996987e-06,8.546476582120896e-06,1.2305754226372133e-06,1.7494867650687905e-05,1.9852967393038036e-06,4.543543834477709e-05,6.985444938547899e-07,7.394153735333947e-05,9.066718901221556e-07,4.403475074540708e-06,5.690411148837097e-07,1.1939983417265026e-12,920.677499183328,0.4192265147908401,28.30323,10.077200873430257,84.56112553909912,28.30323,10077200.873430258
0.29232705,1.904827535967958e-05,1.0600151063969126e-06,1.2243351214829527e-05,1.2608973688599088e-06,4.944883398423665e-06,1.262557697611756e-06,4.891034301238399e-05,4.32584914111201e-07,5.130482122556374e-05,1.610504314920414e-06,8.879564371760615e-06,6.558028685439414e-07,1.3405690140708318e-12,664.3304017099101,0.7499266557262539,41.02306,11.76238756925945,68.88728803125093,41.02306,11762387.56925945
0.4957935385789274,1.4378421873103392e-05,9.935350061253505e-07,8.543523707509658e-06,6.034541570348154e-07,7.98089600775676e-06,6.161215210438309e-07,2.3457417849109008e-05,4.518140211082729e-07,5.012394312108074e-05,1.1487507456967183e-06,4.885830898553546e-06,1.296882666159058e-06,3.090705067815029e-12,1495.3757092370774,0.7261833641095623,29.22167,5.401757456842905,88.26207055938241,29.22167,5401757.456842905
0.32367239999999997,2.9028205337499815e-05,1.696952639953451e-06,8.259984776678718e-06,1.2029125148776056e-06,1.0022510792176083e-05,8.760728177763536e-07,4.2726936108551505e-05,7.791241164205679e-07,3.2912152985338095e-05,8.052785696357045e-07,2.3082130157682158e-06,6.079242709123086e-07,1.0819739655818483e-12,482.29806222311015,0.5688770115550928,36.84368,18.271665545400438,62.94741886609163,36.84368,18271665.545400437
0.373533375,1.4707991932235843e-05,8.765427873725983e-07,3.4743321629677295e-06,5.769176250814255e-07,1.2124837362581981e-05,1.0819208282533672e-06,2.0372996370674017e-05,4.4133770575252513e-07,6.031399825436436e-05,8.791246160860604e-07,2.141593400688303e-06,1.0586536678824646e-06,1.1289795345561925e-12,994.5402327882655,0.7628146860069241,30.19555,14.699953501164487,77.67586813914293,30.19555,14699953.501164487
1006681.9022754871,8.526130849229378e-06,1.5250797524021588e-06,6.079926049644446e-06,6.9359796170914e-07,7.925357472110043e-06,7.853276324317968e-07,2.9505397567147436e-05,7.241677710572848e-07,2.0844607843739578e-05,8.753186097951605e-07,5.1743696626516345e-06,1.5401918509690664e-06,3.291389581290677e-12,1277.2246851122839,0.7646888598844477,36.27021,3.3180977245128958,83.4642153292987,36.27021,3318097.7245128956
1006800.4754656181,5.37447050216099e-06,1.5750433604113966e-06,8.069458278069454e-06,9.417833051282101e-07,6.919034450678643e-06,9.102891497393087e-07,4.331911316852784e-05,6.217191829057865e-07,4.841171778325243e-05,1.7765830369728713e-06,3.503823447782716e-06,1.2377521709494534e-06,2.190162690442747e-12,384.1574601151434,0.7931208052461732,37.07595,3.199524534381979,82.20135817451683,37.07595,3199524.534381979
1006449.5578483596,5.882584742291268e-06,6.096910808720798e-07,6.956612552046613e-06,5.112682719265066e-07,1.0854997018722058e-05,9.386126275039281e-07,6.583201691107316e-05,6.052049636314929e-07,7.039154306159272e-05,6.409497595938923e-07,7.829553353171722e-06,1.2736473263994014e-06,2.7436241520607577e-12,573.9511988340405,0.5624945543788352,21.73662,3.5504421516404077,93.25449147131509,21.73662,3550442.1516404077
